20801	Cristiano Ronaldo	Portugal
158023	L. Messi	Argentina
190871	Neymar	Brazil
176580	L. Suárez	Uruguay
167495	M. Neuer	Germany
188545	R. Lewandowski	Poland
193080	De Gea	Spain
183277	E. Hazard	Belgium
182521	T. Kroos	Germany
167664	G. Higuaín	Argentina
155862	Sergio Ramos	Spain
192985	K. De Bruyne	Belgium
192119	T. Courtois	Belgium
184941	A. Sánchez	Chile
177003	L. Modrić	Croatia
173731	G. Bale	Wales
153079	S. Agüero	Argentina
138956	G. Chiellini	Italy
1179	G. Buffon	Italy
211110	P. Dybala	Argentina
200389	J. Oblak	Slovenia
194765	A. Griezmann	France
189509	Thiago	Spain
188567	P. Aubameyang	Gabon
184344	L. Bonucci	Italy
183907	J. Boateng	Germany
182493	D. Godín	Uruguay
178603	M. Hummels	Germany
176635	M. Özil	Germany
167948	H. Lloris	France
164240	Thiago Silva	Brazil
41236	Z. Ibrahimović	Sweden
9014	A. Robben	Netherlands
215914	N. Kanté	France
199556	M. Verratti	Italy
195864	P. Pogba	France
190460	C. Eriksen	Denmark
181872	A. Vidal	Chile
179813	E. Cavani	Uruguay
176676	Marcelo	Brazil
171877	M. Hamšík	Slovakia
168651	I. Rakitić	Croatia
168542	David Silva	Spain
162835	S. Handanovič	Slovenia
152729	Piqué	Spain
41	Iniesta	Spain
202126	H. Kane	England
198710	J. Rodríguez	Colombia
197781	Isco	Spain
197445	D. Alaba	Austria
192505	R. Lukaku	Belgium
191043	Alex Sandro	Brazil
189596	T. Müller	Germany
189511	Sergio Busquets	Spain
189242	Coutinho	Brazil
188350	M. Reus	Germany
184087	T. Alderweireld	Belgium
179944	David Luiz	Brazil
179844	Diego Costa	Spain
178518	R. Nainggolan	Belgium
177610	Javi Martínez	Spain
175943	D. Mertens	Belgium
172879	Sokratis	Greece
168609	Miranda	Brazil
165153	K. Benzema	France
162895	Cesc Fàbregas	Spain
156616	F. Ribéry	France
120533	Pepe	Portugal
48940	P. Čech	Czech Republic
208418	Y. Carrasco	Belgium
201535	R. Varane	France
200145	Casemiro	Brazil
198219	L. Insigne	Italy
193301	A. Lacazette	France
193041	K. Navas	Costa Rica
192883	H. Mkhitaryan	Armenia
192593	D. Subašić	Croatia
192563	B. Leno	Germany
192448	M. ter Stegen	Germany
190547	K. Glik	Poland
189332	Jordi Alba	Spain
186942	I. Gündoğan	Germany
184432	Azpilicueta	Spain
183898	A. Di María	Argentina
180206	M. Pjanić	Bosnia Herzegovina
173210	C. Marchisio	Italy
172871	J. Vertonghen	Belgium
170890	B. Matuidi	France
167628	S. Ruffier	France
164169	Filipe Luís	Brazil
139720	V. Kompany	Belgium
137186	A. Barzagli	Italy
225508	E. Bailly	Ivory Coast
220834	Marco Asensio	Spain
218667	Bernardo Silva	Portugal
212218	A. Laporte	France
211117	D. Alli	England
208722	S. Mané	Senegal
204963	Carvajal	Spain
202166	J. Draxler	Germany
201399	M. Icardi	Argentina
201153	Morata	Spain
201024	K. Koulibaly	Senegal
200316	T. Horn	Germany
193747	Koke	Spain
192774	K. Manolas	Greece
192227	S. Mustafi	Germany
191740	Ander Herrera	Spain
189712	K. Strootman	Netherlands
189505	Pedro	Spain
189117	R. Bürki	Switzerland
184120	Bruno	Spain
181458	I. Perišić	Croatia
180930	E. Džeko	Bosnia Herzegovina
180403	Willian	Brazil
179846	S. Khedira	Germany
179783	R. Fährmann	Germany
178750	Sergio Asenjo	Spain
178088	Juan Mata	Spain
177509	M. Benatia	Morocco
177388	D. Payet	France
167397	Falcao	Colombia
165229	L. Koscielny	France
164468	G. Cahill	England
146530	Dani Alves	Brazil
143076	A. Gómez	Argentina
106231	Aduriz	Spain
231747	K. Mbappé	France
231443	O. Dembélé	France
220971	N. Keïta	Guinea
216460	J. Giménez	Uruguay
215316	G. Rulli	Argentina
213565	T. Lemar	France
212814	João Mário	Portugal
212190	N. Süle	Germany
210257	Ederson	Brazil
209499	Fabinho	Brazil
209331	M. Salah	Egypt
208596	A. Belotti	Italy
208448	E. Forsberg	Sweden
207865	Marquinhos	Brazil
207566	William Carvalho	Portugal
205600	S. Umtiti	France
204485	R. Mahrez	Algeria
203376	V. van Dijk	Netherlands
201942	Roberto Firmino	Brazil
200888	Danilo Pereira	Portugal
199715	Vitolo	Spain
199482	A. Lopes	Portugal
198176	S. de Vrij	Netherlands
198009	M. Perin	Italy
197061	J. Matip	Cameroon
193474	I. Gueye	Senegal
192629	Iago Aspas	Spain
192366	N. Otamendi	Argentina
191202	N. Matić	Serbia
191180	J. Pastore	Argentina
189513	Parejo	Spain
189358	S. Kagawa	Japan
189125	G. Bonaventura	Italy
189068	B. Dost	Netherlands
188377	K. Walker	England
188152	Oscar	Brazil
187936	S. N'Zonzi	France
186547	M. Musacchio	Argentina
185239	O. Toprak	Turkey
185020	José Callejón	Spain
184826	Adrien Silva	Portugal
184431	S. Giovinco	Italy
184144	N. Gaitán	Argentina
181783	M. Mandžukić	Croatia
180819	A. Lallana	England
179784	B. Höwedes	Germany
178562	E. Banega	Argentina
178005	Rui Patrício	Portugal
177683	Y. Sommer	Switzerland
177358	M. Schneiderlin	France
176769	Jonas	Brazil
176600	K. Gameiro	France
173771	L. Piszczek	Poland
170481	E. Garay	Argentina
167905	A. Valencia	Ecuador
163587	K. Schmeichel	Denmark
162240	M. Dembélé	Belgium
161956	Borja Valero	Spain
159147	L. Perrin	France
158963	L. Biglia	Argentina
146760	Juanfran	Spain
146748	Diego López	Spain
146562	Santi Cazorla	Spain
142754	J. Mascherano	Argentina
139869	W. Sneijder	Netherlands
139068	Nani	Portugal
53302	D. De Rossi	Italy
24630	José Reina	Spain
20775	Quaresma	Portugal
20289	Y. Touré	Ivory Coast
5479	Casillas	Spain
230621	G. Donnarumma	Italy
222492	L. Sané	Germany
219809	T. Bakayoko	France
219683	C. Tolisso	France
217699	I. Slimani	Algeria
216594	N. Fekir	France
216451	J. Seri	Ivory Coast
215785	K. Baldé Diao	Senegal
213331	J. Tah	Germany
212404	F. Bernardeschi	Italy
212188	T. Werner	Germany
211575	André Gomes	Portugal
211300	A. Martial	France
209658	L. Goretzka	Germany
208808	Q. Promes	Netherlands
208618	Lucas Vázquez	Spain
208421	Saúl	Spain
207863	Felipe	Brazil
207664	C. Bacca	Colombia
207471	F. Vázquez	Italy
207410	M. Kovačić	Croatia
206652	Sergio Rico	Spain
206545	Manu Trigueros	Spain
205452	A. Rüdiger	Germany
204970	F. Thauvin	France
204639	S. Savić	Montenegro
204525	Iñigo Martínez	Spain
204277	Roque Mesa	Spain
203551	A. Florenzi	Italy
203483	D. Klaassen	Netherlands
202857	K. Bellarabi	Germany
202652	R. Sterling	England
202651	Suso	Spain
202477	Deulofeu	Spain
202335	E. Dier	England
201862	M. Rojo	Argentina
200949	Lucas	Brazil
200104	H. Son	Korea Republic
199845	F. Acerbi	Italy
199503	G. Xhaka	Switzerland
198164	Jonathan Viera	Spain
197965	Pizzi	Portugal
195093	Willian José	Brazil
193698	O. Baumann	Germany
193532	G. Medel	Chile
193469	Víctor Ruíz	Spain
193348	X. Shaqiri	Switzerland
193082	J. Cuadrado	Colombia
192387	C. Immobile	Italy
190483	Douglas Costa	Brazil
190456	N. Clyne	England
189560	Iborra	Spain
188943	K. Trapp	Germany
188942	V. Wanyama	Kenya
188803	Taison	Brazil
187754	Marlos	Brazil
187072	L. Stindl	Germany
186627	M. Balotelli	Italy
186561	A. Ramsey	Wales
186153	W. Szczęsny	Poland
184484	G. Sigurðsson	Iceland
184267	Y. Brahimi	Algeria
184200	M. Arnautović	Austria
183711	J. Henderson	England
183574	M. Kruse	Germany
183497	O. Karnezis	Greece
183376	L. Fejsa	Serbia
182494	F. Muslera	Uruguay
181786	V. Ćorluka	Croatia
181291	G. Wijnaldum	Netherlands
179847	F. Fazio	Argentina
178509	O. Giroud	France
178372	B. Ivanović	Serbia
178224	J. Hernández	Mexico
177600	Beñat	Spain
177457	L. Bender	Germany
177413	A. Witsel	Belgium
174543	C. Bravo	Chile
172723	A. Begović	Bosnia Herzegovina
171919	Naldo	Brazil
171833	D. Sturridge	England
169595	D. Rose	England
169416	C. Vela	Mexico
168354	E. Viviano	Italy
167431	G. Castro	Germany
165239	S. Nasri	France
163824	A. Williams	Wales
163705	S. Mandanda	France
163631	L. Baines	England
163489	A. Consigli	Italy
162347	João Moutinho	Portugal
158121	B. Costil	France
157481	Raúl Albiol	Spain
150724	J. Hart	England
150418	M. Gómez	Germany
144622	Raffael	Brazil
143745	A. Turan	Turkey
135507	Fernandinho	Brazil
113422	David Villa	Spain
108080	S. Lichtsteiner	Switzerland
104389	R. Jarstein	Norway
230666	Gabriel Jesus	Brazil
227928	Nélson Semedo	Portugal
227055	Gelson Martins	Portugal
222737	Malcom	Brazil
222028	J. Weigl	Germany
220793	D. Sánchez	Colombia
216354	A. Kramarić	Croatia
216352	M. Brozović	Croatia
216201	Williams	Spain
216194	Dani García	Spain
213661	A. Christensen	Denmark
212622	J. Kimmich	Germany
211368	Bruma	Portugal
210935	D. Berardi	Italy
210896	M. Sanson	France
210008	A. Rabiot	France
209889	R. Guerreiro	Portugal
208830	J. Vardy	England
208670	H. Ziyech	Morocco
207599	M. Keane	England
205498	Jorginho	Italy
203747	Héctor Bellerín	Spain
203042	J. Butland	England
202685	S. Zaza	Italy
202371	T. Meunier	Belgium
201995	Felipe Anderson	Brazil
201400	Rafinha	Brazil
200724	Nacho Fernández	Spain
199987	J. Cillessen	Netherlands
199564	Sergi Roberto	Spain
199451	W. Ben Yedder	France
199354	Lucas Pérez	Spain
199189	R. Barkley	England
198951	C. Bakambu	DR Congo
198717	W. Zaha	Ivory Coast
198141	Bartra	Spain
197853	S. Aurier	Ivory Coast
197655	S. Coates	Uruguay
197242	G. Krychowiak	Poland
195365	K. Kampl	Slovenia
195086	D. Lovren	Croatia
194794	A. Yarmolenko	Ukraine
193738	Y. Belhanda	Morocco
193525	Mário Fernandes	Russia
193352	R. Rodríguez	Switzerland
193165	J. Corona	Mexico
192789	Mario Gaspar	Spain
192638	Marcos Alonso	Spain
192318	M. Götze	Germany
190941	L. Hrádecký	Finland
190584	Illarramendi	Spain
190149	De Marcos	Spain
189881	C. Smalling	England
189574	Iturraspe	Spain
189461	J. Wilshere	England
189251	S. Rudy	Germany
188988	M. Lanzini	Argentina
188388	R. Boudebouz	Algeria
188005	Camacho	Spain
187961	Paulinho	Brazil
185431	N. Kalinić	Croatia
184942	Giuliano	Brazil
184111	C. Benteke	Belgium
183900	D. Perotti	Argentina
183498	M. Parolo	Italy
183483	K. Mitroglou	Greece
183285	M. Sakho	France
183280	A. Rami	France
181820	S. Jovetić	Montenegro
180216	S. Coleman	Republic of Ireland
179645	S. Kjær	Denmark
178086	Adán	Spain
177326	M. Valbuena	France
173426	S. Mignolet	Belgium
173198	D. Astori	Italy
172175	K. Mirallas	Belgium
171579	Raúl García	Spain
166706	M. Škrtel	Slovakia
163264	T. Heaton	England
161648	H. Ben Arfa	France
158625	Dante	Brazil
153244	A. Gignac	France
146954	Gabi	Spain
142780	G. Rodríguez	Argentina
139997	D. Srna	Croatia
121944	B. Schweinsteiger	Germany
116494	C. Carrasso	France
110677	Moyá	Spain
54050	W. Rooney	England
53612	P. Mertesacker	Germany
49370	T. Motta	Italy
49369	Fernando Torres	Spain
9676	S. Eto'o	Cameroon
231677	M. Rashford	England
223848	S. Milinković-Savić	Serbia
216393	Y. Tielemans	Belgium
215792	Jemerson	Brazil
213296	N. Bentaleb	Algeria
212831	Alisson	Brazil
212462	Alex Telles	Brazil
212194	J. Brandt	Germany
211748	K. Demirbay	Germany
211320	D. Rugani	Italy
210617	Samu Castillejo	Spain
210406	P. Zieliński	Poland
210243	Ricardo Pereira	Portugal
210035	Grimaldo	Spain
209297	Fred	Brazil
208334	J. Hector	Germany
208333	E. Can	Germany
207993	S. Kolašinac	Bosnia Herzegovina
206585	Arrizabalaga	Spain
206467	A. Pléa	France
206413	T. Stepanenko	Ukraine
206273	O. Shatov	Russia
205976	Leo Baptistao	Brazil
205362	M. Nastasić	Serbia
205192	Denis Suárez	Spain
204529	M. Batshuayi	Belgium
204082	J. Brooks	United States
203888	Eric Botteghin	Brazil
203775	L. Karius	Germany
203486	T. Hazard	Belgium
203280	V. Germain	France
201510	L. Kurzawa	France
200647	J. Iličić	Slovenia
200610	K. Volland	Germany
199914	Allan	Brazil
199827	P. Hernández	Chile
199434	D. Tadić	Serbia
199110	L. Muriel	Colombia
198950	Pablo Sarabia	Spain
198784	A. Oxlade-Chamberlain	England
198118	J. Guilavogui	France
196934	O. Özyakup	Turkey
195861	Y. Rakitskyi	Ukraine
194879	Sergi Enrich	Spain
194404	Neto	Brazil
194229	Hugo Mallo	Spain
193886	D. Didavi	Germany
193361	R. Soriano	Italy
193130	A. Schürrle	Germany
193116	M. Gonalons	France
193061	R. Pereyra	Argentina
192641	K. Vogt	Germany
192492	F. Orellana	Chile
191687	Maicon	Brazil
190972	E. Salvio	Argentina
190815	D. Blind	Netherlands
190813	S. El Shaarawy	Italy
190717	M. Antonio	England
190264	Iago Falqué	Spain
189250	S. Rondón	Venezuela
189156	Daniel Carriço	Portugal
188802	M. Schmelzer	Germany
188253	J. McCarthy	Republic of Ireland
187735	A. Dzagoev	Russia
187688	Ganso	Brazil
187491	F. Smolov	Russia
186146	D. Welbeck	England
185221	Luiz Gustavo	Brazil
185132	Mikel San José	Spain
184392	M. Darmian	Italy
184190	R. Thomas	France
183909	I. Traoré	Guinea
182002	Sidnei	Brazil
178416	J. Lens	Netherlands
178311	Eder	Italy
177644	Kiko Casilla	Spain
177604	Nacho Monreal	Spain
177458	S. Bender	Germany
176930	M. Díaz	Chile
176915	A. Fernández	Argentina
176733	M. Berg	Sweden
176376	I. Piatti	Argentina
176104	V. Birsa	Slovenia
175379	Pedro León	Spain
173909	K. Boateng	Ghana
173521	Marcano	Spain
173432	H. Moreno	Mexico
173373	S. Romero	Argentina
173221	A. Candreva	Italy
173208	D. Criscito	Italy
172522	D. Wass	Denmark
172316	Coke	Spain
171897	A. Guardado	Mexico
170370	J. dos Santos	Mexico
170368	E. Lamela	Argentina
169705	R. Bertrand	England
169195	Renato Augusto	Brazil
168530	Jardel	Brazil
167553	V. Denisov	Uzbekistan
167514	D. Basta	Serbia
165536	G. Cabral	Argentina
165526	G. Paletta	Italy
164859	T. Walcott	England
164835	L. Fabiański	Poland
163155	B. Foster	England
162369	V. Ibišević	Bosnia Herzegovina
162329	K. El Ahmadi	Morocco
158232	S. Kalou	Ivory Coast
157960	Manuel Fernandes	Portugal
156713	A. Granqvist	Sweden
150516	L. Podolski	Germany
146460	Javi Fuego	Spain
143587	F. Belluschi	Argentina
140293	A. Mirante	Italy
139968	V. Enyeama	Nigeria
139668	F. Marchetti	Italy
138449	Kaká	Brazil
138412	J. Milner	England
134744	A. Hutchinson	Canada
124635	M. Topal	Turkey
112316	J. Mathieu	France
111661	C. Kameni	Cameroon
53914	P. Jagielka	England
52091	P. Evra	France
50542	J. Defoe	England
48717	Júlio César	Brazil
21146	M. Carrick	England
230977	M. Almirón	Paraguay
230142	Oyarzabal	Spain
227476	Soares	Brazil
225647	M. Campaña	Uruguay
225018	F. Andone	Romania
224334	M. Acuña	Argentina
221660	V. Lindelöf	Sweden
221130	Y. Cardinale	France
220440	C. Lenglet	France
218339	M. Dahoud	Germany
216150	D. Zappacosta	Italy
215466	N. Maksimović	Serbia
215259	E. Rigoni	Argentina
215057	I. Marcone	Argentina
215051	L. López	Argentina
214997	A. Correa	Argentina
213345	K. Coman	France
213150	S. Kritsyuk	Russia
212886	W. Cyprien	France
212602	Diego Llorente	Spain
212523	Anderson Talisca	Brazil
212501	L. Dendoncker	Belgium
212150	M. Meyer	Germany
211688	Gayà	Spain
211381	S. Boufal	Morocco
211354	M. Benassi	Italy
211256	N. Tagliafico	Argentina
210864	E. Hysaj	Albania
210514	João Cancelo	Portugal
210413	A. Romagnoli	Italy
208777	Óliver Torres	Spain
208128	H. Çalhanoğlu	Turkey
208093	Gerard Moreno	Spain
207948	B. Traoré	Burkina Faso
207441	L. Vietto	Argentina
207439	L. Paredes	Argentina
206511	M. Arnold	Germany
206113	S. Gnabry	Germany
205988	L. Shaw	England
205678	E. Višća	Bosnia Herzegovina
205525	Bernard	Brazil
205407	D. Baselli	Italy
205175	A. Milik	Poland
205069	Bernat	Spain
204638	W. Orban	Germany
204523	Rubén Pardo	Spain
204311	K. Zouma	France
204024	C. Kramer	Germany
203890	S. Vrsaljko	Croatia
203757	Zé Luís	Cape Verde
203574	J. Stones	England
202849	J. Vestergaard	Denmark
202642	Fernando	Brazil
202556	M. Depay	Netherlands
201988	F. Fernández	Argentina
201956	S. Sané	Senegal
201858	N. Sansone	Italy
201533	P. Ntep	France
201454	F. Ghoulam	Algeria
201377	J. Murillo	Colombia
201305	Gabriel Paulista	Brazil
201262	V. Darida	Czech Republic
201118	Cédric	Portugal
201049	L. Tonelli	Italy
201046	R. Saponara	Italy
201042	D. Sidibé	France
200641	Y. Konoplyanka	Ukraine
200458	L. Digne	France
200454	Paco Alcácer	Spain
199977	Vicente Gómez	Spain
199952	E. Çolak	Turkey
199852	N. Jørgensen	Denmark
199576	Oriol Romeu	Spain
199561	Nolito	Spain
199550	B. Martins Indi	Netherlands
198683	M. Gabbiadini	Italy
198077	P. Herrmann	Germany
197948	F. Lejeune	France
195363	J. Bruma	Netherlands
194957	P. Jones	England
194911	Adrián	Spain
194174	Keko	Spain
193887	H. Pérez	Paraguay
193171	Jaume Costa	Spain
193105	A. Areola	France
192679	Escudero	Spain
192565	Y. Mallı	Turkey
192086	A. Kokorin	Russia
191210	S. Corchia	France
190875	J. Kucka	Slovakia
190778	J. Zoet	Netherlands
190544	A. Ljajić	Serbia
190286	Canales	Spain
190243	M. Hitz	Switzerland
190223	Balenziaga	Spain
189963	W. Bony	Ivory Coast
189433	B. Hübner	Germany
189271	F. Coquelin	France
189169	Jonathas	Brazil
188955	G. Bou	Argentina
188524	V. Babacan	Turkey
188428	S. Doumbia	Ivory Coast
187457	C. Noboa	Ecuador
187347	I. Smolnikov	Russia
187324	Maurício	Brazil
186307	M. Fabián	Mexico
186148	R. Zieler	Germany
186132	D. Drinkwater	England
185103	A. Kolarov	Serbia
184949	Mariano	Brazil
184881	S. Feghouli	Algeria
184477	K. Papadopoulos	Greece
184069	S. Wagner	Germany
183899	P. Piatti	Argentina
183893	C. Yacob	Argentina
183855	A. Ogbonna	Italy
183666	Roberto	Spain
183108	N. Amrabat	Morocco
181402	W. Vainqueur	France
180334	Marcelo	Brazil
178424	Antunes	Portugal
177723	Fabricio	Spain
177578	S. Prödl	Austria
177519	S. Tasci	Germany
177159	F. Johnson	United States
176993	Bojan	Spain
176944	M. Fellaini	Belgium
176731	P. Wernbloom	Sweden
176571	A. Ayew	Ghana
176550	D. Ospina	Colombia
176285	W. Reid	New Zealand
176266	Lucas Leiva	Brazil
173474	Z. Junuzović	Austria
173306	C. Ansaldi	Argentina
172962	V. Moses	Nigeria
172290	D. Zurutuza	France
172114	D. Valeri	Argentina
171791	José Fonte	Portugal
170797	N. Şahin	Turkey
170733	Gervinho	Ivory Coast
170369	G. dos Santos	Mexico
169596	R. Shawcross	England
169588	J. Evans	Northern Ireland
168435	S. Sirigu	Italy
168320	A. Gyan	Ghana
167943	Y. Cabaye	France
166072	Danilo	Brazil
165501	N. Pareja	Argentina
165109	S. Radu	Romania
160741	D. Abraham	Argentina
159240	M. Krohn-Dehli	Denmark
159171	Jurado	Spain
159145	B. Gomis	France
156519	H. Herrera	Mexico
148711	Luisão	Brazil
148122	V. Berezutskiy	Russia
148119	I. Akinfeev	Russia
147782	I. Denisov	Russia
147621	A. Samedov	Russia
146482	Xabi Prieto	Spain
146439	Negredo	Spain
142902	A. Pyatov	Ukraine
142784	P. Zabaleta	Argentina
140233	G. Ochoa	Mexico
139062	W. Caballero	Argentina
137809	Vágner Love	Brazil
137677	M. Vorm	Netherlands
137351	D. Baier	Germany
135451	Gomes	Brazil
121933	R. Adler	Germany
49031	S. Sorrentino	Italy
8473	T. Rosický	Czech Republic
7763	A. Pirlo	Italy
6826	G. Barry	England
80	E. Belözoğlu	Turkey
229909	A. Lunev	Russia
228941	André Silva	Portugal
228687	K. Dolberg	Denmark
227950	Yeray	Spain
227796	C. Pulisic	United States
227234	L. Tousart	France
226753	A. Onana	Cameroon
225199	V. Koziello	France
225028	N. Radoja	Serbia
223874	V. Rongier	France
223627	O. Al Soma	Syria
223061	F. Cervi	Argentina
223033	Jorge Meré	Spain
222943	Jony	Spain
222558	R. Karsdorp	Netherlands
222509	Dani Ceballos	Spain
221992	H. Lozano	Mexico
221540	Raúl	Brazil
221087	Pau López	Spain
219985	M. Vecino	Uruguay
219932	A. Sanabria	Paraguay
219576	R. Battaglia	Argentina
219411	J. Izquierdo	Colombia
217877	T. Bongonda	Belgium
216778	Rúben Semedo	Portugal
216547	Rafa	Portugal
216475	Morales	Spain
216189	Capa	Spain
216065	M. Sportiello	Italy
215333	D. Zapata	Colombia
215061	D. Benedetto	Argentina
213582	A. Ruiz	Argentina
213400	D. Laxalt	Uruguay
213135	D. Origi	Belgium
212977	N. Stark	Germany
212911	Hernâni	Portugal
212230	Iuri Medeiros	Portugal
212198	Bruno Fernandes	Portugal
212153	R. Gagliardini	Italy
211119	Pedro Santos	Portugal
210930	Carles Gil	Spain
210679	Paulo Oliveira	Portugal
210333	A. Szymanowski	Argentina
210282	Bruno Peres	Brazil
209997	K. Wimmer	Austria
209307	Tiago Volpi	Brazil
208574	F. Kostić	Serbia
208230	A. Samaris	Greece
208135	A. Doucouré	France
207939	G. Pizarro	Argentina
207877	J. Martínez	Venezuela
207862	M. Ginter	Germany
207494	J. Lingard	England
206591	M. Weiser	Germany
206225	D. Cheryshev	Russia
206222	Bigas	Spain
206198	D. Heintz	Germany
205923	B. Davies	Wales
205633	L. Castro	Argentina
205569	J. Ward-Prowse	England
205114	T. Inui	Japan
204923	M. Sabitzer	Austria
204884	B. Mendy	France
204838	R. Jiménez	Mexico
204819	E. Sala	Argentina
204240	B. Reynet	France
204077	M. Niang	France
203980	K. Fortounis	Greece
203895	Pozuelo	Spain
203627	Joãozinho	Brazil
203605	P. Kadeřábek	Czech Republic
203535	T. Vilhena	Netherlands
203362	M. Elyounoussi	Norway
203106	L. Bittencourt	Germany
202648	Sergi Darder	Spain
202325	D. Demme	Germany
201878	V. Eysseric	France
201508	G. Ramírez	Uruguay
201505	David López	Spain
201325	C. Tătăruşanu	Romania
201144	M. Badelj	Croatia
201143	A. Mandi	Algeria
201119	Ismaily	Brazil
201095	A. Marchesín	Argentina
201013	L. Teodorczyk	Poland
200798	Marafona	Portugal
200726	B. Lecomte	France
200529	N. Chadli	Belgium
200215	S. Rode	Germany
199767	M. van Ginkel	Netherlands
199626	André André	Portugal
199602	J. Guidetti	Sweden
199304	Danilo	Brazil
199069	V. Aboubakar	Cameroon
199042	C. Aránguiz	Chile
198614	Raúl Navas	Spain
198584	K. Mbodj	Senegal
198329	Rodrigo	Spain
198140	R. Funes Mori	Argentina
198113	M. Höger	Germany
197225	N. Lodeiro	Uruguay
197083	D. Caligiuri	Italy
196889	S. Verdi	Italy
196432	E. Pérez	Argentina
196150	T. Gutiérrez	Colombia
195671	C. Austin	England
189296	E. Berisha	Albania
163186	G. Gillet	Belgium
142707	L. López	Argentina
194932	A. Townsend	England
206198	D. Heintz	Germany
203895	Pozuelo	Spain
157304	T. Vermaelen	Belgium
168312	I. Abate	Italy
134779	J. Briand	France
204923	M. Sabitzer	Austria
216189	Capa	Spain
112253	J. Toulalan	France
138110	Bruno Alves	Portugal
16254	T. Howard	United States
142721	M. Barovero	Argentina
199042	C. Aránguiz	Chile
223874	V. Rongier	France
45186	Joaquín	Spain
207494	J. Lingard	England
168326	S. Bocchetti	Italy
201095	A. Marchesín	Argentina
189575	Muniain	Spain
199304	Danilo	Brazil
158856	C. Gentner	Germany
223627	O. Al Soma	Syria
165517	F. Gago	Argentina
206222	Bigas	Spain
213135	D. Origi	Belgium
206225	D. Cheryshev	Russia
7826	R. van Persie	Netherlands
178322	M. Layún	Mexico
201878	V. Eysseric	France
202648	Sergi Darder	Spain
213400	D. Laxalt	Uruguay
209307	Tiago Volpi	Brazil
216475	Morales	Spain
199069	V. Aboubakar	Cameroon
210333	A. Szymanowski	Argentina
188829	N. Nkoulou	Cameroon
112542	S. Ignashevich	Russia
201119	Ismaily	Brazil
221087	Pau López	Spain
168607	Rafinha	Brazil
227234	L. Tousart	France
13732	J. Terry	England
152996	P. Skjelbred	Norway
158372	I. Afellay	Netherlands
163492	N. Lombaerts	Belgium
178085	Granero	Spain
189606	J. Baumgartlinger	Austria
152999	R. Palacio	Argentina
188840	Miguel Lopes	Portugal
189354	Susaeta	Spain
153260	Hilton	Brazil
187052	Y. M'Vila	France
211119	Pedro Santos	Portugal
212911	Hernâni	Portugal
225199	V. Koziello	France
199602	J. Guidetti	Sweden
194996	Borja Bastón	Spain
158133	J. Farfán	Peru
186805	J. Montero	Ecuador
201143	A. Mandi	Algeria
198584	K. Mbodj	Senegal
201144	M. Badelj	Croatia
219576	R. Battaglia	Argentina
165560	M. Ruben	Argentina
123576	M. Borriello	Italy
198329	Rodrigo	Spain
212153	R. Gagliardini	Italy
2492	Eliseu	Portugal
208574	F. Kostić	Serbia
226753	A. Onana	Cameroon
178625	Mosquera	Spain
188103	Rochina	Spain
199626	André André	Portugal
216778	Rúben Semedo	Portugal
138699	B. Džemaili	Switzerland
203980	K. Fortounis	Greece
147660	S. Ryzhikov	Russia
188879	A. N'Diaye	Senegal
204240	B. Reynet	France
153296	Y. Gourcuff	France
186832	K. Asamoah	Ghana
183249	R. Bobadilla	Paraguay
192722	R. Hamouma	France
227796	C. Pulisic	United States
174549	M. Fernández	Chile
186581	K. Honda	Japan
198614	Raúl Navas	Spain
187607	A. Dzyuba	Russia
124375	B. Yılmaz	Turkey
182744	J. Holebas	Greece
192984	K. Casteels	Belgium
161754	Javi García	Spain
197083	D. Caligiuri	Italy
192476	Fontàs	Spain
169181	K. Vermeer	Netherlands
222943	Jony	Spain
192991	C. Tosun	Turkey
198113	M. Höger	Germany
157665	S. Dann	England
216547	Rafa	Portugal
189157	Y. Bolasie	DR Congo
212198	Bruno Fernandes	Portugal
187366	D. Glushakov	Russia
188135	Juanfran	Spain
186345	K. Trippier	England
169706	J. Cork	England
180714	Guilherme	Russia
176619	A. Ramos	Colombia
155887	M. Bradley	United States
189423	Souza	Brazil
178160	T. Mangani	France
212977	N. Stark	Germany
189681	Rafael	Brazil
210930	Carles Gil	Spain
164082	Adriano	Brazil
189682	B. Mee	England
207862	M. Ginter	Germany
210679	Paulo Oliveira	Portugal
155897	C. Dempsey	United States
198140	R. Funes Mori	Argentina
206591	M. Weiser	Germany
160000	H. Briceldo	Chile
185090	B. Moukandjo	Cameroon
197891	Juanmi	Spain
220932	L. Kalinić	Croatia
183556	N. Subotić	Serbia
200197	N. Blandi	Argentina
210950	P. De Blasis	Argentina
188166	M. Phillips	Scotland
193290	M. Braithwaite	Denmark
231691	A. Lafont	France
192012	D. Reyes	Mexico
146701	Iván Ramis	Spain
161805	V. Behrami	Switzerland
156432	G. Hoarau	France
52752	T. Barnetta	Switzerland
183569	E. Choupo-Moting	Cameroon
202515	Jesé	Spain
146963	J. Pinola	Argentina
205590	Luís Hernández	Spain
210455	Jonny	Spain
181271	B. Dočkal	Czech Republic
230168	Raphaelito Anjos	Brazil
184089	M. Carcela-González	Morocco
205850	L. Pavoletti	Italy
45595	D. Bonera	Italy
205340	Marcelo	Brazil
229148	Dalbert	Brazil
109852	G. McAuley	Northern Ireland
216349	A. Halilović	Croatia
225309	N. Amiri	Germany
185373	I. Popov	Bulgaria
139038	N. Burdisso	Argentina
149791	W. Hoolahan	Republic of Ireland
230431	Sidney Pessinho	Brazil
194079	A. Potuk	Turkey
198688	F. Pogba	Guinea
173857	M. Andújar	Argentina
232226	D. Boyko	Ukraine
203299	A. Carrillo	Peru
172835	M. Andreolli	Italy
200228	Bruno	Spain
212772	O. Duarte	Costa Rica
224293	Rúben Neves	Portugal
210214	Jozabed	Spain
215079	P. Pérez	Argentina
230183	Gazzolisco	Brazil
209960	Pacheco	Spain
160040	M. Gamonales	Chile
230184	Ronaldo Esler	Brazil
226601	Vitor Hugo	Brazil
190761	T. Arslan	Turkey
201519	J. Veretout	France
196143	D. Pabón	Colombia
200752	Juan Jesus	Brazil
207920	E. Durm	Germany
197681	G. Imbula	France
198706	Luis Alberto	Spain
189234	M. Risse	Germany
204341	Luís Neto	Portugal
176949	B. Ruíz	Costa Rica
198198	Jordi Amat	Spain
205878	S. Kapino	Greece
175671	J. Ďurica	Slovakia
198200	B. Stambouli	France
214584	F. Armani	Argentina
179768	C. Kaboré	Burkina Faso
181816	A. Rukavina	Serbia
225850	P. Kimpembe	France
198715	Sergio León	Spain
213051	M. Elneny	Egypt
214332	D. Torres	Colombia
194365	S. Okazaki	Japan
150590	C. Jallet	France
190014	Y. Salibur	France
198719	N. Redmond	England
157503	A. Song	Cameroon
208450	Andreas Pereira	Brazil
172610	Castán	Brazil
148803	K. Huntelaar	Netherlands
209989	T. Partey	Ghana
204614	Mário Rui	Portugal
193862	André Pinto	Portugal
179527	L. Rémy	France
221000	Badou Ndiaye	Senegal
186953	O. Kıvrak	Turkey
192073	A. Bertolacci	Italy
154954	A. Belenov	Russia
220746	A. Živković	Serbia
212811	M. Lemina	Gabon
114764	Iraizoz	Spain
179789	D. Da Silva	France
115533	D. Benaglio	Switzerland
191053	T. Rincón	Venezuela
191565	Y. Ōsako	Japan
192333	L. Sané	Senegal
193869	Gil	Brazil
185422	J. King	Norway
216655	Bastos	Angola
210513	J. Quintero	Colombia
121170	A. Meier	Germany
219732	G. Nkoudou	France
194644	Montoya	Spain
160087	L. Dalsaro	Chile
31831	K. Källström	Sweden
204120	T. Vaclík	Czech Republic
216409	M. Politano	Italy
153177	M. Zárate	Argentina
158810	G. İnler	Switzerland
183130	M. Albrighton	England
194138	A. Gray	England
207707	Marçal	Brazil
199005	M. Ryan	Australia
5213	A. Gamberini	Italy
185181	Yoel	Spain
216158	S. Widmer	Switzerland
192350	J. Aquino	Mexico
205408	S. Gentiletti	Argentina
182882	C. Sánchez	Colombia
183394	M. Sissoko	France
202851	G. Defrel	France
170597	T. Krul	Netherlands
142950	R. Martínez	Argentina
202087	J. Geis	Germany
148839	P. Verhaegh	Netherlands
165735	B. Jones	Australia
182888	H. Nordtveit	Norway
210537	R. Steffen	Switzerland
219754	Bruno Varela	Portugal
181098	M. Hasebe	Japan
210287	J. Córdoba	Colombia
172143	L. Schøne	Denmark
182896	R. Rosales	Venezuela
201073	N. De Préville	France
226161	Marcos Llorente	Spain
214132	Y. Chará	Colombia
216692	S. Torrico	Argentina
216437	Wallace	Brazil
198006	J. Toornstra	Netherlands
200054	Pedro Obiang	Spain
105846	A. Boruc	Poland
205943	V. Chiricheş	Romania
188536	S. Hanni	Algeria
164985	C. Théréau	France
213114	D. Rolán	Uruguay
219258	Pedro Henrique	Brazil
225402	Bruno Gaspar	Portugal
200315	Cristian Tello	Spain
230524	Formosandrinho	Brazil
205693	S. Haller	France
230269	Claudio Coíntra	Brazil
200318	M. Uth	Germany
201342	F. Sørensen	Denmark
53630	J. Van Damme	Belgium
140415	L. Britton	England
165247	I. Khune	South Africa
212096	V. Grifo	Italy
195202	T. Cairney	Scotland
217731	Sandro	Spain
183427	F. Delph	England
208004	J. Veltman	Netherlands
189060	A. Dragović	Austria
193158	D. Pröpper	Netherlands
204935	J. Pickford	England
169607	L. Cattermole	England
180359	Luisinho	Portugal
208008	Vitinho	Brazil
205705	Z. Feddal	Morocco
225161	Vallejo	Spain
188041	Rafael Carioca	Brazil
146059	David García	Spain
172684	Javi Varas	Spain
184716	J. Allen	Wales
205966	A. Younes	Germany
220814	L. Hernández	France
194958	A. Mooy	Australia
199823	Campaña	Spain
177553	Vieirinha	Portugal
216466	Wendell	Brazil
215699	Y. Sabaly	France
2196	R. Weidenfeller	Germany
210324	J. Hofmann	Germany
199829	Timor	Spain
184469	H. Arter	Republic of Ireland
229270	M. Lemos	Uruguay
230294	Louri Beretta	Brazil
175254	F. Caicedo	Ecuador
202135	S. Sturaro	Italy
226456	Pablo Fornals	Spain
199577	Sergi Gómez	Spain
194201	P. Jansson	Sweden
148123	A. Berezutskiy	Russia
228251	L. Pellegrini	Italy
169115	A. Masiello	Italy
189595	M. Ekici	Turkey
192667	A. Nyom	Cameroon
183966	F. Roncaglia	Argentina
160161	P. Hidalgado	Chile
177569	J. De Guzmán	Netherlands
182945	M. Gradel	Ivory Coast
158626	M. Debuchy	France
159906	C. Candero	Chile
183714	S. Terodde	Germany
201893	Recio	Spain
213160	R. Zobnin	Russia
171688	Fábio Coentrão	Portugal
204713	J. Campbell	Costa Rica
186537	C. Stuani	Uruguay
159914	A. Veznera	Chile
205995	J. Willems	Netherlands
152747	A. Lennon	England
159915	T. Lagardo	Chile
172203	F. Forster	England
178091	S. Okaka	Italy
226221	Aritz Elustondo	Spain
210862	Ricardo Ferreira	Portugal
136113	W. Morgan	Jamaica
207537	J. Lukaku	Belgium
216497	M. Philipp	Germany
163761	C. Davies	England
186801	C. Kouyaté	Senegal
193714	N. Pejčinović	Serbia
184501	M. Lang	Switzerland
202935	Álvaro	Spain
153275	J. Leca	France
198076	A. Abdennour	Tunisia
164029	Charles	Brazil
186302	E. Hernández	Mexico
196801	Mexer	Mozambique
149185	F. Magnanelli	Italy
214977	M. Kranevitter	Argentina
201922	M. Hinteregger	Austria
213955	S. Azmoun	Iran
221125	S. Driussi	Argentina
205510	C. Sánchez	Uruguay
216774	W. Hoedt	Netherlands
172233	P. Hetemaj	Finland
208330	A. Januzaj	Belgium
216266	K. Tete	Netherlands
224458	Diogo Jota	Portugal
192202	Bruno César	Brazil
187084	M. Diouf	Senegal
188876	M. Valdifiori	Italy
187598	Rafael Tolói	Brazil
189390	B. Oczipka	Germany
184271	Y. Sankharé	Senegal
198352	S. Bell	Germany
227536	M. Marega	Mali
190674	B. André	France
209620	A. Baba	Ghana
212692	Rony Lopes	Portugal
151508	S. Davis	Northern Ireland
230613	A. Diawara	Guinea
230360	Everticinho	Brazil
183256	H. Saivet	Senegal
183512	Yuri	Spain
202201	J. Gouweleeuw	Netherlands
203485	T. Kongolo	Netherlands
186589	I. Radovanović	Serbia
163806	Sergio	Spain
183518	Rui Fonte	Portugal
182495	M. Cáceres	Uruguay
206304	L. Milivojević	Serbia
189410	D. Latza	Germany
204259	S. Arias	Colombia
226790	O. Ndidi	Nigeria
173030	O. Trejo	Argentina
226537	V. Janssen	Netherlands
152554	G. Clichy	France
159978	C. Ruvios	Chile
210411	Otávio	Brazil
189165	J. Shelvey	England
201455	G. Kondogbia	France
178415	R. Vormer	Netherlands
186351	L. Fer	Netherlands
172018	J. Maidana	Argentina
199667	R. Funes Mori	Argentina
193011	S. Cook	England
183284	A. Chedjou	Cameroon
167669	F. Higuaín	Argentina
199158	Sergio Álvarez	Spain
188154	L. Holtby	Germany
188155	D. Janmaat	Netherlands
190971	O. Alonso	Cuba
168444	Ari	Brazil
234236	P. Schick	Czech Republic
220925	A. Schöpf	Austria
199422	J. Clasie	Netherlands
160766	J. Ménez	France
169214	S. Sinclair	England
201215	L. Krejčí	Czech Republic
203263	H. Maguire	England
219391	G. Escalante	Argentina
184575	R. Alessandrini	France
169216	S. Long	Republic of Ireland
204289	S. Berahino	England
161793	Agirretxe	Spain
177666	M. Harnik	Austria
177922	K. Grosicki	Poland
195586	A. Finnbogason	Iceland
229636	G. Pereiro	Uruguay
236295	Aarón Martín	Spain
160009	G. Morenda	Chile
176137	J. Vossen	Belgium
139274	B. Cesar	Slovenia
187659	D. Tarasov	Russia
213516	Ricardo Horta	Portugal
160012	C. Davilo	Chile
160013	R. Ahumera	Chile
200206	Alan Patrick	Brazil
205070	Portu	Spain
229391	Palhinha	Portugal
143632	V. Demirel	Turkey
216336	Y. Lodygin	Russia
229906	L. Bailey	Jamaica
45842	J. Olsson	Sweden
52498	M. Lehmann	Germany
184082	L. Koné	Ivory Coast
204307	J. Korb	Germany
195859	D. Ings	England
200469	L. Rupp	Germany
207894	T. Strobl	Germany
236311	M. Rog	Croatia
214040	F. Fabra	Colombia
192537	M. Lestienne	Belgium
230938	F. Kessié	Ivory Coast
186650	M. Alustiza	Argentina
210972	Manquillo	Spain
183580	N. Petersen	Germany
148253	R. Yanbaev	Russia
215069	R. Rey	Argentina
189725	T. Cleverley	England
138782	D. Fletcher	Scotland
226592	J. Jankto	Czech Republic
205601	C. Atsu	Ghana
160033	A. Dembal	Chile
195361	Javi López	Spain
179746	S. Vokes	Wales
185122	P. Gulácsi	Hungary
187939	A. Chahechouhe	Morocco
190756	Xandão	Brazil
178213	E. Capoue	France
190502	G. Sertic	France
223273	M. Pašalić	Croatia
184873	I. Traoré	Ivory Coast
189225	B. Fornaroli	Uruguay
224811	I. Ordets	Ukraine
189484	D. Santon	Italy
205869	Jairo	Spain
219693	Diego Carlos	Brazil
174381	C. Riveros	Paraguay
190765	P. Groß	Germany
137262	S. Kießling	Germany
138798	G. Lux	Argentina
196142	M. Torres	Colombia
152879	M. Noble	England
221743	Hélder Costa	Portugal
210736	Emerson	Italy
186672	G. Cameron	United States
197937	P. Djilobodji	Senegal
139313	C. Fuchs	Austria
227633	B. Ramselaar	Netherlands
183346	F. Frei	Switzerland
160051	A. Candales	Chile
207412	Renan Bressan	Belarus
166708	A. Kasaev	Russia
208949	N. Al Abed	Saudi Arabia
230453	David Seijalbo	Brazil
160310	Jesús Gámez	Spain
165174	E. Polański	Poland
212023	R. Berić	Slovenia
139064	L. Ponzio	Argentina
181560	M. Yanga-M'Biwa	France
190520	T. Jantschke	Germany
199737	Wilson Eduardo	Portugal
138810	A. Domínguez	Argentina
193338	M. Destro	Italy
206651	Roberto Torres	Spain
200765	M. Bešić	Bosnia Herzegovina
220477	M. Caldara	Italy
135742	Alexis	Spain
147006	Diego Castro	Spain
172862	N. Moisander	Finland
183870	A. Mounier	France
199487	Gálvez	Spain
215103	E. Puch	Chile
205632	L. Ocampos	Argentina
219712	S. Cristóforo	Uruguay
169792	J. Rodriguez	England
202562	J. Roussillon	France
200260	S. Berghuis	Netherlands
216388	A. Saint-Maximin	France
230212	Antônio Chiamuloira	Brazil
189508	Víctor Vázquez	Spain
224069	K. Toko-Ekambi	Cameroon
204102	Y. Ayoub	Morocco
154950	Y. Zhirkov	Russia
181318	A. Ekdal	Sweden
206407	João Pereira	Portugal
177481	L. Baal	France
226378	R. Ábila	Argentina
178250	P. Diop	Senegal
226379	M. Díaz	Argentina
183883	S. Tshabalala	South Africa
185163	L. Rossettini	Italy
202316	T. Chandler	United States
202828	F. Viviani	Italy
230988	F. Krovinović	Croatia
201549	N. Nikolić	Hungary
202061	J. Kurtić	Slovenia
214605	A. Mejía	Colombia
229453	Gil Dias	Portugal
204366	J. Locadia	Netherlands
219470	C. N'Doye	Senegal
159566	Abraham	Spain
232270	T. Fosu-Mensah	Netherlands
204367	B. van Leer	Netherlands
205391	S. Meïté	France
158543	O. Peralta	Mexico
163407	A. Raggi	Italy
170320	L. De Silvestri	Italy
230481	Ronaldo Cabrais	Brazil
186961	A. Paloschi	Italy
207444	J. Damm	Mexico
209236	Guilherme	Brazil
152916	R. Sambueza	Argentina
183892	G. Mercado	Argentina
186452	S. de Jong	Netherlands
158293	Zheng Zhi	China PR
186197	G. Kakuta	DR Congo
230230	Eltildo Correia	Brazil
212823	Gabriel	Brazil
166744	M. Kerzhakov	Russia
186200	F. Borini	Italy
186456	J. van der Heijden	Netherlands
183129	C. Clark	Republic of Ireland
201818	A. Musa	Nigeria
205402	J. Boëtius	Netherlands
230234	Everton Andrão	Brazil
173146	L. Cigarini	Italy
188506	R. Meggiorini	Italy
189018	Michel Macedo	Brazil
19292	J. Collins	Wales
188768	Serey Dié	Ivory Coast
47201	S. Proto	Belgium
188770	A. Mehmedi	Switzerland
171875	C. Erkin	Turkey
189795	Éder	Portugal
206436	Y. Benzia	Algeria
160101	A. Rolis	Chile
182629	Beto	Portugal
192613	C. Pantilimon	Romania
211302	G. Lapadula	Italy
230502	Dênildo Stein	Brazil
192358	S. Padt	Netherlands
179560	M. Sulejmani	Serbia
161644	M. Matip	Cameroon
178284	L. Nguyen	United States
228717	Y. Mutō	Japan
176237	J. Altidore	United States
189805	L. de Jong	Netherlands
203886	A. Trebel	France
226414	M. Coco	France
197231	K. Babacar	Senegal
230767	Renato Sanches	Portugal
190576	M. Caruzzo	Argentina
208498	M. Dabbur	Israel
230258	Rosberto Dourado	Brazil
165490	M. Izco	Argentina
171378	P. Aguilar	Mexico
224883	S. Mounié	Benin
189043	D. Brosinski	Germany
207732	Roger	Spain
224116	Dyego Sousa	Brazil
177525	N. Dirar	Morocco
142966	J. Dátolo	Argentina
209782	S. Larsson	Sweden
198264	B. Ketkeophomphone	France
146296	Andrés Fernández	Spain
225144	P. Tau	South Africa
177528	A. Matri	Italy
215930	T. Jedvaj	Croatia
192122	Bóveda	Spain
177019	F. Lustenberger	Switzerland
197756	J. Ayew	Ghana
137854	M. Storari	Italy
212350	L. Diony	France
160126	E. Codesto	Chile
110974	Riesgo	Spain
203903	L. Andersen	Denmark
225663	A. Golovin	Russia
230271	Laure Santeiro	Brazil
193152	Herrerín	Spain
183937	G. van der Wiel	Netherlands
216706	F. Mussis	Argentina
164994	J. Błaszczykowski	Poland
178051	L. Deaux	France
194947	J. Vuković	Serbia
201860	E. Bičakčić	Bosnia Herzegovina
202884	L. Spinazzola	Italy
203910	A. Knockaert	France
190854	P. Pekarík	Slovakia
220295	E. Valencia	Ecuador
182152	Koo Ja Cheol	Korea Republic
192904	G. Kashia	Georgia
168585	R. Vlaar	Netherlands
176009	S. Kums	Belgium
224394	Fábio Martins	Portugal
213899	E. Balanta	Colombia
193420	M. Schmiedebach	Germany
215181	G. Peruzzi	Argentina
188045	Maicón	Brazil
212878	N. Castillo	Chile
213134	L. Öztunali	Germany
221838	M. Jojić	Serbia
212623	Santi Mina	Spain
137361	G. Pazzini	Italy
160145	W. Mansila	Chile
161938	M. Boselli	Argentina
204691	M. Pereyra	Uruguay
183187	V. Stocker	Switzerland
216468	J. Añor	Venezuela
173204	L. Antonelli	Italy
190868	K. Théophile-Catherine	France
222357	B. Embolo	Switzerland
199574	A. Letellier	France
211862	A. Hahn	Germany
208535	A. Duncan	Ghana
210583	M. Stendera	Germany
182168	A. Ranocchia	Italy
187800	M. Isla	Chile
212889	Josué Sá	Portugal
225945	Thiago Maia	Brazil
186521	B. Espinosa	Colombia
165531	I. Sosa	Argentina
194203	N. Tomović	Serbia
201884	R. Brady	Republic of Ireland
212125	L. Marković	Serbia
182941	P. Aguilar	Paraguay
193440	N. Viergever	Netherlands
152993	R. Civelli	Argentina
182179	S. De Maio	France
134820	S. Brown	Scotland
152997	D. Cvitanich	Argentina
162981	J. Morrison	Scotland
223142	A. Sulu	Turkey
208295	R. Saïss	Morocco
184999	Maurício	Brazil
230312	Gabri Prestão	Brazil
234153	Carlos Soler	Spain
202410	Serantes	Spain
214955	E. Mas	Argentina
216749	Carlos Mané	Portugal
230317	Fred Aníbão	Brazil
220334	O. Romero	Paraguay
230318	Nelsildo Reis	Brazil
194222	Laguardia	Spain
207791	Y. Poulsen	Denmark
189615	A. Cresswell	England
223154	O. Tufan	Turkey
185010	M. Pazdan	Poland
219571	Camarasa	Spain
221363	D. van de Beek	Netherlands
211124	P. Hurtado	Peru
197813	J. Martin	France
198581	O. Murillo	Colombia
171189	Aythami Artiles	Spain
220854	E. Gutiérrez	Mexico
213432	F. Ferreyra	Argentina
178616	Adrián González	Spain
182713	M. Mavraj	Albania
158138	A. Hunt	Germany
211899	F. Niederlechner	Germany
205756	S. Denswil	Netherlands
193470	A. Souquet	France
124607	S. İnan	Turkey
193983	A. Delort	France
231361	J. Gnagnon	Ivory Coast
137410	D. Gastaldello	Italy
159938	R. Bistama	Chile
187075	D. Moreno	Colombia
210372	R. Ghezzal	Algeria
192708	Carlos Eduardo	Brazil
193476	R. Cabella	France
221639	Mariano	Dominican Republic
190919	F. Montero	Colombia
204233	C. Musonda	Belgium
146377	Cejudo	Spain
186569	S. Ulreich	Germany
209610	J. Vázquez	Mexico
135883	S. Francis	England
230347	Welington Dano	Brazil
233419	Raphinha	Brazil
162508	O. Kucher	Ukraine
198861	N. Mendy	France
203213	Rodrigo Moledo	Brazil
210126	H. Kiyotake	Japan
226766	Daniel Podence	Portugal
223695	E. Şen	Belgium
159952	L. Villasoel	Chile
199633	M. Lowton	England
3281	Tarantini	Portugal
210897	C. Mbemba	DR Congo
231633	I. Diop	France
159954	D. Labran	Chile
201939	C. Piccini	Italy
189908	L. Skorupski	Poland
192725	M. Le Marchand	France
199383	T. Klose	Switzerland
197081	A. Regattin	Morocco
229593	M. Pjaca	Croatia
5594	R. Vercoutre	France
212442	José Sá	Portugal
216796	F. Cartabia	Argentina
7647	D. Dainelli	Italy
199393	N. Pallois	France
159970	R. Lafrentz	Chile
228579	B. Henrichs	Germany
199652	D. Praet	Belgium
163301	J. Orozco	Mexico
158438	Gelson Fernandes	Switzerland
194022	André Almeida	Portugal
208615	C. Jullien	France
175847	Baiano	Brazil
208104	Matheus	Brazil
212456	A. Hurtado	Colombia
196073	E. Paredes	Chile
206058	M. De Sciglio	Italy
219626	J. Gómez	Argentina
173546	J. Tomkins	England
148203	Z. Karčemarskas	Lithuania
230379	Vieirundinho	Brazil
235243	M. de Ligt	Netherlands
202476	Javi Espinosa	Spain
208620	Omar Mascarell	Spain
214766	C. Izquierdoz	Argentina
188654	T. Heurtaux	France
199151	J. Iturbe	Paraguay
216816	G. Simeone	Argentina
179696	E. Insúa	Argentina
198129	C. Ortíz	Paraguay
179954	T. Kraft	Germany
199412	Sebá	Brazil
212212	D. Kohr	Germany
170231	M. Compper	Germany
198648	B. Natcho	Israel
199416	Ibai Gómez	Spain
187896	Wanderson	Brazil
189945	Y. Ravet	France
204538	R. Ruidíaz	Peru
193786	F. Bardi	Italy
222715	Otávio	Brazil
172283	Carlos Martínez	Spain
156412	J. Corona	Mexico
187132	C. Zambrano	Peru
197117	I. Fetfatzidis	Greece
202493	Aleix Vidal	Spain
217085	V. García	Venezuela
177149	B. Jokič	Slovenia
205566	Alberto Moreno	Spain
220414	Diego Rico	Spain
176894	Mossoró	Brazil
192766	Marc Muniesa	Spain
198143	Samu Saiz	Spain
768	Felipe	Brazil
216320	S. Fofana	Ivory Coast
212225	E. Roco	Chile
197890	Arribas	Spain
215042	G. Lezcano	Argentina
179972	E. Derdiyok	Switzerland
209669	D. Siovas	Greece
217605	L. Lerager	Denmark
189701	Lombán	Spain
172294	Mikel Gonzalez	Spain
219911	T. Hlatshwayo	South Africa
146952	Iván Cuéllar	Spain
230408	Fabrio Farinha	Brazil
172553	J. Lössl	Denmark
204555	R. Álvarez	Argentina
212491	A. Masuaku	DR Congo
163083	Rolando	Portugal
174859	Fran Rico	Spain
189196	Caiuby	Brazil
208141	Gabriel	Brazil
189709	Alcalá	Spain
164878	L. Refaelov	Israel
216335	Y. Gazinskiy	Russia
160016	J. Epazo	Chile
195088	M. Ninković	Serbia
54033	T. Huddlestone	England
51730	M. Maccarone	Italy
186130	J. Chester	Wales
193554	D. Sakho	Senegal
212755	J. Hendrix	Netherlands
200212	M. Esser	Germany
187924	C. Grenier	France
212245	Y. Gerhardt	Germany
223765	R. Bauer	Germany
230165	Simão Donatinho	Brazil
203030	R. Knoche	Germany
188182	L. Balogun	Nigeria
189207	J. Durmaz	Sweden
208920	N. Aké	Netherlands
191256	O. Hawsawi	Saudi Arabia
195096	Fransérgio	Brazil
215322	J. Silva	Argentina
205083	F. Fajr	Morocco
160027	R. Jardelino	Chile
186395	M. Ritchie	Scotland
168732	D. Milićević	Bosnia Herzegovina
235805	F. Chiesa	Italy
187421	J. Hernández	Mexico
200478	J. Hendrick	Republic of Ireland
205855	M. Livaja	Croatia
193311	P. Bargfrede	Germany
186912	C. Träsch	Germany
163873	Eduardo	Portugal
231969	R. Malinovskyi	Ukraine
198946	D. D'Ambrosio	Italy
160034	I. Herreras	Chile
235042	D. Liénard	France
107298	Y. Pelé	France
221219	G. Conti	Argentina
54051	W. Routledge	England
210212	Garry Rodrigues	Cape Verde
198949	K. Malcuit	France
202789	A. Schwolow	Germany
186405	F. Di Santo	Argentina
189221	João Aurélio	Portugal
193062	M. Zeegelaar	Netherlands
202024	R. Freuler	Switzerland
173608	Joselu	Spain
223017	O. Şahiner	Turkey
202282	S. Armstrong	Scotland
155946	R. Snodgrass	Scotland
228650	Francisco Geraldes	Portugal
202539	L. Griffiths	Scotland
174379	G. Castro	Uruguay
202541	Jota Peleteiro	Spain
212269	R. Bazoer	Netherlands
230189	Silas Almeim	Brazil
229167	M. Rashica	Kosovo
176687	A. Beck	Germany
217648	G. Haraguchi	Japan
160048	O. Budeaga	Chile
198193	R. Mak	Slovakia
204338	C. Kerbrat	France
140082	Rafael	Brazil
214323	G. Celis	Colombia
159028	M. Silvestre	Italy
160052	H. Lemonez	Chile
230197	Alexo Baia	Brazil
200758	L. Moore	England
137782	G. Johnson	England
171830	N. Spolli	Argentina
177974	A. Aguilar	Colombia
183606	S. Rajković	Serbia
218936	Rafa Soares	Portugal
230457	Gabrisco Aníbal	Brazil
198202	P. Wollscheid	Germany
160058	H. Riffosas	Chile
173370	B. Feilhaber	United States
178746	Miguel Torres	Spain
199739	Josué	Portugal
209723	M. Britos	Uruguay
14907	A. Bizzarri	Argentina
216380	D. Sinkgraven	Netherlands
212541	L. Vangioni	Argentina
225341	David García	Spain
234045	H. Onyekuru	Nigeria
224574	O. Pineda	Mexico
190782	Sandro	Brazil
197439	F. Wiedwald	Germany
206655	E. Vargas	Chile
215871	A. Jahanbakhsh	Iran
219455	J. Calleri	Argentina
230463	Simão Acunha	Brazil
180287	D. Damjanović	Montenegro
184895	G. Bia	Belgium
192575	E. Badu	Ghana
209984	M. Agu	Nigeria
201025	G. Bussmann	France
230465	Allan Bardinho	Brazil
226370	André Horta	Portugal
215107	H. Villalba	Argentina
216643	L. Dubois	France
204612	O. Selnæs	Norway
188484	A. Hernández	Uruguay
200773	A. Wakaso	Ghana
230469	Ailton Guevara	Brazil
202054	Naldo	Brazil
211014	Paulinho	Portugal
192838	E. Schelotto	Italy
207431	Insua	Spain
190024	Fernandão	Brazil
205897	N. Chalobah	England
210761	R. Pizarro	Mexico
226377	G. Martínez	Argentina
193098	C. Clemens	Germany
224075	André Simões	Portugal
162123	F. Amorebieta	Venezuela
230475	Adilson Edrada	Brazil
192587	A. Ioniţă	Moldova
152908	A. Young	England
225356	A. Ibargüen	Colombia
208461	M. de Roon	Netherlands
220493	A. Barreca	Italy
206414	S. Kryvtsov	Ukraine
214606	S. Pérez	Colombia
186190	P. van Aanholt	Netherlands
218191	G. Gómez	Paraguay
206160	A. Ciciretti	Italy
219728	Edgar Méndez	Spain
230224	Juli Freitinho	Brazil
49488	E. Didot	France
160593	T. Kalachev	Belarus
52306	C. Brunt	Northern Ireland
210259	A. Hassan	Egypt
230227	Caio Nunson	Brazil
220245	B. Zungu	South Africa
230229	Otávio Cairinho	Brazil
199254	João Pedro	Brazil
185174	A. Poli	Italy
192087	G. Schennikov	Russia
194135	Leonardo	Brazil
221016	N. Vukčević	Montenegro
205401	V. Qazaishvili	Georgia
200538	L. Cadamuro	Algeria
223066	A. Chávez	Argentina
163418	Y. Kaboul	France
175962	N. Bungert	Germany
179546	M. Marin	Germany
206427	B. Butko	Ukraine
179547	V. Mannone	Italy
215644	Burgui	Spain
219740	Kahraba	Egypt
220253	Munir	Spain
183389	G. Sio	Ivory Coast
202078	D. Nagbe	United States
214622	J. Toljan	Germany
179551	O. Kamara	Norway
199776	L. Caldirola	Italy
208224	P. Mantalos	Greece
204385	S. García	Uruguay
205409	S. Sosa	Uruguay
223329	A. Conti	Italy
184417	Sergio Tejera	Spain
230498	Luimo Boas Santos	Brazil
2147	M. Stekelenburg	Netherlands
210787	M. Dos Santos	Argentina
212067	C. Vargas	Colombia
221283	A. Nouri	Netherlands
176483	D. Chygrynskyi	Ukraine
205670	D. Gayle	England
160103	C. Abridego	Chile
198760	S. Taïder	Algeria
190824	O. Elabdellaoui	Norway
193897	J. Ananidze	Georgia
194665	S. Ilsanker	Austria
202858	F. Castillo	Colombia
192362	L. Narsingh	Netherlands
216939	A. Blake	Jamaica
230251	Melvin Parrela	Brazil
230507	Nicholas Aldair	Brazil
190059	S. Zuber	Switzerland
203884	K. Djidji	Ivory Coast
160108	K. Cordesia	Chile
230252	Jorginhson	Brazil
219758	L. Rizzo	Italy
160110	E. Merraño	Chile
142959	M. Barbosa	Argentina
210031	Bruno Moreira	Portugal
221551	E. Mammana	Argentina
164464	B. Wright-Phillips	England
186992	J. Dueñas	Mexico
190577	S. Blanco	Argentina
196978	C. Wilson	England
160114	J. Landiso	Chile
235634	G. Konan	Ivory Coast
209523	D. González	Paraguay
163699	S. Sessègnon	Benin
213620	F. Mora	Chile
185204	Diego Ângelo	Brazil
190324	C. Kabasele	Belgium
211061	A. Maxim	Romania
157301	R. Babel	Netherlands
160120	Y. Donosos	Chile
171896	H. Ayala	Mexico
215417	C. Mathenia	Germany
186745	M. Pérez García	Argentina
192123	C. Wood	New Zealand
173436	N. Dyer	England
167549	R. Shishkin	Russia
157310	S. Marveaux	France
210047	F. Schär	Switzerland
107647	H. Altıntop	Turkey
181375	M. Martins	Bolivia
150656	R. Mavuba	France
230528	Rafael Cachoira	Brazil
169600	D. Simpson	England
133249	E. Hallfreðsson	Iceland
228737	G. Rivas	Venezuela
230274	Dani Rochelinhas	Brazil
158851	J. Beausejour	Chile
189059	J. Livermore	England
230020	P. Lees-Melou	France
190084	P. Tachtsidis	Greece
210822	Douglas Santos	Brazil
198023	Ximo Navarro	Spain
199559	R. Inglese	Italy
211591	M. Dembélé	France
162951	M. Angeleri	Argentina
178567	E. Pieters	Netherlands
208520	H. Sakai	Japan
165769	Cássio	Brazil
184457	R. van Wolfswinkel	Netherlands
188042	M. Suárez	Argentina
172939	K. Westwood	Republic of Ireland
189067	M. Britos	Uruguay
210828	B. Engels	Belgium
189324	A. McCarthy	England
160141	A. Cambrillo	Chile
229773	G. Dzhikiya	Russia
190093	Dani Castellano	Spain
213648	P. Højbjerg	Denmark
219792	B. Santamaria	France
220048	S. Scuffet	Italy
46736	E. Moretti	Italy
205201	O. Yokuşlu	Turkey
189586	Dani Hernández	Venezuela
192658	S. Jung	Germany
212883	D. Amartey	Ghana
152211	R. Özcan	Austria
160148	L. Lereas	Chile
137109	S. Schaars	Netherlands
208022	I. Ezekiel	Nigeria
184472	M. Olsson	Sweden
214169	W. Tesillo	Colombia
1178	P. Cannavaro	Italy
197786	G. Donati	Italy
217242	Y. Kubo	Japan
176794	O. Toivonen	Sweden
199835	E. Emenike	Nigeria
186524	F. Đorđević	Serbia
211101	Rubén Blanco	Spain
212127	D. Lazović	Serbia
159903	F. Vidangosa	Chile
219808	Tana	Spain
191648	M. Yoshida	Japan
211361	D. Cataldi	Italy
176545	C. Marrugo	Colombia
192930	A. Pulido	Mexico
201379	Samu García	Spain
211107	Frederico Venâncio	Portugal
214947	J. Gbamin	Ivory Coast
160163	V. Guerra	Chile
215716	A. Mitrović	Serbia
189860	Kiko Femenía	Spain
205989	C. Chambers	England
138918	L. Rigoni	Italy
169638	C. Daniels	England
192678	Kike García	Spain
202151	K. Stafylidis	Greece
158375	N. Asare	Ghana
226215	Sabin Merino	Spain
170664	C. Rodríguez	Uruguay
190120	K. Johnsson	Sweden
194728	I. Belfodil	Algeria
176553	S. Missiroli	Italy
169386	S. Floccari	Italy
200875	E. Gigliotti	Argentina
170923	A. Eschenko	Russia
189099	J. Kodjia	Ivory Coast
173228	Siqueira	Brazil
179884	Nuno Pinto	Portugal
168621	Zeca	Greece
189357	C. Toselli	Chile
167599	R. Elm	Sweden
125871	H. Kaldırım	Turkey
159920	C. Cordeso	Chile
204977	I. Piris	Paraguay
215985	F. Monetti	Argentina
188337	M. Wakaso	Ghana
189105	V. Şen	Turkey
187570	Douglas	Brazil
201139	I. Strinić	Croatia
206003	Y. Mvogo	Switzerland
230323	Kaíquão Castro	Brazil
232883	G. Shibasaki	Japan
51123	M. Bodmer	France
206516	W. Hughes	England
211382	I. Amadou	Cameroon
178614	Varela	Cape Verde
188086	Jefferson	Brazil
159927	E. Dinsol	Chile
225719	K. Iheanacho	Nigeria
230072	R. Bajić	Bosnia Herzegovina
158905	P. Schwegler	Switzerland
202428	B. Wood	United States
220604	Jaume	Spain
203965	V. Fischer	Denmark
190653	I. Brizuela	Mexico
192445	D. Ginczek	Germany
215998	I. Fernández	Argentina
235454	M. Sarr	France
176062	S. Kljestan	United States
214207	F. Pardo	Colombia
149184	C. Maggio	Italy
204737	Salvador Agra	Portugal
219841	J. Figal	Argentina
220609	V. Vada	Argentina
230337	Andeson Trigo	Brazil
183745	Gottardi	Brazil
211907	J. Gondorf	Germany
220355	Alex Alegría	Spain
183491	M. Jørgensen	Denmark
138436	J. Walters	Republic of Ireland
224196	R. Bensebaini	Algeria
159172	Trashorras	Spain
171972	J. McArthur	Scotland
191688	Botía	Spain
165321	S. Ward	Republic of Ireland
235210	Pedrinho	Portugal
216267	A. Robertson	Scotland
159947	M. Alcoraz	Chile
182731	B. Sarmiento	Argentina
230348	Lafortiscinho	Brazil
190156	Rubén Pérez	Spain
159949	H. Acevedo	Chile
190670	D. Maroh	Slovenia
159951	A. Baredia	Chile
210384	R. Haps	Netherlands
211408	K. Linetty	Poland
232656	T. Hernández	France
182736	Ricardo	Portugal
187601	S. Dzhanaev	Russia
208339	O. Niasse	Senegal
220883	R. Borré	Colombia
190931	E. Zukanović	Bosnia Herzegovina
198868	N. Isimat-Mirin	France
223188	S. Özbayraklı	Turkey
204757	Toño García	Spain
209621	Mattheus Oliveira	Brazil
184789	A. Szalai	Hungary
231638	A. Peñaranda	Venezuela
183766	B. Koné	Burkina Faso
223959	L. Torreira	Uruguay
199641	M. Sels	Belgium
206553	S. Falette	France
178393	A. Cerci	Italy
224218	F. Kamano	Guinea
186330	T. Gebre Selassie	Czech Republic
200155	H. Vanaken	Belgium
190683	R. Mason	England
162780	O. Ivanov	Russia
159965	E. Bolindos	Chile
159966	J. Lopendañez	Chile
196318	S. Gürler	Turkey
208607	M. Mantovani	Argentina
172768	A. Surman	England
229857	S. Sensi	Italy
206306	J. Ferri	France
168930	Omar Ramos	Spain
230371	Victildinho	Brazil
190947	D. Jensen	Denmark
229092	A. Umar	Nigeria
215270	L. Zelarayán	Argentina
183526	N. El Zhar	Morocco
186598	K. Naughton	England
213991	J. Lerma	Colombia
204776	T. Leistner	Germany
208616	Isaac Becerra	Spain
211176	R. Kishna	Netherlands
210665	M. Halstenberg	Germany
199915	L. Dunk	England
214763	P. Goltz	Argentina
215531	D. Türüç	Turkey
194795	G. Jara	Chile
201452	D. Poloz	Russia
159980	J. Badamontes	Chile
199661	A. Cohen	Israel
155885	A. McGeady	Republic of Ireland
159981	S. Cardenia	Chile
230381	Kaimo Lima	Brazil
172013	De la Bella	Spain
157678	L. Ciman	Belgium
192238	José Cañas	Spain
199663	Renato Neto	Brazil
137199	F. Brienza	Italy
198640	Z. Labyad	Morocco
182001	Titi	Brazil
167666	J. Carrizo	Argentina
225523	Lekue	Spain
217844	Djavan	Brazil
230388	Davi Parrela	Brazil
199157	Luna	Spain
199669	L. González Pirez	Argentina
221174	M. Oršić	Croatia
157430	S. Salihović	Bosnia Herzegovina
194806	C. Dawson	England
211703	M. Schnatterer	Germany
216055	F. Carrizo	Argentina
237303	O. Kharbin	Syria
178679	M. Sall	Senegal
183288	Y. Benalouane	Tunisia
184312	J. Biabiany	France
199417	H. Tekin	Turkey
158969	L. Pisculichi	Argentina
173818	Adrián	Spain
208379	G. González	Costa Rica
190716	P. Nakoulma	Burkina Faso
202750	W. Boly	France
203774	Welthon	Brazil
224254	C. Pavón	Argentina
188414	C. Villanueva	Chile
221695	G. Donsah	Ghana
103935	A. Aquilani	Italy
172287	Manu García	Spain
167936	J. Sorbon	France
191488	L. Orbán	Argentina
198145	S. Araujo	Argentina
198657	J. Svensson	Norway
199169	K. Mokotjo	South Africa
230401	Duirval Diniz	Brazil
190209	J. Hopf	Sweden
199170	B. Dabo	France
200962	André Martins	Portugal
210947	N. Karelis	Greece
233219	V. Jovanović	Serbia
188931	Alex Bergantiños	Spain
202501	David Juncà	Spain
168965	R. Riou	France
194053	L. Sobiech	Germany
198150	Guerrero	Spain
150278	J. Drobný	Czech Republic
201223	A. Acquah	Ghana
213000	S. van Beek	Netherlands
219145	G. Maripán	Chile
215050	D. Braghieri	Argentina
157707	B. Berisha	Kosovo
189707	Da Costa	Brazil
183820	M. Dossevi	Togo
220685	Léo Bonatini	Brazil
177934	S. Sam	Germany
160015	V. Acerval	Chile
195087	R. Petrović	Serbia
160017	A. Corveto	Chile
230417	Edercinho Sepa	Brazil
186385	A. Clayton	England
208914	O. Othman	Saudi Arabia
225299	E. Velázquez	Uruguay
189459	Jaime Romero	Spain
198420	A. Waris	Ghana
157716	M. Russ	Germany
181269	Márcio Azevedo	Brazil
220182	J. Denayer	Belgium
53014	Fernando Navarro	Spain
230423	Pascoal Muscato	Brazil
187671	R. Laborde	Colombia
189975	Y. Seleznyov	Ukraine
230936	A. Nagy	Hungary
186392	J. Ward	England
215321	J. Schunke	Argentina
166937	A. Sinitsyn	Russia
186905	A. Barnes	Austria
204826	A. Ba	Senegal
209691	J. Adéoti	Benin
182043	Zeng Cheng	China PR
189211	Saúl Berjón	Spain
189723	S. Armenteros	Sweden
160028	J. Neiroga	Chile
183068	C. Beauvue	France
189468	Candeias	Portugal
190748	Y. Öztekin	Turkey
212253	A. Scholz	Denmark
223517	Danilo	Brazil
230685	E. Akbaba	Turkey
183581	J. Molina	Mexico
221982	P. Roberts	England
224030	M. Lopez	France
200223	A. Maher	Netherlands
210463	D. Machís	Venezuela
210719	M. Kempf	Germany
215071	M. Casco	Argentina
234015	Caio Milaçar	Brazil
202529	Víctor Álvarez	Spain
219681	J. Amavi	France
177953	C. Chantôme	France
137506	G. Pandev	FYR Macedonia
191011	L. Sepe	Italy
225060	M. Hawsawi	Saudi Arabia
160292	B. Watson	England
201509	Juankar	Spain
191269	S. Al Faraj	Saudi Arabia
215334	G. Carrillo	Argentina
215590	Ayoze Pérez	Spain
160038	C. Nevorrete	Chile
187942	R. Gestede	Benin
211239	C. Jean	France
236583	J. Pavlenka	Czech Republic
191783	V. Berisha	Kosovo
224808	G. Ferrari	Italy
177448	G. Svensson	Sweden
209449	Gerso	Guinea Bissau
211241	Rubén Peña	Spain
192041	N. Araujo	Mexico
230186	Enaldo Praz	Brazil
212267	Ivan Cavaleiro	Portugal
144172	S. Kırıntılı	Turkey
221740	E. Crivelli	France
239148	F. Andrijašević	Croatia
172077	J. Basanta	Argentina
189485	Diego Farías	Brazil
137774	D. Maietta	Italy
185135	Lora	Spain
193839	Rômulo	Italy
211504	L. Baker	England
198705	A. Najar	Honduras
235569	T. Ndombele	France
199986	Arbilla	Spain
200754	T. Ciğerci	Turkey
221491	N. Elvedi	Switzerland
234035	Odriozola	Spain
189491	O. Şahan	Turkey
198196	P. Lasogga	Germany
171828	I. Scocco	Argentina
190772	M. Besler	United States
216373	Marcelo Goiano	Brazil
193077	D. Falcinelli	Italy
138806	M. López	Argentina
221750	André Geraldes	Portugal
166710	I. Maksimov	Russia
186935	Claudemir	Brazil
188727	B. Poulain	France
207928	T. Rogić	Australia
186680	Raúl Fernández	Spain
210489	L. Schaub	Austria
51257	P. Crouch	England
183353	Víctor Díaz	Spain
230202	Jailson Caeiro	Brazil
160059	G. Daralla	Chile
179515	T. Mykhalyk	Ukraine
214076	N. Vikonis	Uruguay
186684	Kiko Olivas	Spain
194876	M. Kanunnikov	Russia
189757	A. Prijović	Serbia
205630	L. Abecasis	Argentina
228414	Matheus Pereira	Brazil
207679	F. Pereyra	Argentina
230207	Kel Perinho	Brazil
49472	L. Butelle	France
213313	R. Walter	France
160065	E. Evaldes	Chile
230209	Hugo Goiteira	Brazil
169281	S. Gakpé	Togo
214594	M. Laba	Argentina
230466	Fábio Melitinho	Brazil
233282	Yoon Bo Sang	Korea Republic
203843	D. Suárez	Uruguay
208451	R. Quaison	Sweden
211267	R. Centurión	Argentina
199236	Hong Chul	Korea Republic
202052	B. Afobe	DR Congo
230468	José Mirazar	Brazil
172100	G. Peñalba	Argentina
193092	M. Rojas	New Zealand
199493	Diego Mariño	Spain
200517	Carles Planas	Spain
213317	Kim Jin Su	Korea Republic
160069	G. Contreso	Chile
230213	Kaíqundo Calado	Brazil
206662	M. Hedges	United States
223046	A. Çalık	Turkey
165190	J. Ledley	Wales
190535	Míchel	Spain
199752	S. Igboun	Nigeria
144200	E. Albayrak	Turkey
155976	C. Adam	Scotland
160072	N. Barresta	Chile
232008	Lato	Spain
195912	Suk Hyun Jun	Korea Republic
200521	T. Ince	England
211017	Víctor Rodríguez	Spain
170569	David Rodríguez	Spain
178249	J. Kembo-Ekoko	France
202058	S. Anđelković	Slovenia
204874	A. Katai	Serbia
159818	Élton	Brazil
53578	N. de Jong	Netherlands
208459	M. Dijks	Netherlands
213323	S. Decarli	Switzerland
214092	A. Miranchuk	Russia
213581	M. Nervo	Argentina
174669	K. Mączyński	Poland
215886	D. Kreilach	Croatia
160078	N. Fuenzas	Chile
189263	T. Torun	Turkey
212048	A. Chipciu	Romania
229712	Jorge	Brazil
169808	U. Emanuelson	Netherlands
182864	D. Vera	Uruguay
3665	B. Nivet	France
201041	L. Carole	France
208977	F. Al Muwallad	Saudi Arabia
163665	D. Congré	France
121937	M. Rensing	Germany
210258	Renato Santos	Portugal
153938	Àngel Rangel	Spain
223058	D. Kuzyaev	Russia
160082	P. Retomal	Chile
230482	Marlon Nideiro	Brazil
201043	B. Dejaegere	Belgium
230483	Jacson Zonta	Brazil
139860	J. Morel	France
116308	R. Fanni	France
187988	F. Sammaritano	France
195668	Joel Robles	Spain
221269	J. Riedewald	Netherlands
155989	T. Sivok	Czech Republic
192342	E. Cardona	Colombia
201303	R. Falk Jensen	Denmark
153175	J. Martínez	Argentina
230487	Leo Caldeirinha	Brazil
199000	T. Sainsbury	Australia
200536	N. Schulz	Germany
230488	Alvildo Sousa	Brazil
236632	David Neres	Brazil
194904	B. Hamid	United States
198489	J. McClean	Republic of Ireland
159577	D. Delaney	Republic of Ireland
193881	F. Đuričić	Serbia
152922	E. Barreto	Paraguay
218970	F. Mubele	DR Congo
225114	M. Mahi	Morocco
228698	V. Kovalenko	Ukraine
231002	J. Šimunović	Bosnia Herzegovina
188763	D. N'Dinga	Congo
225116	A. Meret	Italy
229980	C. Montes	Mexico
167516	M. Radović	Serbia
213597	D. Valdés	Chile
214110	J. Cuadrado	Colombia
184926	Fabiano	Brazil
190558	I. Opara	United States
230239	Claudiano Sobrino	Brazil
230495	Hélton Celanova	Brazil
168799	B. Dramé	Senegal
181343	P. Bengtsson	Sweden
198240	Raul García	Spain
176992	M. Milligan	Australia
189536	D. Čop	Croatia
190560	O. Gonzalez	United States
208737	E. Bicfalvi	Romania
230497	Erick Gameira	Brazil
176481	M. Erdinç	Turkey
192098	Nosa	Nigeria
235875	Pol Lirola	Spain
170084	W. Hennessey	Wales
158309	Gao Lin	China PR
225126	E. Skhiri	Tunisia
237670	Bruno Xadas	Portugal
186982	A. Büttner	Netherlands
192102	N. Hult	Sweden
215399	Rúben Vezo	Portugal
159591	A. Pérez	Colombia
230503	Jadson Vidigal	Brazil
198504	J. Drmić	Switzerland
49000	A. McGregor	Scotland
182632	Rúben Ribeiro	Portugal
189288	G. Angella	Italy
203625	A. Martynovich	Belarus
199274	I. Nestorovski	FYR Macedonia
207722	Cristiano	Brazil
210538	L. Zuffi	Switzerland
230250	Emilio Piodão	Brazil
164459	S. Larsson	Sweden
157804	S. Carson	England
203629	A. Erokhin	Russia
201326	G. Torje	Romania
192622	S. Duffy	Republic of Ireland
214639	Postigo	Spain
160111	E. Peñarendi	Chile
230255	Edvaldisco	Brazil
188271	F. Ayité	Togo
199792	A. Christiansen	Denmark
207472	G. Sakai	Japan
178032	R. Brégerie	France
185200	Vasco Fernandes	Portugal
204401	Diogo Figueiras	Portugal
210801	D. Accam	Ghana
216433	A. El Ghazi	Netherlands
217201	E. Triverio	Argentina
160113	B. Rasaldo	Chile
233329	M. Villanueva	Venezuela
235889	C. Ünder	Turkey
213874	Thiago Mendes	Brazil
162932	P. Barrientos	Argentina
207733	Filipe Augusto	Brazil
209781	P. Capelle	France
168565	H. Rodallega	Colombia
182133	A. Epureanu	Moldova
192373	M. Caraglio	Argentina
199286	B. Dja Djédjé	Ivory Coast
207734	Paulinho	Brazil
232310	Maurício António	Brazil
53110	C. Gordon	Scotland
188791	A. Costa	Argentina
189303	Nélson Oliveira	Portugal
223608	Eraso	Spain
211321	M. Konaté	Senegal
214394	W. Barrios	Colombia
234618	Perdigão	Brazil
178042	A. Costa	Italy
190330	N. Rigoni	Italy
147579	V. Gabulov	Russia
225403	I. Kahveci	Turkey
230267	Sebas Couteira	Brazil
192635	Miguel Rosa	Portugal
222844	Walace	Brazil
207997	Albentosa	Spain
222077	M. Locatelli	Italy
187517	V. Vasin	Russia
164478	C. Obasi	Nigeria
160127	D. Percidino	Chile
160128	C. Despredal	Chile
230272	Kauã Abranches	Brazil
193408	H. Seferović	Switzerland
137089	Z. Gera	Hungary
219777	Chema Rodríguez	Spain
231041	C. Ninga	Chad
233601	R. Sobhi	Egypt
202882	T. Bifouma	Congo
225410	A. Masina	Italy
183426	D. Schwaab	Germany
184706	V. Bessat	France
202115	M. Ostrzolek	Germany
160132	A. Naranjeda	Chile
230276	Nicolás Formido	Brazil
219525	E. Cerutti	Argentina
179591	Pablo Hernández	Spain
181383	J. Johansson	Sweden
211592	A. Semenov	Russia
212616	R. De Paul	Argentina
223624	Kuca	Cape Verde
189576	Ramalho	Spain
191625	Kléber	Brazil
205194	Ewerton	Brazil
160138	J. Gustaldo	Chile
105866	C. Bovo	Italy
188554	Dani Pacheco	Spain
164491	D. Aogo	Germany
160140	M. Meñarez	Chile
205965	S. Ristovski	FYR Macedonia
192397	Rafael	Brazil
198031	Sérgio Oliveira	Portugal
201103	Diego	Brazil
205711	O. Dramé	France
199568	K. Lamprou	Greece
138384	M. Janko	Austria
199057	I. Tsallagov	Russia
208017	I. Santini	Croatia
160146	C. Sortomayrés	Chile
192146	V. Ignatiev	Russia
201363	Ryder	Brazil
217235	Zainadine	Mozambique
178323	A. Traoré	Burkina Faso
202646	Álex Martínez	Spain
184982	M. Larrondo	Chile
213655	A. Iwobi	Nigeria
212888	C. Salcedo	Mexico
200857	M. Leitner	Germany
223641	T. Baumgartl	Germany
189338	J. Urretaviscaya	Uruguay
204699	L. Melgarejo	Paraguay
224411	Gonçalo Guedes	Portugal
165787	J. Ortiz	Argentina
216476	A. Plata	Colombia
165788	L. Ulloa	Argentina
189084	E. Room	Curacao
191388	T. Usami	Japan
193692	Fábio Espinho	Portugal
213917	Fábio Cardoso	Portugal
176029	Hélder Barbosa	Portugal
224158	S. Amrabat	Morocco
202911	R. Mora	Uruguay
215199	R. Botta	Argentina
233631	A. Ndiaye Diedhiou	Senegal
186783	A. Adomah	Ghana
193695	Nélson Lenho	Portugal
186272	L. Mchedlidze	Georgia
200353	A. Soumaoro	France
225953	S. Bergwijn	Netherlands
183969	J. Forlín	Argentina
199074	L. Traoré	Ivory Coast
201122	T. Kalas	Czech Republic
142499	Aitor Sanz	Spain
209827	J. Fernandes	Chile
222883	T. Touré	Ivory Coast
182435	M. Langerak	Australia
187043	S. Johansen	Norway
194979	Tiago Pinto	Portugal
225701	P. Gallese	Peru
216742	M. Mevlja	Slovenia
191910	Kim Shin Wook	Korea Republic
173735	N. Taylor	Wales
178600	U. Demirok	Turkey
182184	D. Stephens	England
207785	T. Matlaba	South Africa
225193	Merino	Spain
235945	Marc Roca	Spain
183465	J. Rodwell	England
203434	Mauro	Brazil
178090	D. Biseswar	Netherlands
210603	Y. Al Shahrani	Saudi Arabia
232363	M. Škriniar	Slovakia
187051	S. Privat	France
192427	Júnior Caiçara	Brazil
215212	G. Sara	Argentina
190636	A. Ríos	Mexico
208045	O. Tannane	Morocco
159917	R. Ribagaso	Chile
190637	I. Armaş	Moldova
188334	F. Cacciatore	Italy
200111	R. van Rhijn	Netherlands
170159	F. Bastians	Germany
230320	Victorino Magela	Brazil
172208	J. Troisi	Australia
176048	K. Kamara	Sierra Leone
199601	M. Çağıran	Turkey
167601	K. Nababkin	Russia
226226	G. Lo Celso	Argentina
230578	M. Diakhaby	France
198067	F. Moubandje	Switzerland
143283	G. Karadeniz	Turkey
168883	T. Al Jassam	Saudi Arabia
179891	M. Heller	Germany
198836	V. Pajot	France
214196	D. Bocanegra	Colombia
222900	W. Hahn	Netherlands
230324	Adrianiscito	Brazil
206005	D. Stracqualursi	Argentina
109493	B. Castro	Belgium
200630	J. Forrest	Scotland
202934	O. Onazi	Nigeria
212151	T. Strakosha	Albania
232119	C. Söyüncü	Turkey
158394	K. Reichel	Germany
166074	Bebé	Portugal
205243	M. Wagué	Mali
159931	M. Galvarado	Chile
226491	K. Tierney	Scotland
202940	N. Kebano	DR Congo
160188	M. Salcatorini	Chile
186556	Dentinho	Brazil
142781	L. Romagnoli	Argentina
137406	D. Croce	Italy
159934	A. Jelverado	Chile
146111	Mikel Rico	Spain
182207	D. Stockdale	England
190143	José Ángel	Spain
200896	V. Stoyanov	Bulgaria
159936	P. Ketlun	Chile
188352	K. Großkreutz	Germany
143809	M. Demir	Turkey
204226	D. Lezcano	Paraguay
209346	K. Panchenko	Russia
152514	J. Puncheon	England
230850	G. Cimirot	Bosnia Herzegovina
201155	R. Morrison	England
159939	K. Moncora	Chile
230339	Padilhisco	Brazil
178115	L. Christodoulopoulos	Greece
207557	R. Olsen	Sweden
212933	L. Depoitre	Belgium
191173	A. Bedoya	United States
202695	J. Tarkowski	England
159175	A. Romao	Togo
176071	D. McCarty	United States
189127	S. Aziz	Turkey
188616	M. Sau	Italy
190664	J. Schieber	Germany
222665	M. Ødegaard	Norway
217802	Fábio Sturgeon	Portugal
168650	Z. Kuzmanović	Serbia
198347	F. Jara	Argentina
201931	Gabrìel	Brazil
216523	M. Oikonomou	Greece
192715	Juanpe	Spain
212428	A. Niane	Mali
189388	D. Diekmeier	Germany
200653	G. Burdisso	Argentina
202445	Rodrigo Ely	Brazil
214989	M. Benítez	Argentina
150477	R. Salin	France
166093	H. Balta	Turkey
174542	J. Herrera	Chile
216271	J. van Aken	Netherlands
163791	G. Jourdren	France
231887	Y. Yazıcı	Turkey
142800	M. Velázquez	Argentina
140498	D. Marshall	Scotland
230354	Jesus Andradaldo	Brazil
187858	P. Mpoku	DR Congo
159958	M. Peñazco	Chile
183769	A. Çamdalı	Turkey
210394	J. Ikoko	DR Congo
227290	M. Dmitrović	Serbia
173530	S. Aluko	Nigeria
212187	P. Max	Germany
214491	L. Quiñones	Colombia
202460	F. Uribe	Colombia
159964	G. Suleziano	Chile
163804	J. Féret	France
176348	Yeom Ki Hun	Korea Republic
222429	A. Cubas	Argentina
223197	E. Ünal	Turkey
158942	Léo Matos	Brazil
191198	I. Obradović	Serbia
195038	F. Kainz	Austria
203487	J. Lascelles	England
155871	B. Białkowski	Poland
159968	J. Guerredero	Chile
190432	Oier	Spain
223457	I. Novoseltsev	Russia
122849	A. Koné	Ivory Coast
189153	M. Díaz	Argentina
212196	P. Sisto	Denmark
213732	A. Selikhov	Russia
172517	M. Jensen	Denmark
175589	Feng Xiaoting	China PR
196069	J. Fuenzalida	Chile
177126	M. Leye	Senegal
221671	Lee Jae Sung	Korea Republic
163303	G. Whelan	Republic of Ireland
137960	Y. Jouffre	France
226536	O. Colley	Gambia
159977	A. Desenda	Chile
156650	Y. Gouffran	France
192490	Juan Villar	Spain
216811	K. Waston	Costa Rica
181483	M. Jedinák	Australia
167661	J. Méndez	Argentina
112365	R. Cohade	France
143598	L. Pocrnjic	Argentina
216814	S. Uçan	Turkey
152814	Bobô	Brazil
202223	J. Meram	Iraq
212207	N. Stanciu	Romania
159983	G. Gutierrez	Chile
125167	E. Gülüm	Turkey
228336	F. Grillitsch	Austria
199409	Deivid	Spain
159985	V. Albarado	Chile
195313	M. Peybernès	France
214770	D. González	Argentina
224242	D. Luckassen	Netherlands
178418	F. Peluso	Italy
120306	L. Pionnier	France
186098	R. Cota	Mexico
192242	P. Lasne	France
190195	M. Samassa	Mali
148212	A. Rebrov	Russia
216820	M. Simon	Nigeria
164852	Bruno Gama	Portugal
189172	Fidel	Spain
192756	A. Yusupov	Russia
212213	Ricardo Esgaio	Portugal
230389	Édundo Oliveira	Brazil
232437	F. Ricca	Uruguay
204278	David Simón	Spain
191990	H. Milić	Croatia
210423	A. Rusnák	Slovakia
218359	D. Ndong	Gabon
157687	Ricardo	Cape Verde
184823	Djalma	Angola
198136	A. Ragusa	Italy
183800	Y. Mollo	France
120312	M. Dawson	England
212729	Tozé	Portugal
162297	D. Padelli	Italy
169721	M. Richards	England
176377	D. Tošić	Serbia
202746	T. Serero	South Africa
211706	Pere Pons	Spain
164858	T. Sparv	Finland
183546	J. Hogg	England
189946	V. Manceau	France
212219	A. Djiku	France
178171	Sergio Sánchez	Spain
212476	Medrán	Spain
217852	K. Molino	Trinidad & Tobago
230397	Enaldo Toxeto	Brazil
167933	Y. Cahuzac	France
172285	Elustondo	Spain
201982	J. Schmid	France
206590	Moi Gómez	Spain
46590	C. Samba	Congo
228352	Edmilson Junior	Brazil
188416	S. Wuytens	Belgium
233218	M. Mohammadi	Iran
188930	Laure	Spain
162052	D. Ousted	Denmark
229124	T. Ndoro	Zimbabwe
236548	J. Zmrhal	Czech Republic
186116	H. Lansbury	England
187652	D. Yurchenko	Russia
221445	Wu Lei	China PR
221701	Gabriel Boschilia	Brazil
189446	J. Stanislas	England
231943	Richarlison	Brazil
166919	M. Wilson	Republic of Ireland
187655	S. Palitsevich	Belarus
188935	O. Assaidi	Morocco
212232	J. Maclaren	Australia
216072	G. Letizia	Italy
188168	G. Friend	England
215049	D. Pérez	Argentina
154634	M. Pasqual	Italy
222986	M. Morishige	Japan
192778	I. Mboyo	Belgium
156683	S. Holmén	Sweden
230411	Brenito Duarte	Brazil
232459	Carlos Ponck	Cape Verde
167435	O. Ustari	Argentina
197900	P. Kasami	Switzerland
216076	L. Pasciuti	Italy
221452	Nano	Spain
8205	Braga	Portugal
215565	M. Miazga	United States
173325	De las Cuevas	Spain
235790	K. Havertz	Germany
241166	S. Rybalka	Ukraine
190734	G. Makaridze	Georgia
192270	Johnathan	Brazil
193550	B. Kayal	Israel
199183	Kim Bo Kyung	Korea Republic
199439	M. Gregoritsch	Austria
209423	M. Michel	France
216079	A. Di Gaudio	Italy
23823	A. Johansson	Sweden
223247	N. Acevedo	Argentina
197136	K. Ansarifard	Iran
208144	D. Bessa	Italy
215056	C. Carbonero	Colombia
215568	Naranjo	Spain
223248	J. Lucero	Argentina
228881	D. Calabria	Italy
188177	Douglas	Netherlands
204050	S. Vergini	Argentina
213010	Cifuentes	Spain
222994	M. Nakamba	Zimbabwe
180754	K. Nakamura	Japan
160019	M. Rocora	Chile
179475	O. Rybka	Ukraine
189715	M. Vejinović	Netherlands
208916	M. Al Sahlawi	Saudi Arabia
210964	F. Ceccherini	Italy
230420	Pietrson Mendes	Brazil
160021	H. Donadell	Chile
184085	V. Nogueira	France
188949	L. Siligardi	Italy
234774	K. Laifis	Cyprus
199191	D. Appiah	France
208919	R. Gauld	Scotland
200984	Rafael Martins	Brazil
203544	C. Löwe	Germany
215064	J. Furch	Argentina
162328	R. Pasveer	Netherlands
175896	S. Siani	Cameroon
188696	F. Tabanou	France
203801	F. Silva	Chile
225305	S. Gümüş	Turkey
210202	S. Muwashar	Saudi Arabia
230170	Jaim Abra	Brazil
167706	N. Bendtner	Denmark
199195	J. Delaplace	France
203038	Lucas Piazon	Brazil
146974	Miguel Flaño	Spain
184606	Fábio Pacheco	Portugal
129566	P. McShane	Republic of Ireland
198175	L. Castaignos	Netherlands
214047	M. Uribe	Colombia
230175	Freder Cabral	Brazil
175391	Mateus	Angola
216097	Idris	Senegal
154401	D. Barreto	Paraguay
227873	A. Touré	Mali
193569	T. Lees	England
203810	Rodrigo Galo	Brazil
207650	E. Krafth	Sweden
215330	J. Correa	Argentina
227106	Diego González	Spain
189218	R. Jack	Scotland
196899	Héldon	Cape Verde
215331	L. Jara	Argentina
157219	G. Fernández	Argentina
163619	J. Hayes	Republic of Ireland
181795	F. Kudryashov	Russia
193571	Dodô	Brazil
202276	S. Zoller	Germany
210468	I. Kutepov	Russia
229668	Hermoso	Spain
188196	R. Noir	Argentina
207653	M. Bolaños	Ecuador
209701	J. Pelupessy	Netherlands
160037	R. Dartés	Chile
226853	J. St. Juste	Netherlands
230437	Elias Fontoira	Brazil
197926	L. Crisetig	Italy
137510	A. Kruiswijk	Netherlands
235814	R. Benzar	Romania
205351	A. Pritchard	England
212519	R. Philippoteaux	France
203304	B. Assombalonga	DR Congo
163369	S. Pocognoli	Belgium
194089	C. Moritz	Germany
215083	M. Urruti	Argentina
178475	D. Ciofani	Italy
206124	W. Katsande	Zimbabwe
186156	L. Ayling	England
189228	M. Caire	Argentina
224813	K. Saief	United States
198190	G. Cunningham	Republic of Ireland
230446	Marcos Paneira	Brazil
176942	M. Lustig	Sweden
186158	K. Bartley	England
192302	A. Rudņevs	Latvia
215344	G. Alcoba	Uruguay
177712	K. Monnet-Paquet	France
192560	R. Yabo	Germany
212273	C. Njie	Cameroon
215089	E. Kalinski	Argentina
212018	Koo Ja Ryong	Korea Republic
184626	N. Sánchez	Argentina
185394	V. Forren	Norway
205363	M. Bianchetti	Italy
223283	F. Diedhiou	Senegal
205364	F. Novák	Czech Republic
207924	Lucas Lima	Brazil
213556	Somália	Brazil
230964	M. Santos	Uruguay
232244	S. Ascacibar	Argentina
201269	F. Rønnow	Denmark
213813	A. Fransson	Sweden
184885	Muriel	Brazil
191541	A. Uchida	Japan
213814	F. Di Francesco	Italy
230198	Juli Piresinho	Brazil
146487	Susaeta	Spain
213559	Fausto Tienza	Spain
230199	Vinicius Cardenha	Brazil
178487	C. Gardner	England
193847	Osmar	Spain
194359	Y. Nagatomo	Japan
201016	O. Sorg	Germany
184376	L. Vácha	Czech Republic
193336	V. Belec	Slovenia
160057	H. Gombez	Chile
171321	G. Dorrans	Scotland
186681	Alberto	Spain
193337	J. Obi	Nigeria
193849	C. Hourihane	Republic of Ireland
228666	B. Kuwas	Netherlands
111163	S. Elana	France
190523	E. Benítez	Paraguay
206141	K. Coulibaly	Mali
207421	L. Trossard	Belgium
231485	A. Tuanzebe	England
51261	B. Myhill	Wales
160062	M. Rovero	Chile
230206	Wellington Sabrão	Brazil
215616	Jason	Spain
199745	E. Sviatchenko	Denmark
211265	A. Rojas	Argentina
192321	C. Buchtmann	Germany
199490	Joselu	Spain
150594	J. Perbet	France
147779	V. Bystrov	Russia
149571	S. Pellissier	Italy
160067	G. Fabianos	Chile
231235	K. Amian Adou	France
177475	T. Sippel	Germany
211269	G. Fernández	Argentina
213061	M. Kanazaki	Japan
184133	Castro	Portugal
187205	L. Fuentes	Mexico
191814	Lee Jae Sung	Korea Republic
205895	A. Ring	Finland
20551	A. Isaksson	Sweden
230215	Osvaldo Lodeiro	Brazil
117063	N. Douchez	France
186695	E. Muñoz	Argentina
149064	C. Molinaro	Italy
184136	Orlando Sá	Portugal
190536	O. Martínez	Paraguay
198474	Guitián	Spain
203594	H. Kekana	South Africa
160074	D. Senderón	Chile
230218	Fabiano Sonta	Brazil
177482	M. Coutadeur	France
214603	F. Díaz	Colombia
155979	R. McCormack	Scotland
178251	R. Danzé	France
204876	Clerc	Spain
173132	F. Dionisi	Italy
219469	S. Perica	Croatia
224077	Luís Aurélio	Portugal
162893	J. Djourou	Switzerland
211022	Rubén García	Spain
230222	Ailton Valpaços	Brazil
191566	Park Joo Ho	Korea Republic
198991	S. Petrov	Russia
178255	R. Donk	Netherlands
158800	W. Janssen	Netherlands
160080	D. Florada	Chile
206161	A. Lazaar	Morocco
172113	M. Fritzler	Argentina
152914	D. Montenegro	Argentina
199763	B. Bereszyński	Poland
185427	O. Nyland	Norway
215892	U. Spajić	Serbia
163156	R. Keogh	Republic of Ireland
200278	S. García	Argentina
157270	Toché	Spain
169046	J. Fabbro	Paraguay
172630	D. Tiendalli	Netherlands
187478	J. Pereira	Mexico
206167	S. Prcić	Bosnia Herzegovina
210007	André Ramalho	Brazil
214615	J. Duque	Colombia
230231	Jorge Carvallinho	Brazil
210520	Edgar Ié	Portugal
225880	J. Moreira	Paraguay
189272	A. Esswein	Germany
204121	J. Brabec	Czech Republic
235353	I. Sarr	Senegal
171097	M. Motta	Italy
210010	J. van Overeem	Netherlands
223578	Mata	Spain
188762	I. Lewczuk	Poland
191066	F. Kroos	Germany
160091	D. Escalonas	Chile
192091	Welinton	Brazil
237404	L. Pokorný	Czech Republic
159581	Oriol Riera	Spain
230237	Robson Denho	Brazil
142942	J. Gandolfi	Argentina
166750	A. Bukharov	Russia
236639	Xeka	Portugal
46175	M. Rosenberg	Sweden
202848	G. Caprari	Italy
203872	G. Hauche	Argentina
160096	M. Coldado	Chile
189024	M. Banguera	Ecuador
189280	A. Westwood	England
201313	C. Ciano	Italy
214369	A. Andrade	Colombia
229473	Costinha	Portugal
101473	T. Kuszczak	Poland
211042	G. Milanov	Bulgaria
229218	Pedro Rocha	Brazil
176994	R. Gurtner	France
215651	Samir	Brazil
229476	W. Anton	Germany
187492	D. Kombarov	Russia
191076	J. Guðmundsson	Iceland
192612	M. Jajalo	Bosnia Herzegovina
210021	H. Mukhtar	Germany
224869	Bustinza	Spain
163429	F. Berrier	France
230501	Gérson Noalha	Brazil
232805	Bernardo	Brazil
168293	M. Amalfitano	France
169317	T. Elyounoussi	Norway
181349	A. Gerndt	Sweden
175462	O. Vizcarrondo	Venezuela
239207	M. Gómez	Uruguay
197480	I. Saadi	France
202088	F. Klaus	Germany
211048	O. Kayode	Nigeria
154472	Jorge Molina	Spain
209769	B. Başaçıkoğlu	Turkey
169321	M. Fraga	Mexico
172649	O. Kaya	Belgium
48745	F. Coloccini	Argentina
211818	K. Möhwald	Germany
214378	D. Silva	Colombia
173162	F. Ceravolo	Italy
214379	A. Rodríguez	Colombia
229739	J. Góralski	Poland
178283	R. Boffin	Belgium
217196	J. Palomino	Argentina
169324	A. Ulmer	Austria
183916	J. Pied	France
190572	L. De Bock	Belgium
207725	M. van der Hoorn	Netherlands
225646	C. Mayada	Uruguay
235374	M. Lazzari	Italy
186990	H. González	Mexico
201327	F. Ogude	Nigeria
209519	G. Laborde	France
212591	W. Zimmerman	United States
178287	S. Arfield	Canada
207984	A. González	Mexico
165232	O. Veigneau	France
214129	S. Barreiro	Colombia
230513	Gus Outomouro	Brazil
195698	C. Doukouré	Ivory Coast
226419	F. Sambueza	Argentina
192371	F. Rinaudo	Argentina
209780	S. Schrijvers	Belgium
112244	J. Plašil	Czech Republic
184436	A. Smithies	England
229749	A. Barboza	Argentina
230005	T. Davies	England
205942	S. Lung Jr.	Romania
219510	E. Ofori	Ghana
169590	D. Gibson	Republic of Ireland
179574	G. Hooper	England
201335	F. Santander	Paraguay
205431	N. Füllkrug	Germany
230519	Leandro Vivenço	Brazil
168567	A. Ramírez	Colombia
184183	S. Dewaest	Belgium
203128	T. Monconduit	France
214392	J. Cuero	Colombia
215416	Roni	Brazil
236920	J. Kluivert	Netherlands
215162	A. Donatti	Argentina
221306	M. Barrios	Colombia
170362	M. Oyola	Ecuador
225659	G. Rodríguez	Argentina
194171	K. Musona	Zimbabwe
203388	Tiago	Brazil
204156	S. Sanogo	Ivory Coast
216700	M. Meza	Argentina
160124	W. Segrado	Chile
186748	Vítor Gomes	Portugal
187004	M. Maâzou	Niger
192636	David Simão	Portugal
193148	V. Le Goff	France
208509	T. Foket	Belgium
213629	E. Pulgar	Chile
216701	H. Menosse	Uruguay
234621	Assis	Brazil
221310	A. Roa	Colombia
177790	A. Jędrzejczyk	Poland
183422	J. Howson	England
201343	T. Šunjić	Bosnia Herzegovina
221311	J. Arango	Colombia
228736	W. Faríñez	Venezuela
172672	Varela	Portugal
177280	T. Reginiussen	Norway
191104	J. Mercier	Argentina
205185	Ilori	Portugal
230529	Benjamin Meseira	Brazil
169345	M. Suttner	Austria
192129	K. Nordfeldt	Sweden
204163	J. Okore	Denmark
181123	T. Hořava	Czech Republic
132740	J. Hansen	Denmark
213380	K. Fatai	Nigeria
167812	S. Kaya	Turkey
168580	A. Rodríguez	Peru
160133	M. Celtejo	Chile
230277	Gustavo Lobateiro	Brazil
178566	J. García	Argentina
229255	Charles	Brazil
200841	C. Jenkinson	England
205193	K. Rekik	Netherlands
215177	F. Cerro	Argentina
215689	A. Petagna	Italy
172937	G. Murray	England
146058	Momo	Spain
209547	S. Mitrović	Serbia
219787	A. Mosquera	Colombia
230283	Evandro Rochedo	Brazil
213132	M. Sperduti	Argentina
228236	S. Deli	Ivory Coast
232076	D. Cure	Venezuela
188556	M. Diamé	Senegal
191628	L. Chichizola	Argentina
219789	H. Traoré	Mali
157581	D. Mesbah	Algeria
172685	Crespo	Spain
186253	T. Hubočan	Slovakia
187533	A. Ionov	Russia
189581	R. Kambolov	Russia
230286	Michel Cruceiro	Brazil
182670	M. Tekdemir	Turkey
190094	Javi Castellano	Spain
192910	G. Loria	Georgia
204687	P. Olkowski	Poland
190607	D. Quintero	Colombia
160144	M. Jimañez	Chile
234128	Luiz Araújo	Brazil
197777	J. Sala	Italy
188305	A. Bouhaddouz	Morocco
193169	C. Santos	Venezuela
193425	H. Behrens	Germany
208787	A. Thomasson	France
221331	L. Mazzitelli	Italy
183188	M. Gazzola	Italy
211093	C. McGregor	Scotland
214421	F. Hinestroza	Colombia
208534	A. Mawson	England
227222	F. Guilbert	France
176790	S. Aigner	Germany
193942	J. Colback	England
145047	Bruno Saltor	Spain
215703	Marlon Santos	Brazil
167575	A. Shunin	Russia
184471	A. Judge	Republic of Ireland
160152	A. Marelos	Chile
210329	F. Falco	Italy
224921	Marín	Spain
228761	O. Estupiñán	Colombia
164505	B. Guzan	United States
193945	N. Uysal	Turkey
209818	J. Brenet	Netherlands
3484	J. O'Shea	Republic of Ireland
160156	B. Peñena	Chile
137373	M. Gobbi	Italy
205469	S. Kverkvelia	Georgia
219806	F. Adi	Nigeria
200607	C. Schindler	Germany
202399	D. Arias	Colombia
204447	F. Lucioni	Italy
160159	J. Aterola	Chile
223136	Y. Erdoğan	Turkey
164256	Paulinho	Brazil
44960	N. Johansson	Sweden
139169	W. Erviti	Argentina
189857	Quique	Spain
215202	L. Janson	Argentina
176546	J. Zúñiga	Colombia
186274	K. Rausch	Russia
159908	E. Del Carro	Chile
160164	M. Guidaros	Chile
220837	D. Machado	Colombia
232869	G. Shoji	Japan
240037	S. Plavšić	Serbia
190629	D. Villalva	Argentina
190885	A. Smith	England
205478	M. Krmenčík	Czech Republic
205735	M. Pucciarelli	Italy
211879	J. Haberer	Germany
213927	M. Shevchenko	Ukraine
159911	R. Mantores	Chile
178087	Bueno	Spain
191655	Kim Seung Gyu	Korea Republic
202408	A. Flint	England
102056	S. Padoin	Italy
200106	A. Özbiliz	Armenia
221354	M. Veljković	Serbia
222634	I. Success	Nigeria
203435	I. Diomandé	Ivory Coast
210859	V. Laurini	France
172716	Alex López	Spain
185260	D. Kadah	Turkey
202157	A. Behich	Australia
175789	B. Bjarnason	Iceland
184749	D. Gosling	England
200110	M. Bizot	Netherlands
214190	L. Castellanos	Colombia
183982	N. Roux	France
209839	T. Letschert	Netherlands
191151	S. Sow	Mali
202672	Danilo Avelar	Brazil
209840	J. Jeanvier	France
102064	C. Terzi	Italy
138673	H. Yebda	Algeria
220337	J. Alonso	Paraguay
225201	Alex Berenguer	Spain
200882	J. Mbakogu	Nigeria
144306	E. Korkmaz	Turkey
233138	Y. Kobayashi	Japan
198579	Tano Bonnin	Dominican Republic
208564	P. Ankersen	Denmark
206517	J. Grealish	England
208053	D. Pelkas	Greece
180405	Lulinha	Brazil
166838	M. Pugh	England
205495	A. Lozano	Honduras
143799	Y. Ayhan	Turkey
216247	M. Tisserand	DR Congo
231095	N. Skubic	Slovenia
237239	E. Bardhi	FYR Macedonia
188599	M. Antenucci	Italy
159928	P. Candiyana	Chile
230328	Pierrino Faria	Brazil
231352	T. Abraham	England
186296	R. Neustädter	Russia
199353	M. Rzatkowski	Germany
211385	R. Durmisi	Denmark
213433	F. Tobio	Argentina
213689	B. Pearson	England
159929	R. Henriques	Chile
230330	Nivo Serpinho	Brazil
201403	Álvaro	Spain
168379	Carmona	Spain
181436	D. Marcq	France
199101	Raúl Lizoain	Spain
214973	L. Villafañez	Argentina
219581	S. Gigot	France
159933	E. Madrez	Chile
236221	D. Brašanac	Serbia
231102	L. Blas	France
198079	M. Büchel	Liechtenstein
207807	R. Fraser	Scotland
178111	M. Biševac	Serbia
184255	K. Sigþórsson	Iceland
202944	O. Hiljemark	Sweden
166080	Evandro	Brazil
214209	A. del Valle	Colombia
194753	L. Marrone	Italy
207554	V. Claesson	Sweden
223682	Granell	Spain
207555	F. Helander	Sweden
225475	Hernani	Brazil
193475	P. Souaré	Senegal
213956	Adama	Spain
222148	O. Duda	Slovakia
159940	J. Dorlans	Chile
178628	F. Forestieri	Italy
17605	T. Simons	Belgium
206022	E. Johansson	Sweden
210118	Hélder Lopes	Portugal
212678	L. Augustinsson	Sweden
159942	M. Rancoret	Chile
169158	J. Peters	Netherlands
189894	G. Sansone	Italy
198599	M. Linnes	Norway
207559	S. Tibbling	Sweden
148167	O. Kuzmin	Russia
224967	M. Sylla	Senegal
189383	M. Albæk	Denmark
202184	J. Plata	Ecuador
223689	W. Weghorst	Netherlands
232905	J. Ito	Japan
194761	Borja García	Spain
143306	T. Zengin	Turkey
18122	N. Penneteau	France
159946	D. Segoviniozo	Chile
163530	J. Clément	France
203979	M. Bakalorz	Germany
148684	A. Al-Habsi	Oman
204493	R. Holzhauser	Austria
227789	Kim Seung Joon	Korea Republic
230094	N. Stojiljković	Serbia
112847	J. Jones	United States
190671	M. Frantz	Germany
223952	David Soria	Spain
224977	A. Micai	Italy
159953	L. Goterio	Chile
230353	Oswaldito Cuba	Brazil
201938	A. Limbombe	Belgium
218066	M. Samatta	Tanzania
153298	A. Mvuemba	DR Congo
175314	K. McDonald	Scotland
212947	J. Cabot	France
216019	D. Musto	Argentina
236499	Douglas Luiz	Brazil
181459	V. Torosidis	Greece
205524	Rúben Ferreira	Portugal
159956	J. Ermeño	Chile
228821	Z. Machach	France
213974	D. Rodríguez	Uruguay
215254	L. Lollo	Argentina
201943	A. Cornelius	Denmark
204247	K. Frei	Turkey
200408	B. Gibson	England
204760	C. Taylor	England
208088	Sergi Samper	Spain
210648	A. Hegazy	Egypt
228312	R. Lod	Finland
169432	M. Lacen	Algeria
220633	D. Gray	England
226777	C. Larin	Canada
234457	P. Etebo	Nigeria
199387	P. Chavarría	Argentina
207835	Ademilson	Brazil
192732	E. Prib	Russia
223198	A. Adnan	Iraq
231390	Diogo Gonçalves	Portugal
232670	F. Zampedri	Argentina
221919	A. Zeneli	Kosovo
183519	N. Barazite	Netherlands
194015	J. Börner	Germany
198368	Tomás Pina	Spain
183520	Fran Mérida	Spain
193504	S. Caulker	England
203745	L. Blanchard	Italy
208609	R. Lawal	Nigeria
145889	Tito	Spain
169697	D. Randolph	Republic of Ireland
180706	C. Cathcart	Northern Ireland
197860	Ivo Pinto	Portugal
153060	J. Insaurralde	Argentina
220132	Zaldúa	Spain
187620	R. van Eijden	Netherlands
200677	Pedro Mendes	Portugal
183781	A. Bjelland	Denmark
184037	M. Kelly	England
142822	J. Gutiérrez	Argentina
187878	L. Mareček	Czech Republic
193510	D. Novaretti	Argentina
240359	O. Alderete	Paraguay
159976	H. Ejeda	Chile
184040	M. Hansen	Denmark
189160	G. McCleary	Jamaica
203241	Luccas Claro	Brazil
215018	B. Alemán	Uruguay
189930	I. Köybaşı	Turkey
210923	M. Al Owais	Saudi Arabia
53739	L. Grant	England
208364	Clinton Mata	Angola
169708	S. Hutchinson	England
188397	R. Rodelin	France
169710	L. Bridcutt	Scotland
177390	H. Medunjanin	Bosnia Herzegovina
164079	Juninho	Brazil
189936	R. Ruiter	Netherlands
200433	L. Hinterseer	Austria
164849	Paulo Machado	Portugal
198386	S. Dubarbier	Argentina
207858	D. Dwyer	United States
208114	Patrick	Brazil
212722	D. Yedlin	United States
220658	Ailton	Brazil
189938	M. van der Werff	Netherlands
214771	V. Ayala	Paraguay
230387	Heitinho Zanon	Brazil
183795	G. Margreitter	Austria
137460	A. Rosina	Italy
218868	A. Silva	Uruguay
212469	A. Ghazal	Egypt
164853	A. Federici	Australia
200438	Guilherme	Brazil
203766	A. El-Shenawy	Egypt
215798	M. Cornet	Ivory Coast
216054	N. Domínguez	Argentina
221430	U. Đurđević	Serbia
209911	C. Lungu	Zambia
201976	A. Gomis	Senegal
159992	D. Ballega	Chile
101880	R. Green	England
235512	Gelson Dala	Angola
193528	I. Sylla	Guinea
148217	A. Anyukov	Russia
220921	A. Esiti	Nigeria
164857	Edinho	Portugal
230393	Paolito Serra	Brazil
178425	G. Vives	Italy
198394	A. Kačaniklić	Sweden
217082	W. Ángel	Venezuela
159994	B. Leitoñez	Chile
189690	Guaita	Spain
202491	T. Carroll	England
208892	S. Byram	England
215292	M. Cauteruccio	Uruguay
176636	K. Vacek	Czech Republic
178684	Nuno André Coelho	Portugal
187644	C. Maidana	Argentina
214781	S. Romero	Argentina
225021	J. Benítez	Paraguay
54013	S. Downing	England
188157	L. Immers	Netherlands
188413	C. Carmona	Chile
190461	B. Sigurðarson	Iceland
218623	Cafú	Portugal
220671	F. Melchiorri	Italy
230399	Michildo Melo	Brazil
240896	C. Alemán	Ecuador
220673	R. Tapia	Peru
198146	S. Šćepović	Serbia
198658	F. Midtsjø	Norway
210434	F. Chafik	Morocco
160002	O. Jonia	Chile
188674	M. Pektemek	Turkey
146947	Vesga	Spain
222467	Ivi	Spain
180739	E. Kawashima	Japan
201220	L. Memushaj	Albania
219652	Rober Ibáñez	Spain
160004	M. Echeberria	Chile
176900	M. Candelo	Colombia
220165	J. Pohjanpalo	Finland
223749	O. Çınar	Turkey
185349	D. Odoi	Belgium
193029	A. Ajdarević	Sweden
200966	B. Corgnet	France
203782	A. Benali	Libya
204550	V. Ibarbo	Colombia
210182	M. Jahfali	Saudi Arabia
222982	A. Blin	France
162054	M. Bunn	England
201991	Erik Morán	Spain
138247	K. Stuhr-Ellegaard	Denmark
203783	T. Smith	England
210695	H. Aleesami	Norway
212231	Tobias Figueiredo	Portugal
230407	Miltisco Paulino	Brazil
233223	P. Brlek	Croatia
176903	M. Iturra	Chile
190471	B. Parker	South Africa
207624	K. Omeruo	Nigeria
223240	G. Bettini	Argentina
160008	L. Parreses	Chile
34824	A. Floro Flores	Italy
146953	Manu Del Moral	Spain
177673	S. Gashi	Albania
149258	A. Cordaz	Italy
138507	Toño	Spain
50955	J. Cavalli	France
215309	L. Albertengo	Argentina
223245	B. Fernández	Argentina
168974	D. Lafata	Czech Republic
197391	L. Vilsvik	Norway
200463	T. Melia	United States
143119	M. Pavone	Argentina
213007	A. Aseri	Saudi Arabia
222991	M. Saito	Japan
36111	K. Beckerman	United States
183567	E. Mulder	Netherlands
212240	K. Karaman	Turkey
163600	J. Ruddy	England
230672	Lyanco	Brazil
203793	A. Jóhannsson	United States
215569	Unai Garcia	Spain
205330	J. Louis	Haiti
187666	S. Pesyakov	Russia
225555	A. Oğuz	Turkey
225811	M. Moreno	Colombia
215060	N. Aguirre	Argentina
181780	T. Matavž	Slovenia
230421	Otávinho Vila	Brazil
189717	R. Ghoochannejhad	Iran
135190	M. Liendl	Austria
189462	J. Hoilett	Canada
160023	L. Muñezal	Chile
187415	V. Granat	Russia
186648	T. Kádár	Hungary
208153	L. Veldwijk	South Africa
164633	T. Hoogland	Germany
230425	Rubem Esteiro	Brazil
240409	D. Kolovetsios	Greece
175897	S. Ujkani	Kosovo
183833	I. Andriatsima	Madagascar
206106	E. Şahin	Turkey
208923	I. Ghaleb	Saudi Arabia
221467	Lee Chang Min	Korea Republic
228635	Borja Mayoral	Spain
186139	M. James	England
186651	G. Vural	Turkey
143644	S. Şahin	Turkey
224540	E. Boateng	Ghana
166940	A. Gaţcan	Moldova
207645	M. Barrow	Gambia
230429	Timo Triano	Brazil
191005	A. Elmohamady	Egypt
194333	R. Gikiewicz	Poland
205598	André Sousa	Portugal
220702	G. Silva	Uruguay
160030	G. Naballoz	Chile
194334	Daniel Ayala	Spain
219167	S. Vittor	Argentina
186143	O. Norwood	Northern Ireland
160032	J. Senparabia	Chile
232736	Y. Kobayashi	Japan
189472	Aridane	Spain
205857	E. Mathoho	South Africa
209698	B. Touré	Mali
230434	Pimentiscinho	Brazil
226851	B. Pavard	France
53027	A. Yahia	Tunisia
194083	Marco Paixão	Portugal
223524	E. Goldaniga	Italy
150565	H. Bedimo	Cameroon
222501	T. Castagne	Belgium
182053	K. Vassiljev	Estonia
216102	André Claro	Portugal
240166	N. Mihajlović	Serbia
184614	M. Kramer	Netherlands
157479	Pedro López	Spain
199464	L. Rose	France
183336	P. Helland	Norway
189480	J. Šural	Czech Republic
193064	Carlos David	Spain
204841	D. Riascos	Colombia
207657	F. Barrientos	Argentina
159017	K. Hämäläinen	Finland
160041	J. Oyarcan	Chile
201514	E. Kachunga	DR Congo
219690	Diego Galo	Brazil
220715	E. Ponce	Argentina
160043	A. Candelo	Chile
106795	G. Pegolo	Italy
234028	Rômulo Calsede	Brazil
160045	S. Ricuelme	Chile
183853	Aarón Ñíguez	Spain
227886	D. Buitrago	Colombia
52270	H. Westermann	Germany
209711	R. Thelander	Denmark
156975	C. Berra	Scotland
151856	P. Utaka	Nigeria
230448	Porphirinho	Brazil
184624	J. Rhodes	Scotland
204337	G. Núñez	Argentina
219953	Embarba	Spain
222513	R. Aarons	England
226865	Bruno Santos	Brazil
190769	E. Lamanna	Italy
201266	K. Kusk	Denmark
139058	O. Pérez	Argentina
211506	J. Swift	England
160050	F. Iturrado	Chile
227890	Nuno Santos	Portugal
45874	A. Farnerud	Sweden
189490	M. Boland	Germany
202035	N. Benezet	France
202547	J. Bahebeck	France
152883	C. Marshall	United States
189235	J. Hegeler	Germany
146996	Rubén	Spain
159284	R. Palladino	Italy
230452	Alessinito	Brazil
190516	Y. El Ghanassy	Belgium
193844	Portillo	Spain
224309	Joan Jordán	Spain
179509	T. Phibel	France
160054	E. Cubildas	Chile
231478	L. Martínez	Argentina
223543	Jonathan Cafú	Brazil
160055	R. Latorres	Chile
227127	Álex Remiro	Spain
171831	M. Mancienne	England
226616	J. Galván	Argentina
201529	M. Capuano	Italy
206649	A. Henríquez	Colombia
211513	T. Lawrence	Wales
158777	P. Tschauner	Germany
187705	E. Hernández	Mexico
193081	M. Saunier	France
191547	S. Koroki	Japan
199228	Pires	Portugal
139836	C. Medjani	Algeria
211260	M. Makola	South Africa
175932	R. De Laet	Belgium
203581	Balliu	Spain
216381	J. Zimmer	Germany
223293	Afonso Figueiredo	Portugal
160061	N. Aguileda	Chile
226877	Ivo Rodrigues	Portugal
230461	Leordinho Paes	Brazil
215358	M. Meli	Argentina
226110	N. Pépé	Ivory Coast
215615	Maikel Mesa	Spain
160063	A. Perosas	Chile
186687	G. Kačar	Serbia
208960	H. Henao	Colombia
234816	N. Gorosito	Argentina
188992	M. Estigarribia	Paraguay
209473	N. Ghilas	Algeria
149825	D. Murphy	Republic of Ireland
231745	L. Dimata	Belgium
202050	T. Bruns	Netherlands
205122	Adriano Facchini	Brazil
209218	J. Al Hussien	Syria
211522	A. Callens	Peru
226626	Ricardo Valente	Portugal
226627	T. Minamino	Japan
230211	Vanderlei Cõembra	Brazil
193091	B. Nuytinck	Netherlands
201285	C. Gytkjær	Denmark
199238	Yun Young Sun	Korea Republic
213063	Róber	Spain
155463	V. Găman	Romania
160071	M. Arguinarena	Chile
165191	C. Jerome	England
182343	Hao Junmin	China PR
223816	J. Rodríguez	Uruguay
226376	A. Romero Gamarra	Argentina
213321	T. Jurić	Australia
239433	N. Maksimović	Serbia
45129	D. Cacia	Italy
201290	R. Žulj	Austria
209738	A. Cadavid	Colombia
223818	João Afonso	Portugal
162890	J. Spector	United States
231242	A. Ounas	Algeria
170570	S. Ireland	Republic of Ireland
230219	Estevão Candeira	Brazil
153164	A. Faurlín	Argentina
158540	C. Campestrini	Argentina
186444	H. Harbaoui	Tunisia
139597	Javi Guerra	Spain
223053	A. Mena	Ecuador
226637	Rubén Duarte	Spain
176717	P. Karlsson	Sweden
230478	Jairinhazo	Brazil
198479	P. Arajuuri	Finland
199247	Álex Fernández	Spain
224591	Y. Bodiger	France
230479	Jessé Ledeiro	Brazil
189775	Gonçalo	Portugal
191055	Dídac Vilà	Spain
199504	T. Xhaka	Albania
210000	M. Gajos	Poland
155984	Markel Bergara	Spain
236112	Douglas Armeira	Brazil
160081	J. Rozalas	Chile
226385	C. Espinoza	Argentina
184401	Paulo Henrique	Brazil
234578	L. Reyes	Mexico
172882	P. Kone	Greece
214355	R. Jérez	Guatemala
234835	Domingos Duarte	Portugal
176211	M. Robak	Poland
203604	D. Pavelka	Czech Republic
160084	I. Bosquedo	Chile
230484	Adrián Burnabão	Brazil
202069	J. Fernández	Argentina
142677	L. Desábato	Argentina
160085	D. Dueña	Chile
204886	P. Gouano	France
225878	C. Domínguez	Paraguay
163670	B. Safari	Sweden
199511	W. Lautoa	New Caledonia
215383	A. Ndour	Senegal
215639	Kenedy	Brazil
183895	M. Moralez	Argentina
216408	L. Spalvis	Lithuania
224600	G. Čaušić	Serbia
184664	A. Collin	France
213337	Ismael	Brazil
222041	L. Boyé	Argentina
222553	S. Griesbeck	Germany
160089	B. Cespeda	Chile
202330	A. Diaby	Mali
142938	G. Denis	Argentina
205659	A. Cragno	Italy
146011	I. Uche	Nigeria
176475	R. Ovelar	Paraguay
209756	L. Jiménez	Colombia
212060	Luciano	Brazil
223324	N. Çürüksu	Turkey
105308	J. Gillet	Belgium
183644	A. Grünwald	Austria
193884	S. Clucas	England
199517	Claiton	Brazil
156253	J. Lewis	England
228702	F. de Jong	Netherlands
183391	G. Ndy Assembe	Cameroon
209504	B. Hrgota	Sweden
220513	F. Ricci	Italy
225121	Castro	Spain
205410	G. Espinoza	Chile
160098	R. Labral	Chile
203619	Nuno Henrique	Portugal
203875	J. Mattheij	Netherlands
186979	I. Jiménez	Mexico
211556	Carlos Hernández	Spain
160100	A. Pandaña	Chile
167524	J. Torres Nilo	Mexico
199781	R. Métanire	France
210533	João Schmidt	Brazil
211557	F. Barba	Italy
214373	A. Silva	Paraguay
199526	B. Megyeri	Hungary
203622	E. Gorodov	Russia
177766	G. Bong	Cameroon
52326	E. Jakupović	Switzerland
184422	L. Ardente	Argentina
139368	J. Shackell	England
214376	D. Andrade	Colombia
172904	L. Tomlin	England
201066	D. Kaiser	Germany
160106	I. Parraz	Chile
227690	D. Stotskiy	Russia
223339	Zé Manuel	Portugal
192363	M. Fenger	Denmark
179820	L. Robles	United States
178029	O. Hurmacı	Turkey
200302	G. Shinnie	Scotland
164462	N. Onuoha	England
188270	B. Ecuélé Manga	Gabon
188782	M. Morrison	England
146288	Vitolo	Spain
214384	F. Aguilar	Colombia
203633	M. Bruno	Belgium
215665	Filipe Ferreira	Portugal
230257	Clayton Fildeiras	Brazil
168561	E. Soto	Colombia
170353	Y. Kermorgant	France
179569	R. Majewski	Poland
189553	Lillo	Spain
191089	C. Wickham	England
200818	Bruno Uvini	Brazil
220018	A. Rebić	Croatia
182130	K. Németh	Hungary
225139	K. Dolly	South Africa
163187	R. Lamah	Belgium
230259	Juliano Mascarinhas	Brazil
190579	Y. Andreu	France
211060	Elsinho	Brazil
230516	Paulao Junqueiras	Brazil
229237	M. Akanji	Switzerland
204406	G. Achilier	Ecuador
205686	T. Savanier	France
142454	Verza	Spain
226166	N. Mukiele	France
183414	D. Di Gennaro	Italy
193910	A. Forshaw	England
215159	W. Camacho	Uruguay
156535	T. Buffel	Belgium
164471	Xisco	Spain
193143	Roderick Miranda	Portugal
214136	F. Meza	Colombia
224376	Philipe Sampaio	Brazil
229496	Marco Baixinho	Portugal
214393	D. Banguero	Colombia
228729	B. Valdez	Paraguay
230521	Nilsito Vilela	Brazil
199290	A. Khubulov	Russia
106874	D. Brivio	Italy
202107	A. Morales	United States
208251	S. Longo	Italy
218747	C. Pinares	Chile
222331	L. Klostermann	Germany
160123	B. Dunavante	Chile
173179	Torrejón	Spain
221564	N. Leiva	Spain
221820	Zhang Xizhe	China PR
230525	João Bruiñeira	Brazil
177533	Manuel da Costa	Morocco
224126	Crislan	Brazil
234622	G. Fofana	France
211327	M. Goicoechea	Uruguay
222079	J. Onomah	England
177279	R. Jenssen	Norway
221312	A. Pérez	Colombia
181120	Chong Te Se	Korea DPR
200065	A. Nukan	Turkey
202113	M. Odubajo	England
221313	E. Arango	Colombia
160129	R. Casirón	Chile
177537	N. Bertolo	Argentina
190593	D. Aleksić	Serbia
228738	J. Murillo	Venezuela
223875	Y. Bammou	Morocco
160131	F. Lecarnado	Chile
208260	D. Kourmpelis	Greece
190852	C. McManaman	England
3974	Moreira	Portugal
230278	Carleto Costinha	Brazil
188038	O. Čelůstka	Czech Republic
135303	Rodolfo	Brazil
158088	P. Álvarez	Argentina
179592	G. Boyd	Scotland
200073	M. Kosanović	Serbia
163209	S. Naismith	Scotland
230281	Mauro Riboas	Brazil
199563	B. Balaj	Albania
210315	De Tomás	Spain
191627	M. Rits	Belgium
208268	B. Cristante	Italy
167308	M. Kadlec	Czech Republic
194956	Edgar Costa	Portugal
229261	D. Zakaria	Switzerland
214158	Y. Gordillo	Colombia
224655	Rafael Defendi	Brazil
178319	W. Brama	Netherlands
211088	P. Mogilevets	Russia
225680	A. Mina	Ecuador
198033	Alex	Portugal
219793	T. Didillon	France
230289	Santi da Bruma	Brazil
199570	J. Sánchez	Mexico
212626	D. Selke	Germany
215698	M. Maignan	France
41874	B. Pedretti	France
183442	J. Henry	England
230291	Thiago Alminxa	Brazil
190356	Guedes	Portugal
193172	B. Marshall	England
201877	M. Møller Dæhli	Norway
214933	D. Rodríguez	Argentina
193429	Douglas	Brazil
208790	Z. Bakkali	Belgium
229526	M. Malyshev	Ukraine
229782	M. Gajić	Serbia
190614	D. Álvarez	Colombia
193686	V. Regini	Italy
199575	Jordi Masip	Spain
205207	C. Ramírez	Ecuador
170903	L. N'Guemo	Cameroon
186519	Juan Cala	Spain
230296	Cristian Lodeira	Brazil
172696	M. Ardemagni	Italy
198553	C. Gamboa	Costa Rica
202905	C. Nyman	Sweden
172953	A. Mariappa	Jamaica
189849	M. El Kabir	Morocco
193177	A. Traoré	Ivory Coast
137114	M. Ciani	France
205210	O. Lewicki	Sweden
160154	J. Darenova	Chile
230042	Y. Ait Bennasser	Morocco
230298	Walter Silvieiro	Brazil
184218	L. Vibe	Denmark
193690	Z. Tomašević	Montenegro
211099	O. Nguette	Senegal
227227	D. Álvarez	Mexico
220061	N. Gyömbér	Slovakia
179613	B. Sako	Mali
193693	Cauê	Brazil
198046	D. Dąbrowski	Poland
200094	M. Ozdoev	Russia
206238	Iván López	Spain
221342	Pablo Maffeo	Spain
225182	J. Barrera	Colombia
160158	M. Rocental	Chile
227230	Eber Bessa	Brazil
230302	Josué da Feira	Brazil
183454	E. Pisano	Italy
193182	W. Foderingham	England
215455	B. Petković	Croatia
152991	D. Marney	England
199840	Marco Matias	Portugal
189600	J. Hušbauer	Czech Republic
164769	S. Fletcher	Scotland
192673	M. Diallo	Senegal
212130	M. Maloča	Croatia
160162	F. Barridos	Chile
163490	M. Canini	Italy
177571	T. Derijck	Belgium
137380	M. Cassani	Italy
140196	Y. Endo	Japan
142756	P. Toranzo	Argentina
221860	C. Gruezo	Ecuador
230564	M. Gaćinović	Serbia
202149	E. Kaçe	Albania
214949	H. Manzala	DR Congo
224933	K. Lasagna	Italy
209063	S. Holmén	Sweden
183975	J. Kana-Biyik	Cameroon
194727	D. Contento	Germany
182440	R. Kruse	Australia
200105	J. Kappelhof	Netherlands
199594	Paco Montañés	Spain
142762	J. Bottinelli	Argentina
210602	S. Al Dawsari	Saudi Arabia
183722	Vagner	Brazil
193706	D. Dumić	Bosnia Herzegovina
209323	Maurides	Brazil
169387	E. Cascione	Italy
184747	C. Martin	Scotland
207788	S. Ben Youssef	Tunisia
222124	H. Fredes	Argentina
234924	A. Diakhaby	France
201389	C. Biraghi	Italy
202413	Hernán	Spain
205998	A. Biyogo Poko	Gabon
111022	David Navarro	Spain
217007	M. Thiam	Senegal
209329	Dória	Brazil
213937	Aketxe	Spain
225713	J. Augustin	France
164529	D. Moor	United States
234930	Pedro Rebocho	Portugal
210868	José Mari	Spain
183220	J. Morávek	Czech Republic
201141	T. Burlak	Russia
207797	Y. Banana	Cameroon
208309	I. Cissé	Belgium
212405	Alberto Martín	Spain
214965	C. Riaño	Argentina
226229	T. Kehrer	Germany
203446	A. Kali	Morocco
206006	E. Alioski	FYR Macedonia
208054	L. Fernández	Argentina
209846	C. Günter	Germany
222390	Unai López	Spain
184502	J. Cétout	France
210872	Wanderson	Brazil
212408	F. Mendy	Guinea Bissau
201145	M. Le Bihan	France
232377	T. Sekine	Japan
179897	R. Sigurðsson	Iceland
180409	C. Gülselam	Turkey
224186	J. de Wijs	Netherlands
226747	B. Perlaza	Colombia
192955	M. Klich	Poland
193211	A. Ignjovski	Serbia
191164	F. Martínez	Ecuador
193468	L. Benito	Switzerland
201917	Y. Sylla	Mali
163261	P. Bardsley	Scotland
230333	Jonas Damasto	Brazil
202686	N. Wells	Bermuda
140222	P. Da Silva	Paraguay
214718	M. Rodríguez	Chile
198335	B. Oviedo	Costa Rica
214463	W. Morelo	Colombia
214208	L. Pico	Colombia
222400	H. Winks	England
213697	P. McNair	Northern Ireland
221121	D. Rodríguez	Colombia
159937	M. Fierro	Chile
204738	R. Ibarra	Ecuador
221634	L. Acosta	Argentina
183746	A. Vršajevič	Bosnia Herzegovina
190658	O. Coulibaly	Mali
216003	B. Kapustka	Poland
160195	M. Lobaño	Chile
190659	H. Bazile	France
195011	R. Utsiev	Russia
230341	Joshuando Sá	Brazil
156358	M. Muñoz	Mexico
184518	O. Şişmanoğlu	Turkey
193222	F. Giefer	Germany
214727	A. Zaldívar	Mexico
219591	S. Šimić	Czech Republic
159943	A. Escavar	Chile
228295	R. Holding	England
236999	D. Guzman	Costa Rica
176583	L. Álvarez	Uruguay
188871	L. Kozák	Czech Republic
219848	David Costas	Spain
221896	D. Avdijaj	Kosovo
230344	Jeff Meirson	Brazil
205257	N. Sliti	Tunisia
160201	B. Caderado	Chile
229321	Amilton	Brazil
204234	Edgar Badía	Spain
206538	K. Stewart	England
142794	F. Erpen	Argentina
217546	Sequeira	Portugal
224202	I. Chochev	Bulgaria
190666	M. Gulde	Germany
193226	B. Jeannot	France
222411	J. Prior	France
227787	Kim Jong Woo	Korea Republic
187339	J. Hamad	Sweden
189899	V. Wormgoor	Netherlands
213452	Albizua	Spain
220620	F. Hadergjonaj	Switzerland
227788	An Hyeon Beom	Korea Republic
197837	D. Boyata	Belgium
217805	A. Martín Arias	Argentina
225997	B. Verbič	Slovenia
228302	Pedraza	Spain
176846	M. Mariga	Kenya
200911	B. Stancu	Romania
139727	F. Boeckx	Belgium
229071	K. Onisiwo	Austria
189135	N. Calderón	Mexico
200912	M. Răduţ	Romania
155344	Shin Hwa Yong	Korea Republic
181456	R. Genevois	Haiti
232145	B. Berisha	Kosovo
199378	M. Duhamel	France
169426	Barragán	Spain
186578	A. King	Wales
193234	A. Jali	South Africa
135891	K. Overmeire	Belgium
239315	Rafael Furlan	Brazil
170964	P. Granoche	Uruguay
236245	A. Elis	Honduras
177621	C. Rodríguez	Mexico
189397	F. Jungwirth	Germany
220118	I. Bel Hassani	Morocco
199895	L. Lacroix	Switzerland
178135	S. De Witte	Belgium
186839	N. McGinn	Northern Ireland
219864	Cotán	Spain
231128	H. Toledo	Argentina
199897	N. Höfler	Germany
213209	K. Acosta	United States
230361	Mauro Cildinho	Brazil
176345	Kwoun Sun Tae	Korea Republic
195033	M. Leckie	Australia
179930	S. Pawłowski	Poland
155355	Lee Chung Yong	Korea Republic
230363	Paulo Mesqueira	Brazil
189403	N. Baker	England
138462	Gonçalo Brandão	Portugal
227550	D. Viera	Paraguay
230366	Silvosinho	Brazil
176094	P. Tytoń	Poland
231391	João Carvalho	Portugal
199392	M. Aguirregaray	Uruguay
188128	Manu Barreiro	Spain
201953	J. Sánchez Miño	Argentina
204513	M. Dupé	France
16097	N. Rimando	United States
219617	J. Arzura	Argentina
159969	J. Cambados	Chile
163297	M. Krasić	Serbia
177633	Ángel	Spain
179681	M. Samudio	Paraguay
188385	M. Martin	France
193250	M. Leovac	Croatia
199651	Fernando Canesín	Brazil
204771	R. Baca	Mexico
221923	Vigaray	Spain
159971	O. Oyanadir	Chile
189155	S. Souprayen	France
216036	R. Delgado	Argentina
32740	J. Wiland	Sweden
194020	Pelé	Guinea Bissau
138981	Tiago Gomes	Portugal
227813	O. Zinchenko	Ukraine
167653	M. Troest	Denmark
236773	M. Siopis	Greece
198630	Arroyo	Spain
199910	A. Zotov	Russia
215015	B. Bianchi	Argentina
219879	M. Pisano	Argentina
236007	E. Barco	Argentina
149224	E. Calaió	Italy
162280	A. Mierzejewski	Poland
177896	M. Vrančić	Bosnia Herzegovina
137449	J. Callsen-Bracker	Germany
230377	Sanaldo Caiado	Brazil
202986	Sin Jin Ho	Korea Republic
234986	P. Retsos	Greece
198379	G. Thorne	England
201707	A. Fiola	Hungary
209643	M. Vilotić	Serbia
186347	M. Rybus	Poland
202220	C. Sapong	United States
212204	B. Mechele	Belgium
208621	Óscar Plano	Spain
201966	A. Søderlund	Norway
204526	Hervías	Spain
221422	S. Ingason	Iceland
230383	Pombaxinho	Brazil
230384	Nuno Padrenda	Brazil
175088	V. Bernárdez	Honduras
189680	Fábio	Brazil
203505	J. Bryan	England
205553	L. Ceppitelli	Italy
20209	Ricardo Costa	Portugal
167665	N. Domingo	Argentina
172529	B. Hämäläinen	Denmark
200434	L. Cavanda	Belgium
159986	L. Cinterio	Chile
159987	V. Seldero	Chile
172019	P. Mouche	Argentina
204276	T. Hemed	Israel
176628	J. Hyka	Albania
47860	A. Mangane	Senegal
183540	B. Bannan	Scotland
193780	I. Hajrović	Bosnia Herzegovina
198133	L. Bacuna	Curacao
208374	A. Wooten	United States
212214	A. Solari	Argentina
159990	J. Hernandero	Chile
168950	S. Allagui	Tunisia
152567	A. Tettey	Norway
226807	C. Roldan	United States
236791	A. Barák	Czech Republic
183287	F. Lemoine	France
198904	G. Hanley	Scotland
230392	Ailtio Coelho	Brazil
142329	A. Tziolis	Greece
222457	B. Mensah	Ghana
232441	M. Higashiguchi	Japan
212474	Tiago Silva	Portugal
177914	M. Güven	Turkey
204539	L. Advíncula	Peru
230395	Denaldo Carneiro	Brazil
190459	A. Hansen	Norway
198908	I. Cofie	Ghana
177404	S. Fürstner	Germany
189436	L. Ariaudo	Italy
218621	F. Sánchez	Argentina
159997	C. Mestierra	Chile
226045	J. Gallardo	Mexico
200446	Camilo	Brazil
224510	W. Bou	Argentina
171774	Luso	Spain
178430	N. Frey	France
209407	L. Lollo	Italy
162047	Zapater	Spain
232191	Lee Ho Seung	Korea Republic
142592	I. Damonte	Argentina
230144	A. Dioussé	Senegal
138497	Amaya	Spain
184833	C. Grossmüller	Uruguay
185089	E. Echiéjilé	Nigeria
202754	C. Râpă	Romania
206594	S. March	England
214018	J. Cabezas	Colombia
233986	Jony Reitosa	Brazil
54018	P. Niemeyer	Germany
137987	J. Lotiès	France
216067	R. Gagliolo	Italy
224003	Sergio Herrera	Spain
240899	J. Filipović	Croatia
207876	A. González	Venezuela
193796	Isma López	Spain
214021	F. Torijano	Colombia
162053	L. Chambers	England
230405	Barbosaldinho	Brazil
231685	R. Pierre-Gabriel	France
199174	A. Caracciolo	Italy
231942	Han Chan Hee	Korea Republic
45574	R. van der Vaart	Netherlands
210439	K. Boutaïb	Morocco
215559	Lucas Evangelista	Brazil
156423	J. Medina	Mexico
157703	U. Hünemeier	Germany
223751	G. Jung	Germany
184071	R. Koolwijk	Netherlands
189447	A. Sobiech	Poland
229896	Jordi Calavera	Spain
166664	Molinero	Spain
208137	Lucas Torró	Spain
49161	O. Deschacht	Belgium
199946	Danilo	Belgium
205834	S. Lundevall	Sweden
230410	Natinho Mestres	Brazil
234762	Alberto Benito	Spain
186890	T. Masilela	South Africa
229899	E. Ben Nabouhane	Comoros
234763	Ramón Folch	Spain
184587	T. Kupisz	Poland
213260	S. Montoya	Colombia
200461	M. Makuszewski	Poland
139533	A. Hutton	Scotland
231949	S. Ghoddos	Iran
216334	P. Gerkens	Belgium
222222	S. Filip	Romania
160014	Y. Sanpian	Chile
181006	Serginho	Brazil
177935	K. Constant	Guinea
203024	Isaías	Spain
196881	J. Velázquez	Venezuela
209937	Quini	Spain
213777	I. Fossum	Norway
229137	E. Rolland	France
201746	R. Guzmics	Hungary
202770	C. Ripley	England
221714	A. Morelos	Colombia
190738	H. Nielsen	Norway
237075	C. Ramirez	United States
179731	D. Cabrera	Mexico
205334	A. Koura	France
223510	A. Mendy	France
160022	G. Parreses	Chile
229654	Gerard Valentín	Spain
204823	Nildo Petrolina	Brazil
142359	A. Lucarelli	Italy
199960	J. Paterson	England
211736	R. Leipertz	Germany
230424	Sandelas Júnior	Brazil
168984	I. Bangoura	Guinea
189208	C. Sheridan	Republic of Ireland
200473	S. Skrzybski	Germany
205081	Diego Oliveira	Brazil
205849	E. Andrada	Argentina
212249	S. Kerk	Germany
224538	Pedro Nuno	Portugal
235290	K. Bonifazi	Italy
180250	William	Brazil
215067	D. Rosero Valencia	Colombia
156443	C. Janker	Germany
45083	S. von Bergen	Switzerland
186140	F. Macheda	Italy
134941	S. Sidwell	England
206109	Y. Chibsah	Ghana
211741	T. Schütz	Germany
137758	S. Rizzato	Italy
204830	Vadillo	Spain
226078	Trezeguet	Egypt
237086	Kim Min Jae	Korea Republic
190494	D. Opare	Ghana
202271	A. Gogia	Germany
203807	E. Bekdemir	Turkey
209439	A. Gyurcsó	Hungary
224031	A. Marušić	Montenegro
160031	M. Miyin	Chile
34079	A. Cole	England
167967	Pedro Júnior	Brazil
194847	Ryan Mendes	Cape Verde
196896	Babanco	Cape Verde
139296	D. Nugent	England
208160	D. Jevtić	Switzerland
159520	N. Fernández	Argentina
189728	G. Marilungo	Italy
213537	B. Sarr	Senegal
214817	A. Sagal	Chile
157217	N. Cardozo	Argentina
159265	C. Puggioni	Italy
197154	A. Machado	Panama
210466	Gégé	Cape Verde
210722	J. Tavares	Cape Verde
211234	E. Fernández	France
194082	Flavio Paixão	Portugal
205347	M. Luongo	Australia
206115	I. Hayden	England
230435	Luis Couprins	Brazil
177955	D. Guerrero	Mexico
215332	C. Auzqui	Argentina
228644	R. Strieder	Germany
199205	Raphael Martinho	Brazil
230181	Heitor Gesse	Brazil
199974	A. Özek	Turkey
213030	J. Marié	France
220198	B. Celina	Kosovo
224294	L. Cook	England
232230	R. Matarrita	Costa Rica
178470	L. Vitale	Italy
194086	D. Lévêque	France
206631	K. Rowe	United States
217639	Y. Kashiwagi	Japan
160039	M. Hascien	Chile
223272	I. Močinić	Croatia
161832	Víctor Casadesús	Spain
240936	J. Grimm	France
201257	T. Moulin	France
210985	B. Osborn	England
230441	Vieiraldo Junior	Brazil
236073	Alam Lindeiro	Brazil
185129	P. Glykos	Greece
188201	T. Costa	Argentina
52778	A. Rochat	Switzerland
202283	Lins	Brazil
236075	Enzo Merques	Brazil
209196	P. Ziereis	Germany
228908	J. Berthomier	France
236076	Marlion Simões	Brazil
219181	Pedro Tiba	Portugal
224045	Juan Muñoz	Spain
197166	J. Agudelo	United States
199726	M. Torsiglieri	Argentina
148526	P. Kieszek	Poland
160046	M. Parediso	Chile
198704	J. McEachran	England
205360	K. Roofe	England
192816	L. Cabrera	Uruguay
196913	J. Campos	Bolivia
199729	D. Royer	Austria
220209	K. Lawrence	Jamaica
232241	M. Caktaš	Croatia
186161	G. Sunu	France
198194	D. Williams	United States
172850	R. Leeuwin	Netherlands
186674	R. Espinoza	Honduras
198964	Tyronne	Spain
213557	João Pedro	Portugal
160309	A. Rivas	Colombia
201526	U. Bech	Denmark
192310	Lionn	Brazil
198455	J. Larsson	Sweden
200759	J. Schlupp	Ghana
224567	André Leal	Portugal
170039	R. Shotton	England
181559	F. Bellugou	France
196151	S. Motta	Colombia
185144	M. Coda	Italy
192824	W. Mesloub	Algeria
205369	R. Schoofs	Belgium
217657	V. Afonin	Uzbekistan
222265	E. Nabiullin	Russia
237369	Vitinho	Brazil
137786	V. Di Cesare	Italy
212282	I. Sylla	Guinea
227642	S. Adegbenro	Nigeria
186682	Montoro	Spain
191034	Cyriac	Ivory Coast
203067	D. Chará	Colombia
220475	A. Grassi	Italy
230459	Tiago Pombeira	Brazil
160060	R. Fardenal	Chile
179516	R. Hennings	Germany
49212	J. Speroni	Argentina
209981	Y. Bounou	Morocco
210237	T. Pledl	Germany
17725	A. Hughes	Northern Ireland
225085	J. Bamba	France
168253	I. Dia	Senegal
52797	C. Ledesma	Italy
185405	D. Kuciak	Slovakia
202048	C. Coady	England
190528	J. Gol	Poland
197953	E. O'Kane	Republic of Ireland
209729	B. McKay	Scotland
161857	F. Klein	Austria
206402	M. Putnocký	Slovakia
214338	E. Toloza	Colombia
221250	G. Poblete	Argentina
193602	M. Coronel	Argentina
204355	P. Dummett	Wales
156227	Carlitos	Portugal
184387	J. Bostock	Trinidad & Tobago
196932	Y. Sanogo	France
207684	G. Gianniotas	Greece
163396	J. Vaughan	England
235844	E. Álvarez	Mexico
190276	S. Sunzu	Zambia
193860	T. Schick	Austria
208965	A. Asiri	Saudi Arabia
224325	J. Sánchez	Colombia
171077	Carpio	Spain
199750	R. Hassan	Nigeria
203590	F. Hübner	Germany
211270	E. Saveljich	Montenegro
160070	R. Aguileda	Chile
162886	R. Martin	Scotland
212807	K. Manneh	United States
225863	O. Boscagli	France
211784	N. Maupay	France
213064	F. Calvo	Costa Rica
179528	Xavi Torres	Spain
182856	E. Bourgaud	France
214601	S. Medina	Colombia
224841	K. Diks	Netherlands
160073	R. Baderos	Chile
167753	A. Büyük	Turkey
188234	Felipe	Brazil
162891	D. Jones	England
189003	G. Belaud	France
145996	Seoane	Spain
172620	M. Cahais	Argentina
228173	Ricardo Lopes	Brazil
196942	Iñigo Pérez	Spain
214350	M. Rangel	Colombia
215374	S. Hogan	England
228942	D. Cools	Belgium
187982	M. Dąbrowski	Poland
212047	M. Pintilii	Romania
217167	G. Sandoval	Mexico
199761	M. Kamiński	Poland
192337	B. Diawara	Senegal
221266	C. Salom	Palestine
225106	Jorge Sáenz	Spain
176210	J. Kiełb	Poland
180818	D. McGoldrick	Republic of Ireland
200275	Y. Mokhtar	Morocco
201299	N. Leali	Italy
203859	L. Aveldaño	Argentina
160083	J. Aldunsate	Chile
231507	A. Soto	Argentina
189779	M. Basha	Albania
199508	D. Cvetinović	Serbia
204372	E. Başsan	Turkey
185172	V. Fiorillo	Italy
190549	M. Henriksen	Norway
198230	Germán	Spain
205654	M. Kone	Ivory Coast
208470	F. Holland	Germany
230486	Paulolettinho	Brazil
172886	S. Malezas	Greece
203863	L. Fariña	Argentina
213591	J. Cornejo	Chile
169815	C. Luna	Argentina
182103	E. Arévalo Ríos	Uruguay
203864	B. Zuculini	Argentina
219736	E. Horvath	United States
157528	M. Stoppelkamp	Germany
210521	S. Çikalleshi	Albania
173401	A. Vaņins	Latvia
150106	A. Papadopoulos	Greece
160090	J. Arandero	Chile
164954	T. Taiwo	Nigeria
184154	N. De Pauw	Belgium
200539	Gaztañaga	Spain
220763	R. Thomas	New Zealand
230235	Alex das Freitas	Brazil
173147	D. Dessena	Italy
200796	João Diogo	Portugal
176732	M. Bjärsmyr	Sweden
49756	J. Poulsen	Denmark
160093	A. Salvamanos	Chile
167005	V. Fayzulin	Russia
207454	P. Rodríguez	Argentina
219998	J. Mauri	Italy
185438	N. Bärkroth	Sweden
198751	J. Madueña	Mexico
215391	I. Seck	Senegal
221279	L. Kelly	Republic of Ireland
232543	S. Bertoli	Argentina
167519	E. Juárez	Mexico
225120	R. Aït Atmane	Algeria
192608	M. Barthelmé	France
121185	C. Schulz	Germany
199266	Ji Dong Won	Korea Republic
223074	D. Rotariu	Romania
199779	A. Hoffmann	Germany
203363	G. Valsvik	Norway
183395	C. M'Bengue	Senegal
191843	A. Al Khaibari	Saudi Arabia
218981	H. Palacios	Colombia
229221	William	Brazil
183141	Oier	Spain
191589	A. Haghighi	Iran
226662	B. Nieuwkoop	Netherlands
178022	C. Gönen	Turkey
218471	Kim Min Woo	Korea Republic
224103	E. Aguirre	Mexico
228967	Edu Machado	Portugal
235623	Álvaro	Spain
173415	M. Knaller	Austria
191079	H. Dean	England
195687	Baena	Spain
208232	E. Cocalić	Bosnia Herzegovina
215144	E. Insúa	Argentina
159080	C. Bryson	Scotland
160104	C. Vendoval	Chile
136553	Lee Dong Gook	Korea Republic
210281	C. Pellerano	Argentina
183145	S. Logan	England
198250	Z. Korcsmár	Hungary
220522	D. Hernández	Colombia
231530	José Arnáiz	Spain
162411	E. Villa	Argentina
204908	D. Ndongala	DR Congo
216428	T. Okriashvili	Georgia
222060	Nathan	Brazil
199277	M. Jonckheere	Belgium
169069	J. Martins Pereira	France
172141	J. van den Berg	Netherlands
217710	M. Barragán	Mexico
192110	C. Fierro	Mexico
198511	Mika	Portugal
185199	S. Ribas	Uruguay
194927	A. Sapeta	Russia
198000	J. Morrow	United States
222832	João Teixeira	Portugal
29552	S. Nakamura	Japan
198513	Cláudio Ramos	Portugal
199537	J. Cuffaut	France
203377	A. Tighadouini	Morocco
142705	M. González	Argentina
221553	V. Kjartansson	Iceland
225137	R. Coetzee	South Africa
199282	A. Abrashi	Albania
217714	P. Arriola	United States
169586	F. Campbell	England
177522	Suso Santana	Spain
192370	M. Formica	Argentina
205427	Djaniny	Cape Verde
215155	F. Zuqui	Argentina
200820	J. Obita	England
214388	D. Asprilla	Colombia
234612	J. Ikoné	France
215157	F. Lértora	Argentina
167797	Nsue	Equatorial Guinea
189557	A. Rispoli	Italy
193141	I. Pillud	Argentina
213110	P. Sané	Senegal
164470	Pita	Spain
175990	J. Rosenthal	Germany
211063	G. Koutroumpis	Greece
230263	Adeilson Gesser	Brazil
186999	C. Peña	Mexico
197496	Y. Al Mosailem	Saudi Arabia
198776	J. Williams	Wales
199288	A. Losilla	France
135032	N. Zimling	Denmark
212088	M. Abdul Shafy	Egypt
226168	M. Eggestein	Germany
175736	K. Sankaré	Senegal
225145	R. Mphahlele	South Africa
231545	Miguel Silva	Portugal
169593	K. Lee	England
189561	B. Koita	France
196217	Marcos Pizzelli	Armenia
208250	A. Bakasetas	Greece
218746	Pozo	Spain
219514	Derley	Brazil
230266	Heltinho Melo	Brazil
230522	Nascimentardo	Brazil
173434	P. Barrera	Mexico
192634	Marc Mateu	Spain
200059	C. Coosemans	Belgium
165243	C. Cambon	France
189819	Rogerinho	Brazil
211068	K. Kodro	Bosnia Herzegovina
175996	D. Halfar	Germany
168317	H. Goitom	Eritrea
188541	P. Schiattarella	Italy
189053	F. Caputo	Italy
143742	S. Kurtuluş	Turkey
229758	R. Krunić	Bosnia Herzegovina
192126	N. Bahoui	Sweden
196991	C. Diandy	Senegal
212607	M. Chanot	Luxembourg
214911	A. Parot	Chile
216447	Álvaro García	Spain
225151	A. Traoré	Mali
161663	S. Viera	Uruguay
169343	M. Madl	Austria
233600	A. Warda	Egypt
179840	M. Spiranovic	Australia
192128	M. Albornoz	Chile
224385	H. Yamada	Japan
163713	C. Mandanne	France
201346	L. Boyce	Northern Ireland
207746	S. Yago	Burkina Faso
230530	Hugo Rubiães	Brazil
177282	Yannick Djaló	Portugal
230019	V. Nsimba	DR Congo
230275	Emerson Avintes	Brazil
205188	R. Alioui	Morocco
164484	J. Dahlin	Sweden
236164	Martin Cordeia	Brazil
183940	V. Anita	Netherlands
176773	D. Larsson	Sweden
187013	O. Alanís	Mexico
189573	Guarrotxena	Spain
199302	Santos	Brazil
202374	E. Asante	Ghana
176007	H. Kage	DR Congo
204936	J. Egan	Republic of Ireland
178312	D. Bassi	Italy
172425	S. Bamba	Ivory Coast
175753	C. Bolaños	Costa Rica
177802	M. Costanzo	Switzerland
204171	S. Diallo	Guinea
205451	B. Röcker	Germany
212107	A. Jahović	FYR Macedonia
228748	F. Fernández	Paraguay
184972	Nílton	Brazil
221582	J. Palacios	Colombia
224142	C. Henao	Colombia
120718	F. Coltorti	Switzerland
137359	C. Lepoint	Belgium
214671	R. Gómez	Argentina
150415	M. Caligiuri	Germany
231823	J. Hoogma	Netherlands
236175	Marlion Rolim	Brazil
193679	M. Correia	Portugal
211856	K. Akpoguma	Germany
199569	E. Torres	Mexico
210321	R. Quioto	Honduras
199058	S. Tkachev	Russia
204690	P. Hosiner	Austria
231826	Y. Karamoh	France
234898	S. Chernik	Belarus
152723	L. Rosenior	England
220051	M. Miloš	Croatia
231571	J. Lucumi	Colombia
176019	T. Matton	Belgium
188563	Alan Baró	Spain
211348	S. Dimitrievski	FYR Macedonia
227732	A. Donis	Greece
230292	Eltildo Bessa	Brazil
192660	S. Polter	Germany
194196	F. Diagne	Senegal
209301	M. Poundjé	France
175253	W. Ayoví	Ecuador
180629	V. Procházka	Czech Republic
222358	O. Barreto	Colombia
190870	J. Boye	Ghana
199319	A. Elek	Hungary
203159	T. Kister	Germany
226711	N. Omladič	Slovenia
176023	Nano	Spain
192663	F. Klos	Germany
195479	J. Tavernier	England
201368	K. McLean	Scotland
203672	C. Galano	Italy
212632	W. Dutoit	France
165784	D. Bottinelli	Argentina
178584	A. Pearce	Republic of Ireland
199833	L. Unnerstall	Germany
203161	M. Franke	Germany
233113	Aleñà	Spain
236441	F. Bustos	Argentina
237209	M. Mitrović	Croatia
187033	S. Morrison	England
188825	A. Kashi	Algeria
192665	A. Luthe	Germany
198810	B. Wright	Australia
228762	G. Troupée	Netherlands
232090	G. Aburjania	Georgia
190362	T. Pukki	Finland
192922	O. Jiménez	Mexico
226203	J. Jones	Trinidad & Tobago
235675	M. García	Argentina
173467	V. Kavlak	Austria
180635	T. Elphick	England
223388	A. Sukhov	Russia
235164	L. Mora	Italy
181404	L. Mabiala	DR Congo
157597	N. Kranjčar	Croatia
236189	Túlio Sandoiro	Brazil
51101	M. Domizzi	Italy
164766	L. Wallace	Scotland
52126	F. Balmont	France
186270	G. Ghazaryan	Armenia
194718	A. Baby	Senegal
176031	Pereirinha	Portugal
199584	M. Kieftenbeld	Netherlands
225440	C. Embalo	Guinea Bissau
230560	A. Issoko	DR Congo
198817	R. Amalfitano	France
205985	I. Kiese Thelin	Sweden
209569	H. Al Moqahwi	Saudi Arabia
225441	K. Palmer	England
232097	A. Harit	Morocco
190113	M. Günok	Turkey
193185	S. Malone	England
193953	A. Camara	Guinea
232610	T. Asano	Japan
182178	G. Berardi	Switzerland
204451	K. Günter	Turkey
207523	S. Medojević	Serbia
232099	M. Grujić	Serbia
240035	N. Albiach	Spain
179875	D. N'Doye	Senegal
209828	Carlinhos	Brazil
214436	P. Díaz	Chile
227236	A. Zambo Anguissa	Cameroon
152741	M. Williamson	England
160165	E. Elgueta	Chile
237989	S. Hanca	Romania
213414	W. Troost-Ekong	Nigeria
219814	S. Klaiber	Netherlands
224422	J. Boga	Ivory Coast
50598	D. Bent	England
201895	D. Fagundez	Uruguay
160167	R. Peradezes	Chile
162471	A. Keogh	Republic of Ireland
199848	Pedro Moreira	Portugal
138920	R. Vitiello	Italy
203177	D. Foulquier	France
140201	Y. Okubo	Japan
159913	A. Fuentoza	Chile
190633	H. Dalsgaard	Denmark
202154	F. Bordagaray	Argentina
206506	T. Dingomé	France
160170	W. Cestedo	Chile
192938	Y. Ngbakoto	DR Congo
199339	M. Riemann	Germany
136363	Jung Jo Gook	Korea Republic
200108	N. Boilesen	Denmark
218540	A. Oyongo	Cameroon
160172	H. Salazores	Chile
188844	Marc Valiente	Spain
160173	G. Varelinto	Chile
229037	Borja Valle	Spain
207790	K. Ayhan	Turkey
229038	Christian Rivera	Spain
230319	André Milazisco	Brazil
201136	M. Colin	France
202416	Martos	Spain
215216	A. Niz	Argentina
223920	A. Avlonitis	Greece
231600	Marc Navarro	Spain
200113	F. Jozefzoon	Netherlands
212401	S. Moreira	France
214193	D. Mosquera	Colombia
179633	S. Rieks	Denmark
205234	A. Akaichi	Tunisia
142258	S. Bossut	Belgium
211378	J. Irvine	Australia
216498	I. Mystakidis	Greece
223922	A. Bouchalakis	Greece
229298	Leonardo	Brazil
236466	C. Michelin	France
171954	B. Kısa	Turkey
203699	G. Courtet	France
221619	V. Cabrera	Argentina
222643	J. Silva	Mexico
183475	S. Grytebust	Norway
183987	S. Celozzi	Germany
201908	A. Wisdom	England
222644	Y. Asad	Argentina
227508	Melero	Spain
199861	W. Sobota	Poland
204213	I. Latovlevici	Romania
240309	Y. Makarenko	Ukraine
168630	M. Dabo	France
204215	A. Reach	England
215223	W. Benítez	Argentina
234935	João Talocha	Portugal
186551	F. Navarro	Mexico
198840	Abraham	Spain
173752	C. Gunter	Wales
188600	M. Abeid	Algeria
214201	C. Alzáte	Colombia
165561	C. Villagra	Argentina
191673	Kwon Soon Hyung	Korea Republic
198843	Aday Benítez	Spain
210363	L. Wílchez	Argentina
219835	N. Camacho	Paraguay
190907	Rhayner	Brazil
230332	Wiliam Santinho	Brazil
231868	L. Ruíz	Colombia
166844	K. Lafferty	Northern Ireland
178108	André Leão	Portugal
186812	J. Guerrón	Ecuador
202429	D. da Costa	Germany
206269	L. Jans	Luxembourg
220093	H. Hateboer	Netherlands
221885	P. Seguin	Germany
229053	Z. Yıldırım	Turkey
126909	M. Yüce	Turkey
223422	E. Loeschbor	Argentina
189118	Thiago Cionek	Poland
199103	A. Domínguez	Ecuador
208063	Ju Se Jong	Korea Republic
207553	M. Rohdén	Sweden
210625	K. Mbabu	Switzerland
158657	T. Kessler	Germany
182209	M. Beevers	England
186817	R. Halliche	Algeria
216258	I. Bebou	Togo
203971	C. Tainmont	France
204227	Z. Gano	Belgium
212419	T. Mings	England
18115	Rúben Fernandes	Portugal
192451	G. Carey	Republic of Ireland
138181	M. Turner	England
213445	E. López	Mexico
160197	E. Perozca	Chile
161733	J. Rivas	Mexico
234949	João Amaral	Portugal
178117	A. Rosi	Italy
139974	H. Ghaly	Egypt
213446	R. López	Mexico
230342	Edsinho Torres	Brazil
187590	Z. Sadaev	Russia
160199	F. Padrenda	Chile
231111	A. Hack	Germany
171975	G. Bergessio	Argentina
193223	Marcelo Sarvas	Brazil
212424	W. Trapp	United States
160200	J. Jernal	Chile
172232	J. Toivio	Finland
198857	S. Romagnoli	Italy
201417	M. Doherty	Republic of Ireland
202697	J. Stephens	England
210377	João Teixeira	Portugal
184777	E. Herrera	Mexico
200138	M. Hector	Jamaica
138698	A. Abdi	Switzerland
227530	D. Lemos	Argentina
200395	M. Silva	Uruguay
203211	Nenê Bonilha	Brazil
211147	V. Lazaro	Austria
190667	M. Terrazzino	Germany
210380	D. Diamantakos	Greece
217036	Álex Moreno	Spain
223436	I. Sarr	Senegal
235212	A. Hakimi	Morocco
209613	P. Iemmello	Italy
214733	M. Cerato	Argentina
224461	W. Montoya	Argentina
160205	M. Hostados	Chile
188621	A. Meijers	Netherlands
197838	Juninho	Brazil
198350	D. Bentley	England
199118	V. Prodell	Sweden
215502	B. Drągowski	Poland
227790	Jeong Seung Hyun	Korea Republic
219087	S. Vegas	Chile
164559	C. Wondolowski	United States
181455	A. Cissokho	France
201936	Kim Jin Hyeon	Korea Republic
203216	Héctor	Spain
138704	I. Cissokho	Senegal
205008	Adryan	Brazil
212432	Cho Hyun Woo	Korea Republic
229584	P. Stenzel	Germany
182224	Wang Dalei	China PR
140497	R. Wallace	Scotland
214993	P. Alvarado	Argentina
175313	E. Fejzullahu	Kosovo
216530	P. Velázquez	Paraguay
216531	Paulinho	Portugal
159955	P. Freitas Conceição	Chile
234195	D. Warmerdam	Netherlands
187859	B. Saré	Burkina Faso
191443	F. Mancinelli	Argentina
192467	F. Bećiraj	Montenegro
229332	Campillo	Spain
172756	T. Jodłowiec	Poland
160213	J. Canderio	Chile
181205	A. Hloušek	Czech Republic
125397	H. Arıkan	Turkey
213718	B. Acosta	Costa Rica
226518	A. Milić	Croatia
230358	Tramontinaldo	Brazil
192982	Felipe Silva	Brazil
206295	G. Terziev	Bulgaria
217047	A. Godoy	Panama
202968	Yun Il Lok	Korea Republic
148696	E. Ruud	Norway
152536	B. Johnson	England
153048	M. Eikrem	Norway
162776	I. Abaev	Russia
231640	Javi Ontiveros	Spain
171992	Juan Carlos	Spain
190424	E. Adu	Ghana
192728	M. Hartmann	Germany
205529	L. Antei	Italy
160217	R. Verenas	Chile
199386	B. Linssen	Netherlands
202458	N. Foor	Netherlands
206042	J. Dezi	Italy
39386	D. Beasley	United States
176346	Choi Chul Soon	Korea Republic
205531	V. Verre	Italy
216283	Danilo	Brazil
230107	L. Coulibaly	Mali
232411	C. Nkunku	France
201436	D. Kulakov	Ukraine
229084	R. Herrera	Uruguay
229596	M. Etame	Cameroon
139229	C. Salcido	Mexico
145117	Dorca	Spain
217565	Jubal	Brazil
158685	Defendi	Brazil
228829	M. Roberts	England
177373	L. Nielsen	Denmark
195037	D. Batth	England
201438	H. Van Der Bruggen	Belgium
220638	Luismi	Spain
223966	Vítor Bruno	Portugal
190942	K. Hansen	Denmark
230367	Tony Muttinho	Brazil
193247	H. Lindner	Austria
200672	Zhang Linpeng	China PR
208096	T. Eisfeld	Germany
212449	M. Pavlović	Croatia
138722	B. Jones	England
219106	F. Al Berahim	Kuwait
163810	R. Almer	Austria
189923	C. Nhamoinesu	Zimbabwe
138468	D. Rozehnal	Czech Republic
205540	J. Ibe	England
209892	B. Rabello	Chile
222692	B. Schmitz	Germany
225252	J. Duque	Colombia
234980	Y. Shakhov	Ukraine
185316	T. Rogne	Norway
209381	N. Verdier	France
153061	G. Colman	Argentina
185061	J. Morales	Argentina
212710	Joel Pereira	Portugal
153062	V. Figueroa	Argentina
159974	R. Rebones	Chile
179686	M. Edu	United States
193254	C. Trimmel	Austria
201447	S. Lletget	United States
204519	C. Martina	Curacao
237799	K. Sugimoto	Japan
181479	A. Wilkinson	Australia
184807	Mano	Portugal
200424	B. Rienstra	Netherlands
172520	P. Kanstrup	Denmark
189928	G. Scognamiglio	Italy
196072	R. Millar	Chile
200425	M. te Wierik	Netherlands
207593	J. Uronen	Finland
153066	L. Licht	Argentina
201451	Sami	Guinea Bissau
212715	S. Palacios	Argentina
237291	G. Blanco Leschuk	Argentina
45548	T. Hysén	Sweden
200429	B. Raman	Belgium
202989	Lee Jong Ho	Korea Republic
226797	I. Malcorra	Argentina
210926	A. Ateef	Saudi Arabia
216302	E. García	Mexico
201967	G. Wikheim	Norway
156655	E. Braafheid	Netherlands
225263	D. Ćaleta-Car	Croatia
236271	L. Caicedo	Ecuador
144368	S. Yıldırım	Turkey
163056	N. Champagne	Argentina
198641	K. Zohore	Denmark
206577	S. Peeters	Belgium
226289	U. Agbo	Nigeria
232433	H. Belkaroui	Algeria
178417	C. Mulgrew	Scotland
190193	A. Tetteh	Ghana
213490	I. Brown	England
179698	L. Grimi	Argentina
224243	D. Dos Santos	Netherlands
226035	J. Morris	United States
186355	E. Conde	Uruguay
193267	F. Pisacane	Italy
198900	U. Ćosić	Serbia
214772	N. Pasquini	Argentina
137461	J. Gjasula	Albania
226805	A. Sjöberg	Sweden
232693	C. Awaziem	Nigeria
212470	M. Rodriguez	Uruguay
214006	Y. Candelo	Colombia
230390	Alexandre Frandeira	Brazil
233974	Nathael Silbeira	Brazil
202487	Jair	Brazil
223223	K. Vandendriessche	France
232183	C. Fai	Cameroon
167159	S. Hagen	Norway
234488	M. Rygaard	Denmark
182520	M. Männel	Germany
219641	Cristian López	Spain
233977	Eduardo Fonseira	Brazil
235002	L. Rosić	Serbia
169978	R. Beerens	Netherlands
200443	B. Douglas	Scotland
206075	S. Johnstone	England
167931	R. Elliot	Republic of Ireland
177915	D. Capelli	Italy
49659	K. Ziani	France
147196	A. Kozlov	Russia
228092	S. Berge	Norway
140029	O. Pérez	Mexico
189437	C. Pasquato	Italy
198654	A. Kolomeytsev	Russia
204030	S. Kitsiou	Greece
204542	Y. Yotún	Peru
212478	G. Zardes	United States
215294	C. Menéndez	Argentina
159998	T. Zentena	Chile
233982	Vágner Corraldo	Brazil
53502	D. Sjölund	Finland
193278	C. Mavinga	DR Congo
159999	E. Conferio	Chile
107263	F. Ben Khalfallah	Tunisia
207616	A. Webster	England
208384	R. Abdullah	Comoros
210688	A. Trondsen	Norway
230400	Allison Sireo	Brazil
233472	N. Sarenren Bazee	Nigeria
179712	Z. Stieber	Hungary
182528	K. Erasmus	South Africa
184320	R. Bianco	Italy
192768	K. Abdallah	Comoros
203265	T. Blackett	England
143617	O. Adın	Turkey
193537	A. Fink	Germany
198914	J. Hochscheidt	Germany
160770	O. Skúlason	Iceland
223747	S. Kingsley	Scotland
225539	D. Solanke	England
232451	H. Watanabe	Japan
240131	Gabrielzinho	Brazil
178179	T. Priskin	Hungary
240900	Unai Nuñez	Spain
197893	I. Paurević	Croatia
204549	D. Roef	Belgium
206085	J. Murphy	England
212229	Filipe Chaby	Portugal
214533	J. Villota	Colombia
176389	Jung Sung Ryong	Korea Republic
112389	T. Giresse	France
201990	Saborit	Spain
140038	J. Rodríguez	Mexico
210438	F. Boulaya	Algeria
165894	Yang Dong Hyen	Korea Republic
203528	A. Bangoura	Guinea
238856	Pedro Sá	Portugal
184328	G. Perico	Italy
197641	B. Leroy	France
199689	A. Sepúlveda	Mexico
200713	S. Aydoğdu	Turkey
206601	M. Sampirisi	Italy
214025	C. Higuita	Colombia
233993	Ricky Guerreda	Brazil
184585	A. Bogdán	Hungary
189961	V. Kadlec	Czech Republic
214026	J. Mojica	Colombia
162314	P. Whittingham	England
228618	F. Mendy	France
233738	Zubeldia	Spain
188938	C. Álvarez	Argentina
222475	M. Thorsby	Norway
222987	H. Yamaguchi	Japan
223243	E. Aguilera	Argentina
162315	L. Ridgewell	England
187915	E. Kujović	Sweden
199692	H. Mier	Mexico
144396	A. Şahin	Turkey
222988	T. Aoyama	Japan
226060	R. Assalé	Ivory Coast
183565	A. Feick	Germany
173326	Máyor	Spain
188430	V. Rüfli	Switzerland
201999	J. Flanagan	England
207887	F. Schnellhardt	Germany
214031	G. Mera	Colombia
220175	O. Kemen	France
230415	Lourival Dinisco	Brazil
233231	Jon Bautista	Spain
233999	Jairo Farnias	Brazil
238095	N. Milenković	Serbia
183823	Héctor Verdés	Spain
16	Luis García	Spain
148496	A. Malarz	Poland
189456	L. Cooper	Scotland
214545	E. Blanco	Colombia
220177	G. Grozav	Romania
221201	T. Leibold	Germany
221969	F. Mladenović	Serbia
222225	S. Popov	Bulgaria
222993	Y. Kakitani	Japan
202002	L. Landre	France
212754	C. Fiore	Belgium
156434	F. Rodríguez	Mexico
164626	T. Kristensen	Denmark
170514	A. Balzano	Italy
184338	G. Bellusci	Italy
195090	Z. Brkić	Serbia
214547	L. Páez	Colombia
183315	D. González	Colombia
204308	H. Van Crombrugge	Belgium
215572	Alberto	Spain
227604	F. Platte	Germany
234772	Salvi	Spain
191252	M. Gaus	Germany
204821	Y. Toutouh	Denmark
184341	R. Maniero	Italy
185109	M. Sadlok	Poland
124949	S. Sarıoğlu	Turkey
211990	O. Vlachodimos	Germany
155671	L. Trałka	Poland
193303	A. Richards	Wales
206104	S. Dursun	Germany
207640	M. Yattara	Guinea
220184	Jorginho	Portugal
160025	J. Aldegrisa	Chile
230169	Victor Fachinhas	Brazil
239641	Alfa Semedo	Guinea Bissau
193561	K. Leerdam	Suriname
194329	Javi Ros	Spain
216346	A. Powell	Jamaica
232730	D. Kamada	Japan
169498	J. Garner	England
192026	Souza	Brazil
229147	João Vigário	Portugal
28	Manu Herrera	Spain
216860	V. Černý	Czech Republic
220700	M. Azira	Uganda
224796	J. Rodríguez	Argentina
228124	M. Jonjić	Croatia
189724	N. Vujadinović	Montenegro
160029	E. Baderia	Chile
172317	David Fernández	Spain
200734	Mejías	Spain
204062	D. Keet	South Africa
215070	G. Ortíz	Argentina
185120	M. Volta	Italy
199201	M. Batdal	Turkey
234017	Allan Ardaújo	Brazil
235297	M. Bero	Slovakia
193057	C. Benschop	Netherlands
205858	M. Nyatama	South Africa
227362	S. Rosted	Norway
172322	R. Goreux	Haiti
171555	J. Mucha	Slovakia
173859	S. Baldock	England
190499	K. Laribi	Tunisia
209444	Bruno Nascimento	Brazil
235812	G. Kvilitaia	Georgia
187940	D. Guidileye	Mauritania
209957	J. Busk	Denmark
169509	J. Fojut	Poland
235813	R. Marin	Romania
45605	M. Brighi	Italy
234278	S. Breitkreuz	Germany
208679	R. Himmelmann	Germany
223016	S. Ay	Turkey
233512	A. Toşca	Romania
163625	G. Leadbitter	England
232489	Y. Komai	Japan
183593	J. John	Netherlands
138026	D. Verhulst	Belgium
215082	F. Muñoz	Argentina
160042	L. Galados	Chile
220203	D. Khomchenovskyi	Ukraine
230443	Ansel Barnisco	Brazil
183339	J. Berget	Norway
195371	L. Owona	Cameroon
202540	E. Reijnen	Netherlands
220204	R. Bezjak	Slovenia
160044	S. Cerrión	Chile
230188	Alam Araújo	Brazil
189996	Marcelo Toscano	Brazil
226093	C. Adams	England
192045	L. Rodríguez	Mexico
194349	J. Tinhan	France
197678	A. Ahamada	Comoros
206126	T. Rantie	South Africa
217646	S. Nishikawa	Japan
230190	Renatao Baumer	Brazil
173614	J. Pearce	England
110638	Cifuentes	Spain
121134	A. Walke	Germany
204847	T. Kane	England
218415	A. Bjelica	Serbia
222511	E. Unsain	Argentina
160047	A. Mercelán	Chile
203568	P. Wszołek	Poland
152880	C. Cohen	England
219184	J. Vergara	Colombia
212785	Vinícius Araújo	Brazil
234033	Borja Lasso	Spain
177969	I. González	Mexico
220466	F. Mattiello	Italy
223794	P. Schobesberger	Austria
170290	D. Cotterill	Wales
205619	T. Langerman	South Africa
221747	G. Díaz	Argentina
229683	Rodrigo Pinho	Brazil
230195	Alexio Sanctos	Brazil
193331	K. Darlow	England
196916	M. Pack	England
139572	A. Cordaro	Belgium
225844	D. Verde	Italy
173108	E. Dreer	Ecuador
205365	J. Kopic	Czech Republic
207669	E. Finlay	United States
208437	M. Eriksson	Sweden
217653	H. Takahashi	Japan
160053	R. Andrero	Chile
230965	N. Nández	Uruguay
182837	K. LuaLua	DR Congo
187701	G. Corral	Mexico
222262	C. Dessers	Belgium
225591	L. Suárez	Argentina
168759	E. Manucharyan	Armenia
197688	Gabriel Silva	Brazil
160056	J. Celerios	Chile
165176	S. Freis	Germany
197689	A. Seculin	Italy
216377	S. Kutschke	Germany
178233	A. Sutchuin-Djoum	Cameroon
198970	J. Mensah	Ghana
204346	Fede Vico	Spain
206650	R. Robayo	Colombia
202811	E. Martinez	Argentina
204347	Bernardo	Spain
211515	P. Gollini	Italy
214331	L. Ruiz	Colombia
107579	F. Agliardi	Italy
239675	R. Rezaeian	Iran
208700	D. Blum	Germany
210236	M. Hefele	Germany
156988	A. Nocerino	Italy
202557	Esmael	Portugal
218430	S. Saad	Egypt
240702	R. Yaremchuk	Ukraine
186430	Manucho	Angola
135743	Alex Geijo	Spain
203327	A. Galabinov	Bulgaria
211263	L. Magallán	Argentina
192319	L. Garbutt	England
230464	Alam Basteirinho	Brazil
232512	Y. Kashiwa	Japan
192320	G. Gardner	England
197441	Angel Martínez	Spain
223297	Carraça	Portugal
170305	C. Skuse	England
183361	A. Weber	France
190529	M. Cetnarski	Poland
138306	Angulo	Spain
160066	D. Aguileda	Chile
228674	G. Tigiev	Russia
212803	Z. Clough	England
219715	R. Di Gennaro	Italy
163907	G. Zuiverloon	Suriname
184643	J. Villafaña	United States
203588	Q. Martinus	Curacao
213316	Lee Kwang Sun	Korea Republic
160068	C. Sobedra	Chile
225604	A. Zuev	Russia
212037	M. Al Bassas	Saudi Arabia
213573	M. Gersbeck	Germany
214085	N. Carreño	Colombia
232517	N. Silva	Argentina
183365	N. Cherubin	Italy
222022	L. Di Plácido	Argentina
13127	Vítor Silva	Portugal
214343	D. Moreno	Colombia
222535	L. Orejuela	Colombia
192071	M. D'Alessandro	Italy
209736	Victor Andrade	Brazil
230472	Renaldo Justinho	Brazil
231240	E. Mor	Turkey
192072	A. Stoian	Romania
205641	L. Nangis	France
200778	C. Christie	Republic of Ireland
203850	C. Dibon	Austria
205386	G. Hubert	Belgium
230474	Macarinho Louro	Brazil
189514	H. Afful	Ghana
157515	E. Velarde	Mexico
225100	J. Gomez	England
226636	N. Sánchez	Argentina
232524	N. Romat	Argentina
170828	Shikabala	Egypt
107084	M. Langer	Austria
215117	L. Desábato	Argentina
215373	S. Coopman	Belgium
152909	H. Bouazza	Algeria
160077	A. Danteón	Chile
201038	M. Djuricin	Austria
142670	R. Braña	Argentina
229966	Nando	Spain
190542	Pedro Sánchez	Spain
202064	L. Arias	Colombia
203344	Thiago Galhardo	Brazil
217168	J. Abella	Mexico
230480	Raphael Paneira	Brazil
240976	M. Saracchi	Uruguay
183632	R. Tesche	Germany
214097	B. Bourigeaud	France
236113	Jailson Oliva	Brazil
138066	L. Obraniak	Poland
204370	S. van de Streek	Netherlands
207954	B. Behrendt	Germany
227667	I. Mbenza	Belgium
188499	M. Iori	Italy
215380	G. Milan	Argentina
217940	D. Djené	Togo
197973	O. González	Chile
223573	Munir	Morocco
139862	J. Marveaux	France
212054	B. Idowu	Russia
183382	G. Mandjeck	Cameroon
211287	M. Fofana	Ivory Coast
221271	T. Pellenard	France
224599	Yan Junling	China PR
190807	Yazalde	Portugal
178264	Nenê	Brazil
223065	G. Toledo	Argentina
230489	Diogildo Peixe	Brazil
183385	A. Guédioura	Algeria
214106	J. Lopera	Colombia
176474	P. Escobar	Bolivia
191834	N. Al Shamrani	Saudi Arabia
168283	D. Perrinelle	France
190555	Mossa	Spain
165724	R. Murawski	Poland
220509	L. Venuti	Italy
236893	Rui Pedro	Portugal
190557	G. Zusi	United States
199262	Kim Young Wook	Korea Republic
214366	R. Carrascal	Colombia
160094	Y. Sanctissis	Chile
236382	M. Olivera	Uruguay
203871	V. Viola	Argentina
207711	Chuli	Spain
225375	K. Laimer	Austria
233055	D. Suzuki	Japan
190559	P. Quiñonez	Ecuador
138336	B. Holman	Australia
225632	O. Burke	Scotland
229984	B. Chilwell	England
183392	D. Pollet	Belgium
138081	M. Chrétien	Morocco
230241	Enzo Chissano	Brazil
233825	N. Leguizamón	Argentina
235873	B. Cabezas	Ecuador
187489	D. Meyler	Republic of Ireland
170082	S. Gleeson	Republic of Ireland
191842	H. Fallatah	Saudi Arabia
194146	K. Long	Republic of Ireland
230243	Breno Bemposta	Brazil
179811	B. Capon	Belgium
193891	Borja Viguera	Spain
201572	M. Korhut	Hungary
224100	D. Depetris	Slovakia
228708	L. Martínez Quarta	Argentina
176996	A. Robic	France
194916	António Filipe	Portugal
205157	Ruíz de Galarreta	Spain
205669	Luís Martins	Portugal
205158	Guillermo	Spain
210534	C. Kouakou	Ivory Coast
214118	M. Casierra	Colombia
202599	I. Coronado	Brazil
223335	L. Diarte	Argentina
229991	Fran Villalba	Spain
178023	I. Konuk	Turkey
184935	A. Bouka Moutou	Congo
193895	P. Yakovlev	Russia
204904	M. Bauer	Austria
210536	A. Ngamukol	Equatorial Guinea
173160	N. Viola	Italy
205929	N. Thomsen	Denmark
207465	Felipe	Brazil
209001	M. Fallatah	Saudi Arabia
222825	C. Akolo	DR Congo
192617	T. Perthel	Germany
200298	J. Rivierez	France
204394	E. Gyasi	Ghana
205674	Fran Carbia	Spain
231786	A. Šporar	Slovenia
205163	E. Huws	Wales
209003	J. Silva	Paraguay
215147	L. Giannetti	Argentina
219755	U. Matić	Serbia
227179	J. Muñoz	Colombia
210028	W. Bakhashwain	Saudi Arabia
212332	R. Ramírez	Paraguay
239212	Carlos López	Spain
193900	J. Hunt	England
199789	M. Yumlu	Turkey
213613	S. Gustafson	Sweden
160109	C. Lederos	Chile
240493	A. Paschalakis	Greece
192621	D. Nounkeu	Cameroon
194925	L. Moult	England
205934	N. Murru	Italy
162926	P. Gallagher	Scotland
230510	Vicemte Tófoli	Brazil
190575	F. Zuculini	Argentina
192367	I. Canuto	Argentina
210544	Willyan	Brazil
224368	M. Doumbia	Mali
231280	Iván Alejo	Spain
177520	J. Schuster	Germany
197233	A. Diallo	Senegal
201841	N. Dussenne	Belgium
203889	Y. Touzghar	Tunisia
211057	Pablo Valcarce	Spain
177521	B. Nehrig	Germany
186993	J. Cortés	Mexico
211826	R. Czichos	Germany
227186	A. Batalla	Argentina
199283	E. Lenjani	Albania
233075	Garrido	Spain
169843	B. Turner	England
239475	J. González	United States
131444	R. Würtz	Denmark
210548	L. Capezzi	Italy
189300	M. Johansson	Sweden
198261	T. Ream	United States
200309	T. Darikwa	England
11381	M. Gilks	Scotland
225653	G. Kerk	Netherlands
190581	U. Dávila	Mexico
223862	Vasco Rocha	Portugal
165494	F. Niell	Argentina
169078	L. Freeman	England
234870	E. Karaca	Turkey
189558	B. Salamon	Poland
208247	L. Spendlhofer	Austria
160119	C. Echagovia	Chile
183671	E. Terranova	Italy
230520	Sevinho Santos	Brazil
208505	R. Zozulya	Ukraine
218745	O. Ntcham	France
157305	R. Lindgren	Sweden
177273	J. Domínguez	Mexico
178297	Canella	Spain
209786	A. Gcaba	South Africa
210042	J. Wurtz	Germany
223610	Concha	Spain
188538	V. Sasso	France
192890	E. Trejo	Mexico
201083	M. Kucharczyk	Poland
205691	R. Pucino	Italy
207739	M. Havenaar	Japan
214907	F. Bahlouli	France
232571	S. Nakatani	Japan
181371	Léo Silva	Brazil
193147	A. Gonçalves	France
145020	Mora	Spain
227964	Lucas Venuto	Brazil
178556	D. Holla	Netherlands
213117	S. Lex	Germany
213885	S. Slavchev	Bulgaria
215165	C. Rius	Argentina
220029	S. Khaoui	France
200574	Kim Won Il	Korea Republic
207998	D. Ward	Wales
210814	J. Velázquez	Argentina
162174	D. Biondini	Italy
177278	D. Rangelov	Bulgaria
144511	L. Greco	Italy
210303	D. Linsmayer	Germany
142720	C. Araujo	Argentina
211840	M. Hartmann	Germany
189568	A. Sissoko	Mali
198017	M. Pereira	France
209281	Y. Al Shehri	Saudi Arabia
217217	D. Cerén	El Salvador
219521	M. García	Argentina
161921	P. Leciejewski	Poland
188033	E. El Hadary	Egypt
188289	E. Rivière	France
205186	P. Gazzaniga	Argentina
205954	R. Emelyanov	Russia
214146	E. Perlaza	Colombia
225666	D. Nagy	Hungary
188546	S. Štilić	Bosnia Herzegovina
135043	A. Lindegaard	Denmark
223107	M. Yıldırım	Turkey
230531	Saberto Botelho	Brazil
223876	Hugo Seco	Portugal
226436	H. ter Avest	Netherlands
229764	Córdoba	Spain
205701	S. Delev	Bulgaria
220805	A. Castro	Colombia
222597	E. Ohemeng	Ghana
214918	M. Mier	Uruguay
160134	G. La Parra	Chile
236679	Melendo	Spain
191111	E. Salomonsson	Sweden
198024	Y. de Lanlay	Norway
233096	D. Dumfries	Netherlands
184456	E. Lichaj	United States
187528	K. Kombarov	Russia
199305	M. Wittek	Germany
207753	Oh Ban Suk	Korea Republic
209289	K. Rodrigues	Portugal
223881	J. Chiarini	Argentina
232329	K. Kanatsızkuş	Turkey
189065	F. Renzetti	Italy
199562	Ilie Sánchez	Spain
144010	Y. Kurtuluş	Turkey
230794	Nacho Gil	Spain
233866	O. Edouard	France
234122	Artur	Brazil
192906	L. Rodríguez	Argentina
205963	D. Texeira	Uruguay
211339	R. Cardozo	Bolivia
155532	C. Ikeme	Nigeria
169100	I. Anya	Scotland
236172	Nilson Padilho	Brazil
174732	G. Gómez	Panama
233101	R. Kortsmit	Netherlands
193421	Javi Lara	Spain
199566	M. Nelom	Netherlands
225934	C. Yambéré	Central African Rep.
240526	M. Fouzair	Morocco
176270	Y. Movsisyan	Armenia
201359	M. Abu	Ghana
208015	S. Badji	Senegal
224143	Querol	Spain
186511	René	Spain
213136	S. Willems	France
165520	O. Scarione	Argentina
232080	J. Harrison	England
116368	Y. Hadji	Morocco
199313	A. Bamba	Ivory Coast
213905	S. Gallagher	England
236690	M. Ngadeu-Ngadjui	Cameroon
183955	T. Chevalier	France
191123	D. Alar	Austria
193427	F. Bérenguer	France
199060	G. Tzavellas	Greece
201876	O. Omoijuanfo	Norway
140180	M. Ogasawara	Japan
220052	I. Bubnjić	Croatia
140181	H. Sogahata	Japan
205973	V. Sané	Senegal
144021	C. Schwegler	Switzerland
216981	G. Kastaneer	Netherlands
224917	T. Rakhale	South Africa
179605	A. Taarabt	Morocco
160150	A. Sendillas	Chile
162198	G. Gimbert	France
227990	Señé	Spain
237207	S. Kalu	Nigeria
199832	S. Neumann	Germany
209304	J. Iloki	France
212120	M. Heylen	Belgium
194200	Trujillo	Spain
197785	D. Fabbrini	Italy
200601	Yoon Bit Garam	Korea Republic
205465	M. Pušić	Austria
207769	P. Caballero	Argentina
51353	K. Miller	Scotland
188313	Diogo Viana	Portugal
190361	Toño Ramirez	Spain
200346	M. Żyro	Poland
236186	Ever Corredeira	Brazil
148635	D. De fauw	Belgium
149147	G. Stendardo	Italy
219803	D. Cavaré	France
236699	S. Lukić	Serbia
199580	C. Goldson	England
205212	David Ferreiro	Spain
184220	M. Diskerud	United States
204701	S. Khelifi	Switzerland
206493	Y. Abdelhamid	Morocco
212381	R. Insigne	Italy
215965	C. Strandberg	Sweden
160157	A. Venteros	Chile
229533	Tiago Mesquita	Portugal
183453	P. Oniangué	Congo
201374	Fernández	Spain
202910	D. Mitov Nilsson	FYR Macedonia
212126	N. Ninković	Serbia
173470	C. Leitgeb	Austria
225951	D. Bouanga	Gabon
198560	Carlos Ruiz	Spain
211872	P. Heise	Germany
214944	Gerard	Spain
204449	S. Marzo	Belgium
204450	P. Diamanka	Senegal
213666	R. Loftus-Cheek	England
215970	B. Bolingoli	Belgium
187042	A. Konradsen	Norway
198819	K. Bérigaud	France
140451	M. Kightly	England
159907	A. Adanuy	Chile
170915	Sastre	Spain
189603	M. Morys	Germany
126883	A. Durak	Turkey
198564	Jona	Honduras
202148	A. Khalili	Sweden
161700	F. Clerc	France
51620	C. Varrault	France
209317	P. Vlachodimos	Greece
216229	R. Dugimont	France
235173	I. Sangaré	Ivory Coast
192165	Paulinho	Brazil
204966	Adrián Ortolá	Spain
160166	E. Lueiza	Chile
232870	N. Ueda	Japan
194726	J. Ahlmann	Denmark
213159	G. Morozov	Russia
234151	David Carmona	Spain
235943	Rafa Navarro	Spain
211880	M. Welzmüller	Germany
211881	Q. Moll	Germany
213930	P. Budkivskyi	Ukraine
221610	D. Dibusz	Hungary
223402	E. Taşdemir	Turkey
187818	A. Borysiuk	Poland
188586	J. Flum	Germany
200107	R. Bonevacia	Curacao
136875	B. Lobonţ	Romania
207531	S. Thesker	Germany
232619	K. Shibasaki	Japan
240043	F. Manojlović	Serbia
216492	G. Oboabona	Nigeria
224428	F. Otero Tovar	Colombia
169644	J. Maghoma	DR Congo
219566	F. Friday	Nigeria
214191	R. Perez	Colombia
214447	S. López	Argentina
159919	F. Millados	Chile
232623	Y. Ideguchi	Japan
168879	M. Al Shalhoub	Saudi Arabia
188335	A. Budimir	Croatia
204464	J. Ralls	England
157617	M. Steinhöfer	Germany
223921	D. Kolovos	Greece
159921	R. Abarsola	Chile
160177	H. Galdamos	Chile
124337	A. Turan	Turkey
204210	F. Gardoş	Romania
208306	M. Stępiński	Poland
225970	A. Gnoukouri	Ivory Coast
184242	F. Ojo	Belgium
211635	Jeong Woon	Korea Republic
215987	F. Oreja	Argentina
224179	Borja Iglesias	Spain
167603	A. Ryazantsev	Russia
202164	P. Kitchen	United States
208052	A. Yiadom	Ghana
209332	M. Salvi	Switzerland
229556	Allano	Brazil
232884	S. Doi	Japan
203445	B. Kessel	Germany
209333	C. Maxwell	Wales
221621	S. Birnbaum	United States
159925	I. Modonza	Chile
202678	J. Risdon	Australia
210358	A. Brignoli	Italy
223926	S. Bastien	Belgium
160182	H. Sepulveño	Chile
231862	L. Castro	Colombia
171190	Nauzet Alemán	Spain
8631	Ricardo Pessoa	Portugal
199352	S. Çinaz	Turkey
224440	J. Pollersbeck	Germany
183736	D. Marcellis	Netherlands
191160	M. Gould	South Africa
205753	E. Salli	Cameroon
212409	A. Rentería	Colombia
220089	S. Dursun	Turkey
224953	André Moreira	Portugal
201146	Errasti	Spain
204474	Dani Nieto	Spain
221370	M. Al Buraik	Saudi Arabia
224442	B. Kamara	France
231866	Rodrigo	Spain
188602	W. Rémy	France
195258	L. Schmitz	Germany
198331	M. Vydra	Czech Republic
204731	Joãozinho	Portugal
177083	R. Strauß	Germany
193467	Morcillo	Spain
212156	S. Rincón	Colombia
169404	J. Fejzić	Bosnia Herzegovina
198589	G. Garza	United States
207805	L. Sadiku	Kosovo
222397	M. Risso	Uruguay
224189	Y. Barbet	France
160189	D. Artuago	Chile
232381	Wesley	Brazil
189885	C. Noone	England
220862	J. Hugill	England
232894	T. Iwanami	Japan
181694	J. Carrasso	France
202175	M. Vilhjálmsson	Iceland
229055	S. Aytaç	Turkey
230335	Wagner Orsinho	Brazil
188607	R. Salinas	Mexico
158912	M. Schneuwly	Switzerland
236480	Y. Bissouma	Mali
221890	J. Fulton	Scotland
228546	Omar Perdomo	Spain
195010	Y. Godzyur	Ukraine
221891	U. Vitas	Serbia
166851	K. Árnason	Iceland
110787	Borja Fernández	Spain
190915	K. Wilczek	Poland
219844	F. Bellocq	Argentina
230340	Luisinho Conradi	Brazil
235716	J. Angulo	Ecuador
201925	K. Kraus	Germany
220357	J. Ba Jandouh	Saudi Arabia
226757	M. Escudero	Argentina
181445	R. Bengtsson	Sweden
189893	L. Del Prete	Italy
206534	P. Bamford	England
215495	B. Ndoye	Senegal
217287	J. De Sart	Belgium
167111	D. Belorukov	Russia
186567	K. Adenon	Benin
205512	André Micael	Portugal
229064	J. Rassoul	Senegal
195272	M. Faraoni	Italy
208585	A. Ngando	France
146121	David Barral	Spain
176841	L. Jutkiewicz	England
182473	Li Xuepeng	China PR
187337	G. Molins	Sweden
160202	J. Baiva	Chile
175818	T. De Sutter	Belgium
184010	M. Abdellaoue	Norway
221643	Kim Do Hyeok	Korea Republic
177100	T. Werner	Germany
195020	D. Davis	England
201165	S. Bryzgalov	Russia
146637	Dani Giménez	Spain
228813	Aleix García	Spain
234957	Platiny	Brazil
239053	F. Valverde	Uruguay
183245	Kadu	Brazil
184781	D. Petrić	Serbia
192205	R. Krhin	Slovenia
205518	Y. Croizet	France
173518	T. Clarke	England
122574	S. Whittaker	Scotland
189646	Paulo Miranda	Brazil
202703	O. Vaněk	Czech Republic
213711	A. Rocha	Mexico
215247	M. Ingvartsen	Denmark
216015	N. Moiraghi	Argentina
224719	A. Tashaev	Russia
206544	R. Bezus	Ukraine
156368	M. Molina	Colombia
157392	B. Assou-Ekotto	Cameroon
241104	I. Firer	Slovenia
204497	K. Stöger	Austria
210385	Rui Silva	Portugal
223697	R. Gosens	Germany
229585	M. Degenek	Australia
238033	F. Nita	Romania
179665	A. Pilkington	Republic of Ireland
189905	M. Budziński	Poland
210386	K. Peterson	Sweden
160210	R. Tramos	Chile
169938	Hugo Vieira	Portugal
187602	S. Parshivlyuk	Russia
200915	D. Yılmaz	Azerbaijan
214483	C. Arboleda	Colombia
226515	Andrei Girotto	Brazil
123603	H. Campagnaro	Argentina
158676	W. Kvist	Denmark
51412	T. Cahill	Australia
234966	S. Hernández	Colombia
187350	E. Pérez	Mexico
211927	Kwon Chang Hoon	Korea Republic
212183	Nacho	Spain
156375	D. Álvarez	Mexico
159959	C. Nieldo	Chile
234711	J. Brekalo	Croatia
195031	J. Rojas	Ecuador
159960	G. Sagal	Chile
160216	A. Saltininio	Chile
164568	W. Johnson	Canada
198617	D. Drexler	Germany
204761	G. Hall	England
229337	Matheus Pereira	Brazil
181721	D. Bakar	Comoros
183513	J. Grahl	Germany
200922	S. Schipplock	Germany
230362	Daguinho Parrela	Brazil
199131	A. Tinnerholm	Sweden
202459	J. Drost	Netherlands
209371	B. van Polen	Netherlands
229595	L. Rodríguez	Argentina
123611	A. Mantovani	Italy
209372	M. Saymak	Netherlands
216284	F. Ballas	Germany
189148	J. Murphy	Scotland
195036	S. Winnall	England
213725	L. Phiri	South Africa
230365	Sérgio Espinho	Brazil
239581	R. Dugalić	Serbia
200414	I. Conté	Guinea
212446	L. Garritano	Italy
226271	Fabián	Spain
184287	M. Schönbächler	Switzerland
194783	N. Giannetti	Italy
150496	D. Kumbela	DR Congo
220128	J. Cristaldo	Argentina
222944	Pablo Pérez	Spain
230368	Bernardo Motinho	Brazil
237537	V. Kostevych	Ukraine
238305	Nacho Vidal	Spain
10466	S. Ishizaki	Sweden
209378	B. van Hintum	Netherlands
209890	Y. Musavu-King	Gabon
215266	L. Melano	Argentina
201955	M. Haïdara	France
224739	P. Olayinka	Nigeria
226787	S. Rosales	Argentina
184035	B. Angulo	Colombia
208100	V. Dyakov	Russia
157412	C. Giménez	Mexico
198117	A. Bernardini	Italy
203237	Yu Sang Hun	Korea Republic
206565	J. Walker	Scotland
143589	S. Domínguez	Argentina
216549	A. Sørloth	Norway
181733	A. Lukse	Austria
208102	K. Larsen	Denmark
190438	F. Semb Berge	Norway
198631	Rodri	Spain
19687	A. Głowacki	Poland
198632	J. Zárate	Mexico
199912	S. Kittel	Germany
224232	N. Barella	Italy
53736	L. Camp	Northern Ireland
193768	A. Matthews	Wales
199657	F. Arizala	Colombia
209385	R. Filippi	France
211177	A. Traustason	Iceland
215017	G. Cosaro	Argentina
229865	Óscar Pinchi	Spain
239593	K. Rezaei	Iran
181481	D. Vukovic	Australia
190697	S. Strandberg	Norway
193001	R. Nouri	France
214506	R. Torres	Panama
163050	B. Sharp	England
176618	E. Valencia	Colombia
190698	J. Burić	Bosnia Herzegovina
202475	G. Chanturia	Georgia
226539	Y. Namli	Denmark
235499	D. Benlamri	Algeria
206316	T. Ben Haim	Israel
206317	N. Bitton	Israel
214765	M. Herrera	Argentina
228589	Raphael Guzzo	Portugal
208622	Rubén Sobrino	Spain
155886	S. Henderson	Republic of Ireland
230382	Milton Menceiros	Brazil
216815	Flávio	Brazil
189167	A. Gunnarsson	Iceland
192495	R. Sawyers	St Kitts Nevis
192751	G. Grigalava	Georgia
214000	Y. Reyna	Peru
159984	J. Penroz	Chile
229104	H. Faik	Netherlands
232432	L. Jović	Serbia
173040	A. Bonnet	France
186352	T. Smith	New Zealand
188400	T. Kaminski	Belgium
223473	Filipe Melo	Portugal
185073	Kike Sola	Spain
188657	D. Rudd	England
202994	Han Kyo Won	Korea Republic
213746	Arsénio	Portugal
230386	Césario Figueirido	Brazil
234226	Bruno Viana	Brazil
234994	Ratón	Spain
205555	C. Jorquera	Chile
214515	M. Piedrahita	Colombia
226803	T. Parker	United States
163571	M. Jarvis	England
205556	L. Krajnc	Slovenia
214004	D. Peralta	Colombia
224756	A. Lusamba	France
232692	G. Acosta	Argentina
181236	Fernando Boldrin	Brazil
190196	Z. Touré	Senegal
199413	T. Kempe	Germany
205557	B. Darri	Netherlands
214005	V. Giraldo	Colombia
213750	K. Sema	Sweden
223734	R. García Guerreño	Paraguay
189430	S. Colombi	Italy
164855	J. Lynch	Wales
204280	Cristian Herrera	Spain
236792	T. Souček	Czech Republic
204537	R. Revoredo	Peru
235513	S. Ganvoula	Congo
189177	J. Fleck	Scotland
198138	R. Rojas	Paraguay
205818	R. Woods	England
221434	D. Villalpando	Mexico
222970	E. Oztumer	England
225530	O. Oularé	Belgium
187898	M. Çelik	Sweden
223740	Eguaras	Spain
158716	D. Edwards	Wales
228860	H. Jurjus	Netherlands
175613	J. Choplin	France
50429	J. Álvarez	Venezuela
202238	Muralha	Brazil
230398	Eltson Marques	Brazil
182270	W. Sandilands	South Africa
236287	N. Ibáñez	Argentina
212992	J. Böðvarsson	Iceland
211457	A. Olanare	Nigeria
192001	C. Guzmán	Mexico
215810	C. Lombardi	Italy
238594	A. Dej	Poland
239106	L. Koutris	Greece
190722	M. Sordell	England
198147	M. van der Maarel	Netherlands
199683	K. Çörekçi	Turkey
179971	R. Munsy	DR Congo
202756	N. Bodurov	Bulgaria
211204	D. John	Wales
215556	E. Fernandes	Switzerland
216068	F. Poli	Italy
222724	B. Manuel	Belgium
199173	M. Crimi	Italy
209413	M. Matras	Poland
211461	Luiz Phellype	Brazil
213253	H. Grana	Argentina
156165	M. Mills	England
156421	J. Valenzuela	Mexico
225285	V. Fındıklı	Turkey
225541	A. Kamara	France
235781	Santi Comesaña	Spain
186117	J. Mutch	England
217606	E. Boateng	Ghana
221702	Ewandro	Brazil
160006	C. Mansillas	Chile
228614	G. Holtmann	Germany
190982	Alberto Perea	Spain
193030	M. Lukač	Serbia
217095	A. Baroja	Venezuela
219655	F. Zampano	Italy
160007	A. Escuderos	Chile
183815	G. Flores	Mexico
219912	L. Manyama	South Africa
224520	R. Kent	England
204297	A. O'Connor	Republic of Ireland
209673	D. Dessoleil	Belgium
210441	Fran Sol	Spain
210697	C. Nørgaard	Denmark
155657	P. Celeban	Poland
169737	L. Hernández	Mexico
171017	Íñigo López	Spain
192009	J. Rodríguez	Mexico
220938	J. Correa	Argentina
160010	A. Larenardo	Chile
238858	Bruno Tabata	Brazil
178187	C. Kum	Germany
198156	L. Marín	Argentina
220172	S. Janko	Switzerland
220940	C. Brannagan	England
236300	S. Eduok	Nigeria
183564	J. Buijs	Netherlands
187916	M. Olsson	Sweden
167437	D. Stroh-Engel	Germany
233997	Peter Torreiro	Brazil
187661	A. Zaseev	Russia
193549	S. Hutchinson	England
206606	P. Hofmann	Germany
225294	Edson Farias	Brazil
230414	Igor Madinha	Brazil
187150	W. Buckley	England
200207	C. Martínez Borja	Colombia
161807	M. Kelemen	Slovakia
232207	I. Šaponjić	Serbia
186127	C. Evans	Wales
194319	D. Ward	England
219664	L. Gordinho	South Africa
203537	S. Ameobi	Nigeria
205585	J. Price	England
219409	V. Karavaev	Russia
172561	M. Lumb	Denmark
238609	S. Koita	Niger
184337	Go Yo Han	Korea Republic
189713	E. Falkenburg	Netherlands
203026	P. Filipović	Croatia
206098	Patric	Spain
222226	V. Bozhikov	Bulgaria
224274	S. Zdjelar	Serbia
234002	Caio Tafarell	Brazil
234514	O. El Hajjam	Morocco
205588	I. Höhn	Germany
230164	Luciano Cacheira	Brazil
170516	N. Belmonte	Italy
184084	M. Dreyer	France
202517	A. Vellios	Greece
214037	C. Saiz	Colombia
169493	F. Fielding	England
235029	F. Chalov	Russia
111125	O. Onyewu	United States
209430	R. Ripart	France
226583	S. Papagiannopoulos	Sweden
228887	T. Mrčela	Australia
201240	T. Barkhuizen	England
219160	V. Cantillo	Colombia
235544	S. Memišević	Bosnia Herzegovina
240664	A. Palić	Croatia
189464	D. Daube	Germany
207897	A. Jung	Germany
146969	Iñaki Astiz	Spain
220697	J. Maddison	England
234777	Z. Steffen	United States
189209	S. Bigalke	Germany
190745	M. Silvestri	Italy
198426	G. Castellani	Argentina
219674	V. Hristov	Bulgaria
155930	Andrea Orlandi	Spain
116762	S. Roudet	France
183578	S. Gonther	Germany
211227	M. Kopczyński	Poland
229659	B. Heynen	Belgium
232219	Bismark	Brazil
234779	Caro	Spain
190491	R. Gabrielsen	Norway
199964	M. Pérez	Colombia
202780	A. Zamorano	Mexico
167452	O. Fink	Germany
108060	V. Salatić	Switzerland
195356	M. Delač	Croatia
208157	Juanto	Spain
208158	F. Andrada	Argentina
224542	N. Leyes	Argentina
194078	S. Alibaz	Germany
194846	F. Hanin	France
198687	S. Ciss	Senegal
211999	R. Khedira	Germany
148255	P. Alikin	Russia
219680	C. Hountondji	France
202017	O. Hernández	Cuba
208929	S. Sharahili	Saudi Arabia
235553	Y. Salmier	France
205346	R. Fredericks	England
206114	K. Olsson	Sweden
218658	D. Iorfa	England
223010	L. Morosini	Italy
223266	Rubén Cruz	Spain
234018	Sandeiro Leal	Brazil
188194	L. Ibáñez	Argentina
193314	Aitor	Spain
210723	N. Gießelmann	Germany
218659	M. Targett	England
221475	Lee Chan Dong	Korea Republic
234019	Ranteiro Alves	Brazil
215076	L. Faravelli	Argentina
160036	C. Fauño	Chile
240164	D. Zuma	South Africa
195620	R. Krishna	Fiji
212261	Brandon Thomas	Spain
220709	I. Vargić	Croatia
194085	L. Boussaha	France
208422	R. Sanusi	Belgium
219174	R. Carrera	Argentina
203815	P. Delecroix	France
204071	Gerard Badía	Spain
215335	M. Núñez	Argentina
232487	W. Endo	Japan
178215	L. Scaglia	Italy
183847	M. Masango	South Africa
201512	P. Sagna	France
220968	A. El Messaoudi	Morocco
198953	S. Benedetti	Italy
199721	M. Gorgelin	France
206633	L. Silva	United States
224041	M. Schwäbe	Germany
173097	S. Marinos	Greece
223530	M. Justesen	Denmark
224810	S. Sparagna	France
239402	M. Lüftner	Czech Republic
198955	Juan Muñiz	Spain
199467	E. Sağlik	Belgium
234539	V. Poluyakhtov	Russia
236331	E. Cabaco	Uruguay
194091	M. Jacobs	England
199724	A. Guié Guié	Ivory Coast
204332	P. van Anholt	Netherlands
214572	J. Angulo	Colombia
152620	J. Samuelsen	Norway
209453	A. Frączczak	Poland
157741	S. Bentivoglio	Italy
171565	Linares	Spain
176941	A. Rooney	Republic of Ireland
193581	P. Škuletić	Serbia
204078	R. Wolski	Poland
215598	S. Tarashaj	Switzerland
155694	S. De Petter	Belgium
159278	A. Garofalo	Italy
174382	Sunny	Nigeria
212783	O. Gaber	Egypt
45104	M. Rasmussen	Denmark
139057	C. Rodríguez	Argentina
204849	M. Bueno	Mexico
223537	E. Berggreen	Denmark
230193	Carvamelinho	Brazil
233265	R. Oudin	France
192561	L. Thy	Germany
198962	R. M'Bolhi	Algeria
203570	S. Dallas	Northern Ireland
205618	S. Walsh	Netherlands
230194	Jaimosa Cavaco	Brazil
203315	G. Teigl	Austria
216371	A. Timofeev	Russia
222515	Z. Ferhat	Algeria
171315	Alfaro	Spain
228404	C. Techera	Uruguay
230708	J. Worrall	England
237364	K. Sarfo	Ghana
209717	G. Hernández	Mexico
231733	Curro Sánchez	Spain
193333	N. Brighenti	Italy
214582	C. Bonilla	Colombia
227638	S. Abdullahi	Nigeria
201271	J. Ankersen	Denmark
209975	Alex	Brazil
212791	Kim Seung Dae	Korea Republic
230967	B. Lozano	Uruguay
192567	M. Zimmermann	Germany
211000	Y. Minev	Bulgaria
212024	G. Cvijanović	Slovenia
216376	Marco Sangalli	Spain
221753	M. Sobottka	Germany
233785	R. Bormuth	Germany
194361	T. Makino	Japan
201530	B. Martella	Italy
143674	R. Raţ	Romania
211514	R. James	England
149306	V. Bojinov	Bulgaria
159034	S. Taylor	England
178490	R. Acquafresca	Italy
162875	U. Uçar	Turkey
193339	J. Estrada	Colombia
207676	Rafael Silva	Brazil
210492	A. Al Jebreen	Saudi Arabia
230460	Prazeracinho	Brazil
239932	A. Dovbnya	Russia
149309	A. Rosati	Italy
158525	K. Jones	Trinidad & Tobago
229949	Anderson Lopes	Brazil
204350	A. Trajkovski	FYR Macedonia
156478	Y. Abe	Japan
172094	M. Bravo	Argentina
190783	M. Holgersson	Sweden
204352	D. Arslanagic	Belgium
232000	Lee Seung Woo	Korea Republic
234048	E. Ocansey	Ghana
204353	C. Forsyth	Scotland
208449	C. Hérelle	France
199234	S. Stangl	Austria
200770	F. Haugen	Norway
209474	Wagner	Brazil
232514	G. Carabajal	Argentina
156483	C. Lucchetti	Argentina
199748	J. Knudsen	Denmark
149572	P. Sammarco	Italy
224836	V. Milinković-Savić	Serbia
184900	Kim Kwang Suk	Korea Republic
213829	A. Cerri	Italy
214341	J. Ávila	Colombia
231493	L. Kleinheisler	Hungary
233029	R. Aliendro	Argentina
194885	C. Erbes	Argentina
186950	F. Daprelà	Switzerland
192070	J. Baffo	Sweden
196935	Miquel	Spain
209223	A. Al Faraj	Saudi Arabia
215111	G. Verón	Argentina
229703	D. Goutas	Greece
10824	P. Mtiliga	Denmark
153160	R. Raldes	Bolivia
103496	A. Cossu	Italy
187208	A. Saldívar	Mexico
203593	G. Maluleka	South Africa
229705	J. Duverne	France
213578	D. Frahn	Germany
171082	S. De Ridder	Belgium
173130	M. Scozzarella	Italy
194122	W. Grigg	Northern Ireland
204875	P. Grbić	Montenegro
209483	M. Hassen	France
182091	K. Barbarouses	New Zealand
190283	Mario Fernández	Spain
202060	E. Bergström	Sweden
160076	L. Munesos	Chile
233292	M. Barbieri	Argentina
177996	Mário Felgueiras	Portugal
189772	M. Woolford	England
213325	F. Píriz	Uruguay
177741	W. López	Uruguay
214094	C. Arias	Colombia
152910	C. Nasuti	Argentina
234062	J. Kouffaty	Venezuela
174670	P. Małecki	Poland
193870	Pedro Trigueira	Portugal
171087	Christian Fernández	Spain
193103	P. Schönfeld	Germany
214096	T. Kleindienst	Germany
151376	K. Arkivuo	Finland
189776	M. Watkins	Wales
147537	A. Dantsev	Russia
224081	K. Phillips	England
229969	J. van der Lely	Netherlands
239953	Léo Jabá	Brazil
178513	T. Bianchi	Italy
179537	H. Singh	Norway
53073	S. Kulovits	Austria
202322	N. Næss	Norway
192594	G. Kagelmacher	Uruguay
203603	M. Pospíšil	Czech Republic
208723	J. Schauerte	Germany
212819	K. Nagai	Japan
215123	A. Aguerre	Argentina
18771	L. Steele	England
228179	A. Castro	Argentina
189267	D. Bernhardt	Germany
196948	O. García	Honduras
213588	A. Sánchez	Argentina
148564	S. Peszko	Poland
230228	Paulo Fajarda	Brazil
233556	R. Orsolini	Italy
176724	B. Nouri	Iraq
197717	T. Tchani	Cameroon
201301	D. Høegh	Denmark
178773	N. Dimitrov	Bulgaria
207702	A. Karamanos	Greece
232278	H. Mosquera	Colombia
239446	Hélder Ferreira	Portugal
227159	C. Ibargüen	Colombia
202073	E. Zavaleta	United States
204633	M. Pellizzer	Italy
216665	M. Cremonesi	Italy
53593	G. O'Neil	England
193369	Galán	Spain
139866	G. Loovens	Netherlands
208730	E. Valentini	Germany
215130	N. Ibáñez	Argentina
159578	C. Donaldson	Jamaica
230490	Sandro Maceira	Brazil
202331	F. Quignon	Argentina
199516	R. Holmes	England
215388	J. Cordoval	France
191068	G. Zigoni	Italy
198749	J. Corona	United States
200797	L. Néry	France
202077	W. Bruin	United States
204125	J. Bořil	Czech Republic
204381	J. Kosecki	Poland
182621	D. Gordon	Jamaica
200542	G. Maniatis	Greece
189278	L. Murphy	England
210527	P. Paye	France
223839	V. Bora	Turkey
156256	K. Haggui	Tunisia
188000	Sandro Manoel	Brazil
211041	S. Dyakov	Bulgaria
212321	J. Meffert	Germany
235874	A. Balić	Croatia
219491	R. Erramuspe	Argentina
165219	J. Hobbs	England
200292	J. Lowe	England
210532	M. Abero	Uruguay
213092	S. Piette	Canada
177508	P. Klandt	Germany
189541	C. Solly	England
190821	A. Ibrahim	Norway
223334	Joelinton	Brazil
230758	M. Pučko	Slovenia
162407	M. Jakobsen	Denmark
169575	L. Peltier	England
203368	E. Andersen	Norway
203624	O. Vranješ	Bosnia Herzegovina
210280	P. Ziegler	Germany
165736	D. Wheater	England
9833	D. Boer	Netherlands
215401	M. Fedele	Switzerland
160105	J. Malhue	Chile
227689	K. Mrabti	Sweden
230249	Marlinito Dias	Brazil
171369	Y. Corona	Mexico
173673	S. Quinn	Republic of Ireland
200810	A. Crescenzi	Italy
209002	M. Sayouba	Ivory Coast
52842	Camacho	Spain
41835	G. Danic	France
211820	P. Ofosu-Ayeh	Ghana
218988	Pedro Coronas	Portugal
224876	M. Curado	Argentina
167532	A. Aldrete	Mexico
194924	Dani Toribio	Spain
208493	T. Tawatha	Israel
215149	L. Ceballos	Argentina
157293	I. Estrada	Mexico
230253	Alson Botelho	Brazil
193133	J. Stryger Larsen	Denmark
209006	M. Riveros	Paraguay
179822	H. Jele	South Africa
218991	M. Gómez	Colombia
229487	L. Klünter	Germany
231535	C. Borthwick-Jackson	England
212592	A. Farrell	United States
234864	M. Sigales	Uruguay
184944	Charles	Brazil
211825	P. Göbel	Germany
220785	A. Čolak	Croatia
231281	T. Alexander-Arnold	England
180593	Iriome	Spain
224882	A. Ribelin	France
226162	E. Buendía	Argentina
232562	K. Nakamura	Japan
188274	M. Yatabaré	Mali
191090	T. Adeyemi	England
199027	J. Robinson	England
216435	S. Lobotka	Slovakia
217203	L. Sánchez	Argentina
223603	F. Bredlow	Germany
227443	Y. Takahagi	Japan
234355	Ravanelli	Brazil
170355	F. N'Ganga	Congo
180339	N. Schouterden	Belgium
52340	M. Marić	Switzerland
198517	X. Kouassi	Ivory Coast
201845	M. Terki	Algeria
160117	C. Agoste	Chile
228981	Y. Boli	France
164469	G. Agbonlahor	England
165493	N. Navarro	Argentina
172149	G. De Mets	Belgium
183925	L. Karaboué	Ivory Coast
229494	Miguel Vieira	Portugal
50294	S. Camara	Senegal
199543	César Soriano	Spain
205687	G. De Luca	Italy
215927	R. Emond	Belgium
183160	Cris	Portugal
202873	K. Müller	Germany
177017	M. Martin	France
223354	B. Vătăjelu	Romania
199035	M. Mitrishev	Russia
214395	C. Monsalvo	Colombia
210556	Lucas João	Portugal
213884	R. Christie	Scotland
188540	R. van La Parra	Netherlands
208766	O. Altman	Israel
223870	N. Aankour	Morocco
226686	M. Christiansen	Germany
233598	A. Duiedar	Egypt
206463	J. Dudziak	Germany
216191	Dankler	Brazil
223359	M. Petković	Serbia
229247	C. Charisis	Greece
173695	M. Reynolds	Scotland
184703	L. Montes	Mexico
194431	M. Kirkeskov	Denmark
207744	A. Youga	Central African Rep.
225152	R. Mühren	Netherlands
172928	C. Lines	England
207745	M. Zeffane	Algeria
215169	F. Castillón	Argentina
223873	A. Walongwa	Congo
230273	Antonaldo Laforte	Brazil
238977	C. Beck	Germany
177793	G. Tansey	England
215938	M. Dal Hende	Denmark
179842	J. San Román	Argentina
49026	A. Caracciolo	Italy
200067	Z. Diallo	France
219779	E. Assifuah	Ghana
161667	L. Robles	Mexico
216452	Gonçalo Paciência	Portugal
155524	R. Stearman	England
186756	D. Swanson	Scotland
204677	Oriol Rosell	Spain
206469	T. Fountas	Greece
214661	G. Iñíguez	Argentina
162949	E. Armenteros	Argentina
236165	Paulo Daineiro	Brazil
193157	J. van der Linden	Netherlands
202630	A. Kochenkov	Russia
203398	D. Williams	Republic of Ireland
203654	L. Castaldo	Italy
204422	D. McGowan	Australia
140422	A. Baptiste	England
215942	M. El Makrini	Netherlands
222598	Nélson Monte	Portugal
225926	Pere Milla	Spain
193414	N. Colazo	Argentina
140423	J. Buxton	England
160135	E. Ardenaz	Chile
172423	A. Kantari	Morocco
173703	R. Williams	Australia
222600	Lee Tae Hee	Korea Republic
214665	J. Ramírez	Argentina
158089	P. Ledesma	Argentina
223625	Rui Correia	Portugal
234889	F. Jensen	Finland
169609	J. Grounds	England
178313	D. Buzzegoli	Italy
213642	J. Wilson	England
214922	A. Ramos	Chile
215178	E. Godoy	Argentina
236170	Ever Sineiro	Brazil
204939	O. Petrák	Czech Republic
211595	G. Evans	England
225931	M. Duelund	Denmark
228747	O. Idrissi	Netherlands
231563	F. Mercado	Colombia
182411	Yu Hanchao	China PR
213388	F. Tait	France
229260	K. Bua	Switzerland
207502	R. Kristiansen	Norway
205455	A. Weis	Germany
210831	B. Verstraete	Belgium
215183	E. Rescaldani	Argentina
179855	J. Beckford	Jamaica
198032	D. Burn	England
198288	S. Beitashour	Iran
210320	I. Mbaye	Senegal
236176	Enaldo Paneira	Brazil
182160	E. Knudtzon	Norway
657	D. Vaughan	Wales
201873	J. Bendik	United States
214417	J. Blanco	Colombia
215441	S. Guirassy	France
223633	L. Paqarada	Kosovo
234385	N. Hauptmann	Germany
223122	C. Osmanpaşa	Turkey
235410	Y. En-Nesyri	Morocco
236178	Renato Rochela	Brazil
191378	S. Kurata	Japan
172691	Rubén Jurado	Spain
203668	A. Donnarumma	Italy
194964	N. Mendez-Laing	England
215701	E. Bakker	Netherlands
219285	B. Beckeles	Honduras
223637	A. Polo	Peru
229525	S. Marković	Serbia
230037	R. Brežančić	Serbia
188821	S. Camille	France
232598	D. Niwa	Japan
224151	H. Martín	Mexico
229271	P. Köpke	Germany
205720	A. Longhi	Italy
215192	G. Díaz	Argentina
193176	Víctor Pérez	Spain
209561	B. Al Nakhli	Saudi Arabia
220826	L. Vásquez	Colombia
223898	P. Bernardoni	France
225434	S. Salazar	Colombia
183706	M. Waghorn	England
189594	A. Erdem	Turkey
201883	Alejandro Rodríguez	Spain
202395	William	Brazil
209051	A. Al Ruwaili	Saudi Arabia
186267	V. Hedenstad	Norway
204444	Y. Wildschut	Netherlands
222876	J. Smith	England
230300	Rômulão Selva	Brazil
177564	Bellvis	Spain
192156	Ruben Lima	Portugal
224925	G. Gaudino	Germany
230301	Emu Teixeira	Brazil
205726	G. Brugman	Uruguay
159902	M. Maroles	Chile
236190	Roberto Soira	Brazil
184990	Antoñito	Spain
187038	B. Mokulu	DR Congo
189342	C. Pinsoglio	Italy
201887	D. Johnson	Jamaica
225439	R. Mandragora	Italy
233119	M. Olunga	Kenya
177055	V. Elm	Sweden
220064	C. Aboagye	Ghana
228768	Xande Silva	Portugal
172960	L. Grabban	England
202401	Patric	Brazil
219553	C. Aquino	Argentina
45473	C. Tiffert	Germany
214434	M. Cuero	Colombia
223138	A. Briançon	France
168610	Ricardinho	Brazil
171682	R. Miller	Costa Rica
178594	S. Napoleoni	Italy
187298	H. Rodríguez	Mexico
225187	P. van Amersfoort	Netherlands
162979	A. Davies	England
190883	A. DeLaGarza	Guam
228516	D. Ivan	Slovakia
53412	A. Ferdinand	England
209061	S. Hedlund	Sweden
210853	D. Konstantinidis	Greece
231077	M. Frýdek	Czech Republic
205990	H. Reed	England
221862	V. Lavigne	France
223654	Fede	Spain
225702	H. Riojas	Peru
158887	D. Pavlovic	Bosnia Herzegovina
163495	T. Matthys	Belgium
239015	E. Dennis	Nigeria
187047	W. Moimbé	France
200360	I. Portnyagin	Russia
209320	N. Saint-Ruf	France
160168	I. Crudelo	Chile
230824	Pedro Pereira	Portugal
239272	V. Barkas	Greece
229034	V. Guzmán	Mexico
194730	Juan Carlos	Spain
223659	Borja Lázaro	Spain
230315	Ailton Cardenhas	Brazil
222636	G. Kyei	France
162220	S. Bolat	Turkey
188076	F. Bolzoni	Italy
138413	M. Kilgallon	England
213933	L. Wahlqvist	Sweden
215213	A. Werner	Argentina
198062	Pichu Atienza	Spain
215982	M. Mancosu	Italy
216750	P. Carlgren	Sweden
208047	Kim In Seong	Korea Republic
216239	B. Jradi	Lebanon
223151	D. Oberlin	Switzerland
219824	C. I'Anson	England
143025	E. Papa	Argentina
220593	J. Brondeel	Belgium
162993	J. Perch	England
229041	M. Jean Tahrat	Algeria
191409	N. Hazazi	Saudi Arabia
193201	O. Bayram	Turkey
221618	L. Mousset	France
211891	A. Voglsammer	Germany
214195	J. Arias	Colombia
159923	R. Iribarra	Chile
189619	K. Smith	England
202676	A. Taggart	Australia
224436	S. Väisänen	Finland
159924	A. Lizañas	Chile
160180	E. Marcinal	Chile
234164	Fábio China	Portugal
193716	D. Wilson	Scotland
138933	B. Bergougnoux	France
116917	D. Perquis	France
206518	C. Robinson	England
225206	K. Narey	Germany
229558	D. Upamecano	France
193974	M. Ciofani	Italy
160183	M. Inostros	Chile
233911	Matos	Spain
204472	B. Sarr	France
143032	I. Blanco	Argentina
212664	A. Kolev	Bulgaria
210361	B. Godeau	Belgium
224185	C. Leemans	Netherlands
188601	A. Coeff	France
189369	G. Litteri	Italy
195001	Iván González	Spain
201914	M. Camporese	Italy
209594	C. Mammarella	Italy
233146	S. Kurumaya	Japan
234426	Marcão	Brazil
185018	J. Fontaine	France
204475	Lobato	Spain
147899	C. Moţi	Romania
233147	R. Oshima	Japan
172475	L. Bruins	Netherlands
190651	M. Martínez	Argentina
208828	Auremir	Brazil
165564	A. Kwarasey	Ghana
167100	S. García	Mexico
190396	S. Mustivar	Haiti
192188	J. Sony Alcenat	Haiti
170941	Javi Moyano	Spain
174013	Olmo	Spain
199614	G. Plet	Netherlands
142270	J. Thomsen	Denmark
219582	S. Fortès	Cape Verde
160190	E. Rescaro	Chile
215487	G. Engvall	Sweden
216255	M. Stefaniak	Germany
218047	P. Bijen	Netherlands
160191	E. Vindegas	Chile
161215	S. Narubin	Russia
237247	Vinícius	Hungary
186559	J. Butterfield	England
201408	S. D'Elia	Italy
204992	M. Kone	Ivory Coast
207552	A. Kamara	Sierra Leone
184512	D. Tonucci	Italy
184001	D. Gorter	Netherlands
192449	M. Stiepermann	Germany
200898	A. Crawford	Scotland
206018	I. Vetokele	Angola
210626	N. Zaytsev	Russia
213954	A. Mitryushkin	Russia
183490	J. van den Bergh	Germany
214979	J. Musso	Argentina
233411	C. Adjapong	Italy
110019	Dorado	Spain
214980	J. Caicedo	Colombia
225476	C. Keita	Mali
234948	J. Lazare Amani	Ivory Coast
187077	F. Sears	England
197062	Nuno Reis	Portugal
212934	A. Zoubir	France
220358	F. Monteseirín	Argentina
235462	E. Kangwa	Zambia
172743	N. Nielsen	Denmark
193735	Juan Domínguez	Spain
203464	T. Hoban	Republic of Ireland
216520	J. Güemez	Mexico
191944	Kim Sung Joon	Korea Republic
198601	L. Mendoza	Mexico
221641	W. Kanon	Ivory Coast
230857	J. Da Costa	Cape Verde
219594	A. Barberis	Italy
223690	S. Rochet	Uruguay
224970	J. Dompé Diarra	France
224459	V. Salazar	Argentina
188107	A. Diomande	Norway
138188	L. Sam	Ghana
216268	D. Watmore	England
219852	A. Ferrari	Italy
159436	R. Zapata	Colombia
238796	N. Rajsel	Slovenia
214477	A. Correa	Colombia
224205	M. Barbieri	Argentina
159950	B. Deroz	Chile
160206	W. Larrondo	Chile
230350	Flávio Rebeilo	Brazil
208335	L. Kübler	Germany
214991	J. Pi	France
217807	J. Mendoza	Argentina
227535	R. Bentancur	Uruguay
169423	S. Ekramy	Egypt
204496	P. Bauer	Germany
208592	M. Delgado	United States
214480	J. López	Colombia
215760	F. Martin	France
162512	S. Cuthbert	Scotland
199121	H. Radetinac	Serbia
201681	C. Quintero	Colombia
141265	M. Mikić	Croatia
215249	R. Depetris	Argentina
180433	T. Levels	Germany
209618	F. Tardieu	France
209874	B. Khuzwayo	South Africa
214226	R. Loaiza	Colombia
215250	C. Rigamonti	Argentina
236498	S. Lammers	Netherlands
198355	S. Clark	United States
216275	P. Mwene	Austria
222163	R. Pich	Slovakia
181971	Huang Bowen	China PR
210644	E. Marcondes	Denmark
222420	G. Ward	England
160212	F. Grondoña	Chile
163796	S. Darbion	France
179668	E. Lugo	Mexico
201941	E. Cortés	Colombia
208597	H. Hermannsson	Iceland
217813	G. Lajud	Mexico
219605	C. Cuevas	Chile
177877	J. Torres	United States
193749	P. Mlapa	Germany
220630	Nuno Rocha	Cape Verde
160214	B. Laguna	Chile
170966	C. Esquivel	Mexico
237526	V. Luchkevych	Ukraine
160215	R. Zagareda	Chile
233943	Ronaldo Vieira	Guinea Bissau
182743	T. Kirschbaum	Germany
189143	S. Eriksson	Sweden
201176	A. Pintér	Hungary
208856	Q. Bernard	France
220889	Guille Donoso	Spain
232665	M. Arambarri	Uruguay
204250	M. Trotta	Italy
160218	A. Villanava	Chile
239322	C. Zimmermann	Germany
213979	Y. Murillo	Colombia
159963	L. Isleras	Chile
225755	Olavide	Spain
226523	F. Brorsson	Sweden
171995	Jonathan Pereira	Spain
210140	A. Al Mayoof	Saudi Arabia
220636	Felipe Macedo	Brazil
214493	J. Aguirre	Colombia
223709	A. Vural	Turkey
224221	J. Andersen	Denmark
235997	Fran Beltrán	Spain
184285	C. Schneuwly	Switzerland
204254	Wallace Oliveira	Brazil
232926	K. Watanabe	Japan
183774	R. Bennett	England
190430	J. Bennett	England
159967	A. Simprende	Chile
188383	P. Valdivia	France
212192	J. Green	United States
176608	J. Reina	Colombia
194017	A. Weimann	Austria
139234	F. Vargas	Colombia
159202	G. Rodríguez	Mexico
235746	N. Milesi	Uruguay
188130	Éder	Brazil
189922	G. Niedermeier	Germany
225507	Pol Llonch	Spain
186595	E. Bennett	Jamaica
224484	T. Qalinge	South Africa
234468	E. Reynoso	Argentina
235236	I. Jebali	Tunisia
183524	S. Lowry	Australia
190180	R. McGowan	Australia
196580	B. Angoua	Ivory Coast
210917	M. Fossati	Italy
212197	D. Heuer Fernandes	Portugal
227557	M. Cassierra	Colombia
176357	J. Mousinho	England
200678	Javi Álamo	Spain
213990	D. Monsalve	Colombia
152038	J. Absalonsen	Denmark
226278	Xavier	Portugal
228326	Brian Oliván	Spain
229606	V. Angban	Ivory Coast
229862	Edu Expósito	Spain
187110	M. Ponce	Mexico
216295	T. Dierckx	Belgium
156903	J. De la Cuesta	Colombia
223207	A. Lang	Hungary
177895	A. Karabulut	Turkey
213480	F. Bachirou	Comoros
234728	L. Bénes	Slovakia
178152	R. Faty	Senegal
185064	F. Espíndola	Argentina
198377	L. Palmer	Scotland
220905	J. Aholou	Ivory Coast
224489	E. Ersoy	Turkey
177129	A. Bodzek	Poland
202474	Aníbal Capela	Portugal
204778	Joan Román	Spain
223978	Manu García	Spain
205291	H. Stengel	Norway
206571	M. Maddison	England
234731	Jair Amador	Portugal
175851	Tomané	Portugal
215020	J. Cavallaro	Argentina
217836	U. Luna	Mexico
172780	B. Pitman	England
185068	J. Russell	Scotland
191980	Yun Suk Young	Korea Republic
201965	S. Thern	Sweden
210670	F. Fedato	Italy
223726	E. Kaş	Turkey
238830	Alexandre Guedes	Portugal
204015	C. Charrier	France
205551	Álvaro Lemos	Spain
228080	F. Passlack	Germany
184816	N. Daghfous	Tunisia
200689	R. Leonard	England
212721	N. Zárate	Argentina
237297	Y. Osorio	Venezuela
211954	T. Schröck	Germany
212210	R. Živković	Netherlands
212978	P. Banggaard	Denmark
148210	E. Lutsenko	Russia
223730	T. van Weert	Netherlands
163570	A. Crofts	Wales
177906	D. Soddimo	Italy
201971	A. Ienaga	Japan
215283	César	Brazil
235507	Iban Salvador	Equatorial Guinea
207860	A. Maund	United States
229108	J. Pérez	Colombia
163828	A. Le Fondre	England
236020	C. González	Uruguay
183797	V. Muratori	France
208630	D. Furman	Poland
191222	Unai Medina	Spain
198135	D. Lachman	Curacao
205559	N. Dicko	Mali
208631	F. Starzyński	Poland
213751	João Meira	Portugal
232695	F. Sbuttoni	Argentina
233975	Caio Padricio	Brazil
189431	R. Jönsson	Sweden
210168	D. Sciaudone	Italy
214776	O. Benítez	Argentina
218872	Lucão	Brazil
227832	E. Yao Guy	Ivory Coast
228600	Javi Jiménez	Spain
200953	C. Hemlein	Germany
203257	Gutti	Brazil
186361	O. Rojas	Mexico
122361	M. Donadel	Italy
199674	Jorge Teixeira	Portugal
200698	N. Marsman	Netherlands
207866	Nathan Júnior	Brazil
216570	D. Delarge	Congo
104442	C. Burke	Scotland
192250	M. Jurman	Australia
211195	L. Woudenberg	Netherlands
20731	Quim	Portugal
181499	J. Ramaré	France
203516	E. Chernov	Russia
140284	Moreno	Portugal
152828	Ibson	Brazil
234748	Gu Sung Yun	Korea Republic
186876	E. Ambrose	Nigeria
214014	C. Lizarazo	Colombia
235006	Mateus	Brazil
104702	D. Braaten	Norway
181247	D. Pudil	Czech Republic
236288	I. Mathew	Nigeria
53760	S. Diarra	Mali
160001	Z. Leivo	Chile
165889	Park Chu Young	Korea Republic
234753	K. Buchanan	South Africa
223746	G. Stewart	Scotland
164610	J. Larentowicz	United States
235522	Aleix Febas	Spain
189186	A. Shinnie	Scotland
193794	Villalibre	Spain
194050	M. Grün	Germany
143107	M. Gelabert	Argentina
230147	F. Sacko	Mali
233731	A. Isak	Sweden
237571	J. Mihalík	Slovakia
238595	K. Pires-Rodrigues	Portugal
190467	D. de Buen	Mexico
190979	E. Hussain	Norway
192259	Magno	Brazil
216836	Álvaro Peña	Spain
156164	M. Cranie	England
229380	David Rocha	Spain
233476	B. Riveros	Paraguay
233988	Vágner Norteiro	Brazil
190724	M. Pourié	Germany
203781	D. Toia	United States
216325	A. Gunn	England
219909	J. Molangoane	South Africa
160005	S. Higuerrez	Chile
179973	M. Morganella	Switzerland
230150	Luís Machado	Portugal
41734	B. Cheyrou	France
240646	S. Ahannach	Netherlands
223495	I. Rossi	Argentina
227591	A. Canelo	Argentina
143112	P. Lugüercio	Argentina
213512	G. Þórarinsson	Iceland
162056	S. Morison	Wales
188424	D. Wuytens	Belgium
211209	Pinillos	Spain
223241	M. Benítez	Argentina
223498	E. Cecchini	Argentina
186122	B. Webster	England
200715	A. Davies	Wales
201227	Manuel Torres	Spain
233483	T. Tissoudali	Morocco
183819	R. Feltscher	Venezuela
190987	L. Civelli	Argentina
205068	Cristiano	Portugal
163340	D. Graham	England
234764	David Haro	Spain
238860	Jadson	Brazil
194060	F. Signori	Italy
206605	A. Aosman	Syria
212493	S. Kaikai	England
214029	M. Murillo	Colombia
220429	G. Campi	Argentina
221709	T. Thompson	United States
212238	B. Halimi	Kosovo
216078	F. Raičević	Montenegro
224014	M. Szwoch	Poland
232462	H. Okuno	Japan
233998	Márcio Velinha	Brazil
184334	Song Jin Hyung	Korea Republic
189710	M. Wilusz	Poland
221711	C. Duvall	United States
194063	J. Greguš	Slovakia
235280	J. Aja	Uruguay
188688	J. Nirlo	France
192528	Steven Vitória	Canada
223249	G. Arias	Argentina
232465	S. Tomita	Japan
128529	U. Ceylan	Turkey
195089	M. Milinković	Serbia
181778	M. Samardžič	Slovenia
184339	L. Giorgi	Italy
199700	Aridai	Spain
204820	G. Mackay-Steven	Scotland
178452	A. Pelagotti	Italy
196885	C. Lampe	Bolivia
146453	Raúl Cámara	Spain
221461	A. Vargas	Colombia
175893	P. Flo	Norway
181013	N. Gerzić	Sweden
183573	N. Theuerkauf	Germany
187925	Y. Tafer	Algeria
149270	C. Valeri	Australia
215574	E. Rakip	Sweden
200983	F. Signorelli	Venezuela
229655	Alberto Varo	Spain
172823	N. Maynard	England
160024	I. Risendo	Chile
231704	E. Ibargüen	Colombia
170008	B. Hamer	England
220185	B. Barker	England
224537	Iago	Brazil
163865	C. Morgan	Wales
171033	M. Andersen	Denmark
211738	M. Flekken	Netherlands
146458	Roberto	Spain
218651	P. Sotiriou	Cyprus
155931	Casto	Spain
192283	V. Lundberg	Sweden
211228	M. Palmer	England
104476	C. Grindheim	Norway
191260	A. Al Zori	Saudi Arabia
143133	D. Herner	Argentina
216605	Akapo	Equatorial Guinea
178461	J. Drachmann	Denmark
194077	V. Sarı	Turkey
202526	S. May	Scotland
234014	Jorgino Baumer	Brazil
183070	W. Hesl	Germany
193310	D. Schmidt	Germany
208159	M. Frey	Switzerland
186655	J. Carvallo	Peru
191263	A. Al Fraidi	Saudi Arabia
195359	M. Gaffoor	France
199456	R. Cacérès	France
207904	M. Mak	Poland
212000	E. Berko	Germany
218656	S. Mockenhaupt	Germany
235552	E. Seka	France
237600	B. Srarfi	Tunisia
239904	D. Khocholava	Georgia
205089	M. Valoti	Italy
228897	M. Alphonse	France
229153	L. García	Trinidad & Tobago
175393	J. Arce	Bolivia
204322	R. McKenzie	Scotland
206626	M. Ishak	Sweden
211746	R. Benatelli	Germany
219938	L. Rosseti	Italy
228130	Oh Seung Hoon	Korea Republic
230178	Fredinho Mutto	Brazil
177442	R. Åhman Persson	Sweden
165667	L. Janoszka	Poland
178211	R. Zwinkels	Netherlands
187171	Kim Ho Jun	Korea Republic
210724	C. Paterson	Scotland
212260	Hwang Ui Jo	Korea Republic
219684	S. Nicholson	Scotland
221220	J. Quintero	Colombia
223268	T. Andreu	France
228388	M. Thiam	Senegal
237604	A. Franco	Argentina
198437	T. Bradshaw	Wales
214053	F. Burbano	Colombia
230693	Wanderson	Brazil
231205	Y. Regäsel	Germany
234789	Y. Eteki	Cameroon
209958	D. Bomheuer	Germany
212518	B. Sangaré	Ivory Coast
213798	A. Mowatt	England
152870	Felipe Saad	Brazil
219942	D. Delgado	Colombia
221990	Y. Cabral	Argentina
234022	Adrián Maideira	Brazil
200231	R. Alberg	Suriname
143655	K. Zengin	Turkey
160295	E. Galeković	Australia
234279	C. Rizzuto	Germany
205096	B. Thoelke	Germany
215592	W. Droste	Netherlands
229416	Morillas	Spain
176680	M. Pedersen	Norway
177960	S. Pesce	Italy
220969	N. Eliasson	Sweden
221481	J. Cano	Colombia
221737	Y. Moreno	Colombia
224297	A. Gersbach	Australia
234281	M. Kvesić	Bosnia Herzegovina
235561	K. Fortuné	France
107305	M. Tacalfred	France
200746	J. Lundstram	England
221994	Núrio	Angola
157482	J. Mackie	Scotland
163370	J. Remacle	Belgium
236074	Fred Soidares	Brazil
192554	M. Abubakari	Ghana
193578	T. Deric	United States
210475	M. Prietl	Austria
211243	Nono	Spain
214315	L. Narváez	Colombia
152107	P. Netzer	Austria
125995	U. Bulut	Turkey
200236	G. Bunoza	Bosnia Herzegovina
203308	J. Brillante	Australia
207916	L. Christensen	Denmark
152621	J. Bjørdal	Norway
229677	F. Bambock	France
234029	Jonaldo Santoso	Brazil
178221	M. Orozco	United States
158254	A. Brosque	Australia
170286	S. Golbourne	England
49966	P. Senderos	Switzerland
217647	J. Tanaka	Japan
240943	B. Aouacheria	France
186415	S. Andrist	Switzerland
192559	G. Nauber	Germany
146992	Peña	Spain
231728	I. Hora	Romania
234032	Lluis López	Spain
198449	T. Mézague	France
201265	N. Helenius	Denmark
217649	S. Gonda	Japan
160049	E. Riberos	Chile
236593	C. Stengs	Netherlands
183601	P. Fabian	Germany
196145	Y. Anchico	Colombia
223282	A. Dembélé	France
188978	M. Pedersen	Denmark
201523	M. Deplagne	France
137267	R. Clark	United States
229171	K. Redondo	Germany
239923	Inácio	Brazil
202548	L. Puyo	France
203060	J. Vela	England
205876	C. Diarra	Mali
219700	P. Lipski	Poland
230196	Anselmo Meirás	Brazil
197941	K. Igboananike	Nigeria
210743	Leandrinho	Brazil
239671	Tete Morente	Spain
187447	Shin Hyung Min	Korea Republic
189751	M. Eramo	Italy
192823	A. Morleo	Italy
202040	E. Demir	Sweden
202808	N. Yennaris	England
144440	J. Alvbåge	Sweden
210488	P. van Ooijen	Netherlands
215352	M. Luque	Argentina
230456	Claudiosa Paes	Brazil
202041	A. Yasin	Iraq
138297	A. Alvarez	El Salvador
203833	N. Teixeira	Germany
232761	G. Baah	Ghana
51513	D. Cowie	Scotland
199738	Fran Vélez	Spain
227898	B. Jović	Slovenia
171578	Javi Flaño	Spain
193850	M. Calderoni	Italy
198971	B. Kumordzi	Ghana
233531	Y. Soteldo	Venezuela
193083	R. Draper	England
204092	J. Blaswich	Germany
228668	M. Taylor	England
229692	J. Huth	Germany
182844	R. Grzyb	Poland
183356	T. Ayasse	France
190780	S. Johnson	United States
191548	C. Masuda	Japan
199741	C. Quaner	Germany
202301	Kim Ho Nam	Korea Republic
203069	R. Tunnicliffe	England
211005	Jang Hyeon Soo	Korea Republic
219709	Saúl	Spain
156221	C. Săpunaru	Romania
230205	Nosberto Vila	Brazil
185149	J. Koprivec	Slovenia
206654	Pablo Marí	Spain
208958	K. Sharahili	Saudi Arabia
239934	D. Grishko	Ukraine
175934	K. Steppe	Belgium
211007	M. Coly	Senegal
212287	A. Maxsø	Denmark
223551	L. Gregory	England
183359	G. Deneuve	France
190015	M. Cissokho	Senegal
203841	N. Pope	England
210241	D. Buballa	Germany
211009	D. Lenihan	Republic of Ireland
222273	Jiang Zhipeng	China PR
204354	J. Alnwick	England
227394	C. González	Paraguay
170818	S. Davies	England
190530	T. Fontaine	France
193346	G. Hupperts	Netherlands
206147	M. Antonsson	Sweden
212035	J. Bela	France
221251	G. Ariyibi	United States
234051	A. Afif	Qatar
209988	L. Ayçiçek	Germany
232004	J. Moya	Colombia
232516	F. Silva	Argentina
191556	Y. Endo	Japan
223045	U. Çiftçi	Turkey
209990	R. Strebinger	Austria
212806	D. Brown	Jamaica
225606	N. Citro	Italy
226630	Ença Fati	Guinea Bissau
234566	I. Markelov	Russia
234822	A. Mobara	South Africa
193350	B. Başdaş	Turkey
159047	G. N'Gosso	Cameroon
211272	C. Corvalán	Argentina
214600	F. Nájera	Colombia
188232	A. Yoda	France
190792	P. Mandanda	DR Congo
192840	M. Đurić	Bosnia Herzegovina
213577	Puertas	Spain
230473	Hedson Porfírio	Brazil
193097	S. Salger	Germany
216138	M. Arini	Italy
219466	B. Meling	Norway
228170	A. Mbengue	Senegal
163402	A. Coda	Italy
238666	A. Nandzik	Germany
240458	Ander Guevara	Spain
204363	S. Kehli	France
216139	L. Bittante	Italy
205644	C. Chiricò	Italy
209484	H. Sacko	France
155980	D. Bičík	Czech Republic
226380	Hwang Hee Chan	Korea Republic
230476	Lucas Medeirão	Brazil
240716	M. Olivera	Uruguay
178508	A. Cocco	Italy
211021	P. Bråtveit	Norway
183885	K. Walker	Sweden
208462	R. Pröpper	Netherlands
228174	C. Carter-Vickers	United States
234574	Diogo Dalot	Portugal
239950	Pêpê	Portugal
213839	B. Guillaume	Belgium
187983	K. Janus	Poland
214608	A. Bernal	Colombia
219216	J. Windass	England
222544	E. Koulouris	Greece
236624	A. Barkok	Germany
221521	R. Dekker	Netherlands
237649	A. Villete	Uruguay
239441	Jordi Mboula	Spain
183377	J. Nation	Norway
196946	E. Izaguirre	Honduras
199762	K. Drygas	Poland
204626	T. Grøgaard	Norway
214611	J. Pajoy	Colombia
225875	N. Kreuzer	Germany
185171	A. Auassar	Netherlands
219988	F. Avenatti	Uruguay
162900	N. Kilkenny	Australia
210005	C. Martschinko	Austria
229205	D. Lazić	Serbia
230485	Dener Rolim	Brazil
233301	R. Nissen Kristensen	Denmark
203606	J. Skalák	Czech Republic
220502	M. Zaccagni	Italy
173654	P. McGowan	Scotland
181846	Wang Yongpo	China PR
183894	M. Sánchez	Argentina
197975	S. Morsy	Egypt
205655	A. MacDonald	England
223575	Rafael Costa	Brazil
179543	A. Nouri	Norway
201816	T. Geyer	Germany
207960	Aitor García	Spain
214360	V. Castillo	Colombia
223576	Samu Delgado	Spain
178520	A. Piccolo	Italy
179800	J. Paganoni	Mexico
190552	C. Pontius	United States
174425	A. Fidler	Russia
207706	G. Skondras	Greece
219994	A. Tzanetopoulos	Greece
190554	S. Cronin	United States
203355	R. Hall	England
208731	A. Hofmann	Germany
219995	V. Parigini	Italy
178011	M. Duruer	Turkey
186715	S. Salinas	United States
173660	P. Caddis	Scotland
197981	S. Makienok	Denmark
208478	Z. Filipović	Slovenia
230238	Welson Leima	Brazil
206431	R. Buess	Switzerland
209503	Q. Menig	Netherlands
219487	F. De Col	Italy
184927	I. Ouali	Algeria
199264	Lee Seung Hee	Korea Republic
211040	A. Aleksandrov	Bulgaria
167520	P. Araujo	Mexico
169568	A. Hammill	England
238944	Z. Majer	Slovenia
193376	L. Nomenjanahary	Madagascar
194656	A. Nikitin	Russia
226401	K. Dowell	England
232289	Josete	Spain
186721	C. Dielna	France
193889	M. Vidal	France
199522	J. Tshibumbu	DR Congo
204386	D. Koppers	Netherlands
214114	L. Murillo	Colombia
215650	L. Bijker	Netherlands
228962	Nili Perdomo	Spain
229474	Vasco Costa	Portugal
177762	L. Agouazi	Algeria
204387	Juan Carlos	Spain
208739	C. Matei	Romania
173667	R. Gíslason	Iceland
182883	K. Agard	England
192611	S. Yatabaré	Mali
202084	E. Jelenič	Slovenia
204644	S. Kroon	Sweden
171364	E. Castillo	United States
239716	I. Chaykovskyi	Ukraine
182628	Rabiola	Portugal
201061	E. Manu	Ghana
221797	E. Thommy	Germany
157797	L. Ceccarelli	Italy
231013	T. Andrade	Argentina
191333	K. Noborizato	Japan
160102	B. Figueraz	Chile
232294	R. Morioka	Japan
204135	Álex Menéndez	Spain
205671	I. Lores Varela	Uruguay
218727	F. Córdoba	Colombia
227175	J. Ortiz	Colombia
230247	Jadson Castrelo	Brazil
173671	K. McFadzean	England
239463	V. Shakhov	Russia
204136	M. de Leeuw	Netherlands
206440	M. Baudry	Congo
209512	I. Stefanović	Serbia
219496	Simy	Nigeria
154216	D. Tumasyan	Russia
226408	F. Brandán	Argentina
167529	E. Andrade	Mexico
239465	M. Chrien	Slovakia
190569	S. Frei	United States
213354	T. Margasov	Russia
230506	Adão Salvadaldo	Brazil
232810	T. Kida	Japan
188522	Fábinho	Brazil
190826	M. Hornschuh	Germany
222059	Mosquito	Brazil
188779	L. DeVere	Australia
189035	N. Giani	Italy
211308	D. Terentyev	Russia
214124	E. Castañeda	Colombia
214380	Y. Hinestroza	Colombia
219756	F. Marković	Serbia
203885	C. Alhadhur	Comoros
222573	A. Tello	Colombia
223597	R. Aguilar	France
227693	N. Gjorgjev	FYR Macedonia
202350	Fabrício	Brazil
213614	S. Gustafson	Sweden
231022	C. Dell'Orco	Italy
202095	V. Klonaridis	Greece
138351	G. Coutinho	Netherlands
212079	M. Pérez	Mexico
213615	R. Williams	South Africa
218735	Pedró	Portugal
211056	Luis Valcarce	Spain
222577	J. Cardona	Colombia
232049	B. Vincent	United States
235377	Bruno Gomes	Brazil
182897	S. Bruzzese	Belgium
183409	I. Vorsah	Ghana
183921	J. Faussurier	France
214386	C. Ayala	Colombia
233074	Borja Domínguez	Spain
190835	A. Quan	China PR
202356	Z. Erdal	Turkey
218996	S. Luaibi	Iraq
157300	J. Blayac	France
160116	S. Altamiras	Chile
225652	G. Puşcaş	Romania
232308	M. Jevtović	Serbia
233588	Elgezabal	Spain
224885	Guilherme Sityá	Brazil
226677	J. Bacuna	Netherlands
163445	L. Frecklington	Republic of Ireland
235381	V. Marcel	France
193909	Escassi	Spain
208502	J. Van Rankin	Mexico
211574	M. Bakić	Montenegro
214390	H. Rojas	Colombia
160118	M. Arrufe	Chile
230518	Franci Martinho	Brazil
186998	W. Yarbrough	United States
188278	M. Birighitti	Australia
214135	J. Quiñones	Colombia
233591	Pomares	Spain
197240	N. Besara	Sweden
199800	Z. Bergdich	Morocco
204920	D. Zbozień	Poland
143224	F. Özçal	Turkey
218744	J. Byrne	Republic of Ireland
191096	K. Hyland	Trinidad & Tobago
204153	Y. Stark	Germany
209529	M. Tanković	Sweden
188793	Raúl Llorente	Spain
190585	S. Williams	United States
202106	M. Knoll	Germany
221050	W. Francis	Costa Rica
224890	Miguel Cardoso	Portugal
164986	E. Duplan	France
239482	Galeno	Brazil
204411	R. Ince	England
234875	L. Höler	Germany
172411	Servando	Spain
178043	F. Della Rocca	Italy
208508	F. Gounongbe	Benin
216444	M. Gouaida	Tunisia
171900	F. Schönheim	Germany
190588	R. Wallace	Costa Rica
207485	C. Ramírez	Mexico
160125	E. Revolledo	Chile
194429	I. Uzochukwu	Nigeria
208510	Pelayo	Spain
205951	Rafinha	Brazil
213375	A. Vacca	Italy
223615	C. Chimino	Argentina
228735	E. Farias	Venezuela
215168	J. Garro	Argentina
234624	B. Dibassy	France
209025	Anderson Conceição	Brazil
214401	H. Urrego	Colombia
163201	M. McGovern	Northern Ireland
165505	C. Matheu	Argentina
241025	L. Heredia	Argentina
193153	Thiago Cardoso	Brazil
198019	P. Testroet	Germany
219523	J. Aguirre	Argentina
220035	A. Ajagun	Nigeria
163203	D. O'Dea	Republic of Ireland
189571	Iriondo	Spain
176772	A. Oukidja	France
121988	L. Kruse	Germany
212613	W. Saïd	France
230789	Matheus Índio	Brazil
177285	R. Vincelot	France
178565	B. Urribarri	Argentina
204166	A. Tonev	Bulgaria
216710	R. Aponzá	Colombia
45702	I. Pelizzoli	Italy
197511	H. Al Raheb	Saudi Arabia
203399	O. Bouy	Morocco
209287	J. Dongou Tsafack	Cameroon
214151	J. Mahecha	Colombia
236167	Freddy Cardouso	Brazil
186503	T. Breukers	Netherlands
188807	K. Conboy	Denmark
192647	G. Charbonnier	France
209800	M. Herrera	Mexico
214408	I. Lichnovsky	Chile
228232	L. Azcona	Ecuador
170632	J. MacDonald	Scotland
237448	A. Mlinar Delamea	Slovenia
186760	A. Karaer	Turkey
207497	L. Brogno	Belgium
215433	F. Vicari	Italy
233097	R. van Drongelen	Netherlands
208522	H. Magnússon	Iceland
210826	L. Gallegos	Chile
211338	A. Chumacero	Bolivia
173450	J. Meredith	Australia
184202	L. George	Netherlands
204427	S. Parker	Germany
207499	T. Boere	Netherlands
223115	P. Gladon	Netherlands
236939	A. Ordóñez	Ecuador
200332	T. Koubek	Czech Republic
204684	M. Seuntjens	Netherlands
12940	E. Pogatetz	Austria
27532	D. de Vries	Netherlands
234380	G. Modica	Argentina
155277	P. Bernier	Canada
183437	M. Rubin	Italy
189325	C. Telo	Sweden
201870	G. Koffie	Ghana
208782	M. van der Hart	Netherlands
217998	C. Arango	Colombia
220302	B. Sanneh	Gambia
168590	M. Karl	Germany
176526	L. Burián	Uruguay
206479	V. Podberezkin	Russia
224911	Sergio Marcos	Spain
230287	Adão Morrinhos	Brazil
235663	G. Til	Netherlands
187535	A. Sosnin	Russia
202896	M. Ureña	Costa Rica
204688	S. Schwab	Austria
221584	J. Rinne	Sweden
179856	D. Perkins	England
212369	Eduardo	Brazil
214929	Varela	Spain
216465	M. Fatau	Ghana
221841	A. Armstrong	England
208018	T. Lam	Finland
214930	Caro	Spain
224146	Jesús Imaz	Spain
229522	Francisco Ramos	Portugal
232594	N. Wako	Japan
234642	E. Mendy	France
207763	A. Mendoza	Mexico
208019	D. Bain	France
214163	J. Roa	Colombia
216467	J. Payne	England
222355	L. Valzania	Italy
160147	A. Huancañez	Chile
225939	J. George	Germany
193683	X. Chavalerin	France
199572	C. Deac	Romania
205460	C. Schoppenhauer	Germany
223124	A. Demircan	Turkey
236692	Marc Gual	Spain
206485	R. Camacho	France
155541	K. Petersen	Denmark
237461	C. Colmán	Paraguay
239509	Tiago Galvão	Brazil
49045	K. Boyd	Scotland
169366	E. Enza-Yamissi	Central African Rep.
161943	E. Ward	England
230295	Cris Laranjeiros	Brazil
53655	J. Bothroyd	England
186776	V. Sarno	Italy
195480	C. McLaughlin	Northern Ireland
203929	J. Fjóluson	Iceland
212121	J. Vanlerberghe	Belgium
212377	M. Osuna	Mexico
214937	L. Villalba	Argentina
169113	M. Neumayr	Germany
240281	Tiago Lopes	Portugal
211098	B. Dack	England
220570	J. Bednarek	Poland
198811	F. Jensen	Norway
205211	M. Borjan	Canada
160155	F. Dastineda	Chile
230043	F. Maouassa	France
230299	Arthur Silbeira	Brazil
192155	E. Makeev	Russia
203164	M. Kegel	Germany
211612	Jhon Cley	Brazil
214940	S. Ojeda	Argentina
223132	K. Keleş	Turkey
229788	Rubén Alcaraz	Spain
233372	B. Merlini	Argentina
176540	B. Castillo	Colombia
140445	S. MacLean	Scotland
216477	T. Nedelev	Bulgaria
178589	S. Jamieson	Australia
181917	L. Noriega	Mexico
186781	K. Kronholm	United States
191389	Leandro	Brazil
211870	D. Nazarov	Azerbaijan
212382	E. Onuachu	Nigeria
223134	Z. Yavru	Turkey
229790	J. Assoubre	Ivory Coast
232862	S. Nakajima	Japan
176542	C. Valencia	Colombia
201631	P. Hidi	Hungary
155551	J. Borring	Denmark
229023	P. Eze	Nigeria
236191	Enzio Julião	Brazil
236447	R. Peña	Venezuela
201888	V. Berisha	Norway
222368	A. Miranchuk	Russia
229280	K. Hoggas	France
240032	D. González	Venezuela
176544	L. Chará	Colombia
221601	Carlos Abad	Spain
229537	T. Cardona	Argentina
176801	M. Emnes	Netherlands
205218	N. Şahin	Turkey
214178	J. Vela	Colombia
174754	G. Torres	Panama
240802	J. Repas	Slovenia
193186	N. Etheridge	Philippines
193442	L. Duarte	Netherlands
135587	N. Mäenpää	Finland
212643	P. Cibicki	Sweden
219555	J. Mezú	Colombia
229027	Gian Martins	Brazil
162980	A. Taylor	England
230308	L. Balanta	Colombia
240292	A. Contrera	Paraguay
183204	P. Zanev	Bulgaria
186788	D. Pisot	Germany
199589	T. Şahin	Turkey
204709	D. Rubio	Chile
237221	J. Foyth	Argentina
213670	I. Ssewankambo	Sweden
219558	G. Koomson	Ghana
228774	V. Marchetti	France
172198	J. Moulin	France
239782	B. Acosta	Honduras
176038	J. Akpala	Nigeria
197031	M. Ducksch	Germany
202663	D. Horgan	Republic of Ireland
203431	Leandro	Brazil
138151	J. Welsh	England
189607	M. Schäffler	Germany
159912	M. Dalendo	Chile
173480	A. Lienhart	Austria
177320	J. Zavala	Mexico
194216	A. Mazzotta	Italy
202921	J. Gleeson	New Zealand
143018	G. Herrera	Argentina
212138	P. Frankowski	Poland
223146	F. Rodríguez	Switzerland
182442	M. Nichols	Australia
190634	G. Sauro	Argentina
208299	M. Belyaev	Russia
229803	E. Taffertshofer	Germany
237995	D. Lainez	Mexico
201132	R. Janicki	Poland
231596	J. Contreras	Venezuela
51116	M. Morisbak Skjønsberg	Norway
214957	H. Osorio	Colombia
162221	F. Haroun	Belgium
241069	P. Sadeghian	Iran
221358	J. Rossiter	England
160175	M. Asterga	Chile
225711	A. Diallo	France
229039	D. Johannesson	Iceland
172207	D. Edgar	Canada
208304	Moon Chang Jin	Korea Republic
225712	D. Bahamboula	Congo
115888	C. Heimeroth	Germany
188336	A. Tuia	Italy
228017	Zhang Yuning	China PR
230065	S. Serdar	Germany
181681	S. Williams	Republic of Ireland
198322	Aguilera	Spain
201138	Z. Boucher	France
213938	D. Biraschi	Italy
162226	S. De Smet	Belgium
229810	M. Affonso	Uruguay
199347	T. Beermann	Germany
204211	P. Papp	Romania
210867	T. Tzandaris	Greece
221875	Son Jun Ho	Korea Republic
225715	S. Živec	Slovenia
197300	A. El-Said	Egypt
206004	J. Ojala	Finland
226228	F. Salazar	Colombia
139701	J. Hooiveld	Netherlands
160181	A. Camura	Chile
193461	Fredy	Angola
159926	F. Currimila	Chile
163254	L. Fontaine	England
228790	Aitor Buñuel	Spain
232374	T. Ugajin	Japan
237494	O. Gnjatić	Bosnia Herzegovina
172470	N. Pedersen	Denmark
185270	J. Blengio	Argentina
221367	D. Milošević	Bosnia Herzegovina
222391	J. Minala	Cameroon
181175	O. Mazuch	Czech Republic
192439	M. Davidson	Scotland
205496	Nicolas	Brazil
233400	J. Glesnes	Norway
176568	A. Marin	France
183480	J. Spence	England
190648	S. Sirigu	Germany
197817	H. Mosquera	Colombia
201401	Campabadal	Spain
223929	A. Leya Iseka	Belgium
227513	C. Arrieta	Colombia
198330	I. Franjić	Australia
207546	Shim Dong Woon	Korea Republic
218298	S. Allagbé	Benin
202171	J. Williams	United States
160187	A. Vardias	Chile
179899	A. Skúlason	Iceland
188091	F. Gulbrandsen	Norway
190139	Adaílton	Brazil
204476	T. Beugelsdijk	Netherlands
209852	B. Galloway	England
224444	H. Belkebla	Algeria
159932	H. Vienda	Chile
227772	G. Giménez	Argentina
176572	K. Voser	Switzerland
201149	Álex Pérez	Spain
219837	Aguza	Spain
225725	Washington	Brazil
232125	J. Viveros	Colombia
183741	M. Zullo	Australia
198846	J. Amione	Mexico
210110	Derik	Spain
212158	O. Osawe	England
214206	G. Cano	Argentina
223934	B. Yardımcı	Turkey
230334	Jessé Ferdeira	Brazil
237502	D. Johnsen	Norway
240574	A. Brighenti	Italy
177598	S. Traut	Germany
186558	J. Ryan	Republic of Ireland
195262	A. Grimaldi	Germany
200895	J. Morris	England
210879	A. Struna	Slovenia
213439	J. Osorio	Canada
151743	M. Rask	Denmark
232639	R. Doan	Japan
238015	J. Opoku	Netherlands
176575	S. Sutter	Switzerland
198849	T. Petsos	Greece
160193	J. Riocel	Chile
202690	A. Dudiev	Russia
203458	A. Ajeti	Albania
211394	P. Faragò	Italy
223426	B. Zech	Austria
225730	J. Eilers	Germany
231874	J. Horn	Germany
192962	G. Kuświk	Poland
201411	M. Agesen	Denmark
208323	C. Rivieyran	France
219587	A. Martinelli	Switzerland
208324	P. Polomat	France
212932	Y. Ono	Japan
215492	D. Formella	Poland
222660	Hwang Hyun Soo	Korea Republic
160196	A. Levipan	Chile
179652	R. Rogers	United States
229317	M. Bašić	Croatia
177605	Jon Erice	Spain
210374	J. Vigón	Mexico
214214	W. Arboleda	Colombia
223686	T. Wellenreuther	Germany
224198	K. Hafez	Egypt
160198	J. Venlero	Chile
230086	Luis Henrique	Brazil
237510	J. Leguizamón	Paraguay
51910	B. Grougi	France
190918	G. Cellerino	Argentina
201927	C. Harriott	England
207815	J. Ruiz	Costa Rica
211911	R. Fennell	United States
230855	H. Wahl	Germany
191431	Bruno Teles	Brazil
209608	D. Burbano	Colombia
215240	M. Fissore	Argentina
222152	Wallyson Mallmann	Brazil
206281	I. Tarasovs	Latvia
212169	J. Michel	France
192457	Jesús Fernández	Spain
207562	S. Andersson	Sweden
227274	D. Barbona	Argentina
239818	Rúben Dias	Portugal
215755	F. Černych	Lithuania
227275	A. Rossi	Argentina
220621	S. Benrahma	Algeria
231885	K. Ota	Japan
203982	J. Valencia	Colombia
222926	A. Mbengue	Senegal
228814	A. Green	England
197839	Leonardo	Brazil
209359	B. O'Neill	Australia
222671	Everaldo	Brazil
229327	Hélder Tavares	Portugal
237775	D. Šovšić	Croatia
220624	L. Acosta	Argentina
160208	I. Tellero	Chile
233168	D. Kikuchi	Japan
170448	J. Zimmermann	Germany
166097	F. Öztürk	Turkey
206546	Pablo Iñiguez	Spain
216018	J. Blanco	Argentina
222930	T. Serbest	Austria
184274	C. Basham	England
213203	Gonçalo Silva	Portugal
201940	Z. MacMath	United States
139476	D. Gerken	England
216020	L. Gil	Argentina
178132	K. Matmour	Algeria
182996	Xiao Zhi	China PR
216789	E. Suagher	Italy
156373	C. Morales	Mexico
223957	L. Pirard	Belgium
159957	E. Lorcado	Chile
204246	M. Bettinelli	England
205270	K. Bayramyan	Russia
210646	A. Ibsen Rømer	Denmark
214998	M. Bogado	Argentina
216534	R. Rodriguez	Switzerland
198103	J. Leist	Germany
202455	D. Rakels	Latvia
188375	L. Abdi	Somalia
201944	C. Remmer	Denmark
202200	L. Slagveer	Netherlands
203736	S. Bahoken	France
214488	J. Vásquez	Colombia
229336	A. Grgić	Switzerland
215001	F. Mattia	Argentina
192473	L. Novak	England
205530	M. Pigliacelli	Italy
224986	Jesús Valentín	Spain
159962	G. Hormaza	Chile
235226	Ângelo Neto	Brazil
160219	M. Reineraso	Chile
227547	D. Saint-Louis	France
228827	J. Fuchs	France
236251	F. Rodríguez	Uruguay
238555	J. Savarino	Venezuela
173531	B. Amos	England
220380	R. Rabia	Egypt
208861	J. Gastien	France
221661	G. Vadalá	Argentina
173533	D. Button	England
193757	Edu Ramos	Spain
215262	F. Márquez	Argentina
220126	M. Diagne	Senegal
222430	F. Viáfara	Colombia
223710	V. Muriqi	Kosovo
225502	K. Balanta	Colombia
45534	M. Antonsson	Sweden
200159	S. Ortega	Germany
200671	V. Ulloa	Mexico
214495	E. Mosquera	Colombia
219871	J. Medranda	Colombia
169184	P. Dixon	Scotland
208865	J. Roye	France
213729	S. Rossbach	Norway
213985	E. Palomino	Colombia
228321	Sergi Palencia	Spain
239841	V. Lampropoulos	Greece
200930	L. Tremolada	Italy
203746	J. Toral	Spain
226786	A. Bono	United States
239842	G. Giakoumakis	Greece
194018	J. Collins	Republic of Ireland
200931	Fran Cruz	Spain
193251	C. Schösswendter	Austria
210404	S. Doukara	Senegal
211428	Etxeberría	Spain
220900	I. Doğan	Turkey
230372	Helito Caldeira	Brazil
239844	G. Torres	Costa Rica
202469	D. Bingham	United States
216037	N. Valentini	Argentina
226789	A. Fulgini	France
201958	E. Ebanks-Landell	England
227558	T. Siebatcheu	France
206311	Adriá Carmona	Spain
164839	M. Parkhurst	United States
235751	B. Nastić	Serbia
239335	Óscar	Spain
213736	J. Gonzalez	United States
215528	K. Karami	Netherlands
233960	L. Mühl	Germany
170472	J. Parr	Norway
226793	M. Polster	United States
238569	K. Schindler	Ghana
191209	J. Isijara	Mexico
211946	M. Kolke	Germany
216810	Y. Tejeda	Costa Rica
227562	L. Haraslín	Slovakia
211691	R. Weil	Germany
214507	A. Zapata	Colombia
220651	Angeliño	Spain
224235	Paulo Ricardo	Brazil
234987	A. Androutsos	Greece
137708	F. Dick	Germany
223724	S. Lainer	Austria
177389	F. Morais	Portugal
184301	J. Emmanuel-Thomas	England
198638	O. Buff	Switzerland
203502	B. Reid	England
140526	Edú	Brazil
208878	M. Paulissen	Netherlands
224494	R. Henry	England
226798	M. Martínez	Argentina
232430	Miguel Díaz	Spain
175598	Zhao Xuri	China PR
145903	Carlos Caballero	Spain
213743	Tiago Caeiro	Portugal
229359	Miramón	Spain
231919	A. Murgia	Italy
170991	Nagore	Spain
199152	D. Lekić	Serbia
202480	Luis Felipe	Brazil
212208	L. Galeano	Argentina
221168	D. Kownacki	Poland
221680	N. Hagglund	United States
185072	M. Aleksandrov	Bulgaria
193264	P. Farkas	Austria
199665	J. Cools	Belgium
192241	R. Grant	Australia
201714	D. Böde	Hungary
187634	R. Ruíz	Mexico
208371	M. Saeid	Sweden
212467	H. Marín	Mexico
231667	D. Cataño	Colombia
196339	M. Titsch-Rivero	Germany
205044	S. Maier	Germany
208372	G. Arokoyo	Nigeria
175092	M. Figueroa	Honduras
211189	B. Meccariello	Italy
225013	M. Čovilo	Serbia
159989	C. Lobella	Chile
186101	E. Hovland	Norway
192757	S. Terekhov	Russia
158966	G. Machín	Argentina
208375	M. Müller	Germany
205048	K. Vollmann	Germany
207864	E. Molina	Argentina
208120	K. Przybyłko	Poland
209400	M. Williams	Trinidad & Tobago
223736	R. Rotman	Slovenia
169464	A. Traoré	Senegal
177912	M. Lekven	Norway
189944	L. Gassama	Senegal
202489	D. Bisoli	Italy
213497	J. Une Larsson	Sweden
216313	A. Miljković	Serbia
221433	O. Govea	Mexico
201978	P. Parzyszek	Poland
206074	M. Fornasier	Italy
209402	E. Acolatse	Netherlands
213498	S. Martinsson Ngouali	Gabon
224250	D. Roßbach	Germany
237562	Diego Medeiros	Brazil
199419	Y. Court	France
139259	D. Callà	Switzerland
210171	F. Malbašić	Serbia
219643	O. Hadžikić	Austria
159995	W. Santerilone	Chile
188411	Bruno Perone	Brazil
200700	A. Merkel	Kazakhstan
192252	Pedro Queirós	Portugal
193276	P. Klingmann	Germany
224509	U. Rivas	Mexico
225533	C. Bedia	Ivory Coast
228093	M. Thuram	France
189181	D. Bodul	Croatia
193277	J. Siebenhandl	Austria
198910	N. Klotz	Germany
225534	I. Bezdenezhnykh	Russia
219647	A. Vuletich	Argentina
188671	Eloi Amagat	Spain
203264	S. Wootton	England
214784	J. Pereyra Díaz	Argentina
225024	M. Holgate	England
173568	B. Bajić	Bosnia Herzegovina
215297	D. Werker	Netherlands
216577	W. Twala	South Africa
152065	S. Poulsen	Denmark
221697	O. Watkins	England
186881	J. Holland	Australia
203266	G. van Velzen	Netherlands
224258	K. Ajer	Norway
226050	C. Teuchert	Germany
169474	A. Taylor	England
206083	J. Murphy	England
160003	M. Elarra	Chile
177668	A. Bischoff	Portugal
193028	S. Beavon	England
212485	D. Bakker	Netherlands
212997	E. Zejnullahu	Kosovo
236037	P. Clement	Netherlands
189445	M. Marković	Serbia
211974	K. Freiberger	Germany
220934	C. Rivas	Colombia
224774	H. Çinemre	Turkey
193798	J. Mason	Republic of Ireland
227847	M. James	Canada
190983	R. Kiernan	Republic of Ireland
200968	F. Ogier	France
229384	N. Hammann	Germany
148745	K. Wæhler	Norway
220937	M. Pérez Acuña	Argentina
229641	M. Bagayoko	Ivory Coast
231433	Aitor	Spain
233225	S. Taniguchi	Japan
238857	Wilson Manafá	Portugal
201482	Julián Cuesta	Spain
205578	P. Ngawa	Belgium
215818	E. Hyndman	United States
224010	José Suarez	Spain
232714	Y. Toyoda	Japan
233226	T. Nara	Japan
212747	T. Martínez	Argentina
160011	R. Áldarez	Chile
239627	A. Zrelak	Slovakia
184331	M. Albertazzi	Italy
194059	M. Chrapek	Poland
224524	E. Burgos	Argentina
161804	O. Rojas	Mexico
167180	F. Nordkvelle	Norway
236556	M. Hongla	Cameroon
190732	K. Biliński	Poland
207629	J. Villarreal	United States
225293	H. Diallo	Senegal
230413	Mauriçio Clerez	Brazil
180749	T. Elrich	Australia
206094	M. Vermijl	Belgium
218894	S. Romero	Uruguay
163342	S. Cox	Republic of Ireland
167694	M. Connolly	England
110606	A. Mannus	Northern Ireland
210703	L. Đorđević	Montenegro
223759	V. Yurchenko	Ukraine
165903	Choi Hyo Jin	Korea Republic
199184	R. Maeda	Japan
202512	F. Hartherz	Germany
166928	A. Bellinghausen	Germany
101904	A. Frara	Italy
234512	Heliardo	Brazil
235024	S. Díaz	Paraguay
193552	B. McKay	Northern Ireland
200209	N. Larsen	Denmark
205073	F. Kiss	Slovakia
213009	A. Al Ghamdi	Saudi Arabia
236817	H. Maïga	Ivory Coast
200466	V. Eicher	Germany
207634	J. Lozano	Colombia
229138	F. Antunes	France
178194	D. Cox	England
191250	S. Heidinger	Germany
201491	D. Lafferty	Northern Ireland
224019	Pedro Chirivella	Spain
176403	Lee Keun Ho	Korea Republic
207892	J. Gyau	United States
217620	A. Seck	Senegal
222484	D. Mesenhöler	Germany
165908	Oh Beom Seok	Korea Republic
237844	A. Guliev	Russia
177684	S. Grippo	Switzerland
208917	K. Al Ghamdi	Saudi Arabia
224021	S. Ojo	England
232469	Ramon Lopes	Brazil
53525	Paulo Lopes	Portugal
186645	S. Franklin	United States
188181	D. Moxey	England
190485	H. Olvera	Mexico
221462	Wander	Brazil
230166	Fepe Avedo	Brazil
176406	Lee Sang Ho	Korea Republic
200727	Carlos Delgado	Spain
202263	J. Jørgensen	Norway
224791	Mailson	Brazil
163351	L. Varney	England
229911	M. Kenlock	England
230167	Mateus Tangil	Brazil
165911	Hwang Jin Sung	Korea Republic
180759	H. Taniguchi	Japan
186135	C. Evans	Northern Ireland
228120	K. Paal	Netherlands
232728	Y. Yoshida	Japan
176920	M. Torrén	Argentina
236313	K. Madu	Nigeria
173337	Y. Konno	Japan
178713	L. Trotter	England
191257	S. Brandy	Germany
207898	E. Soriano	Germany
156698	M. Smedberg-Dalence	Bolivia
227866	P. Kirkevold	Norway
183066	M. Baudry	France
191002	M. Sivakow	Belarus
152603	O. Occéan	Canada
238619	J. Nikolaou	Germany
226076	C. Tasoulis	Greece
176924	F. González	Argentina
204061	M. Falzerano	Italy
205085	W. Kamavuaka	DR Congo
215325	M. Rosales	Argentina
226077	A. Gabr	Egypt
228893	M. Guanini	Argentina
164637	J. Brix-Damborg	Denmark
234781	Martínez	Spain
239645	M. de los Santos	Uruguay
195357	F. Farnolle	Benin
211742	M. Lorenz	Germany
229662	M. Polaček	Slovakia
230430	Oswaldinato	Brazil
232478	H. Kanazono	Japan
211231	R. Azeez	Nigeria
220191	Marcelo Djaló	Spain
225567	Eneko Capilla	Spain
172063	J. North	Australia
187935	F. Kadir	Algeria
215584	J. Wójcicki	Poland
221984	F. Cañaveral	Colombia
235296	Manel	Spain
176928	J. Arvidsson	Sweden
207905	M. Mak	Poland
231713	K. Salazar	Colombia
170785	G. Faivre	Switzerland
190497	D. Hoesen	Netherlands
198178	A. Calisir	Sweden
209954	B. Jopek	Germany
221986	J. Hardeveld	Netherlands
229154	J. Kliment	Czech Republic
233250	Y. Suzuki	Japan
192546	E. Stevens	Republic of Ireland
202787	K. Ellis	United States
229155	T. Ouwejan	Netherlands
232227	Z. El Azzouzi	Morocco
198436	M. Hvilsom	Denmark
202788	M. Szczepaniak	Poland
218660	J. Sims	England
231972	M. Kudo	Japan
237348	N. Busch Thor	Sweden
239652	M. Fathi	Egypt
200741	T. Browning	England
203813	J. Möckel	Germany
208165	B. Djimsiti	Albania
232229	J. Bijlow	Netherlands
211238	L. Kassi	Ivory Coast
214054	H. Rivera	Colombia
218662	Asdrúbal	Spain
239654	J. Hernández	Venezuela
202535	T. Röcher	Austria
229927	Gerson	Brazil
190247	J. Brayford	England
205352	J. Archer	Scotland
169000	K. Andersen	Belgium
187176	Lee Yun Pyo	Korea Republic
189736	F. Casarini	Italy
200233	A. Messaoud	Morocco
208169	L. Gülen	Switzerland
208681	J. Croux	Belgium
209961	G. Wegkamp	Germany
214313	J. Delgado	Chile
219177	J. Grant	England
214314	A. Otero	Colombia
220714	P. Billing	Denmark
227370	M. Zetterer	Germany
206379	H. Halldórsson	Iceland
210219	E. Herrera	Argentina
216107	Jonatas Belusso	Brazil
152875	J. Jackson	England
193835	Fidelis	Brazil
207660	D. Wydra	Austria
210476	M. Kuster	Austria
219948	J. Cummings	Scotland
234284	C. Soukou	Germany
193580	M. Nizam	Turkey
198701	S. Pettinari	Italy
202285	R. Mandanda	DR Congo
204846	J. Blackman	England
212014	Ricardo Nunes	South Africa
223790	S. Becker	Netherlands
231726	A. Ivan	Romania
232750	Fabio	Brazil
184878	T. Høiland	Norway
186414	W. Domoraud	France
190254	W. Thomas	England
202799	J. Graham	England
214575	L. Payares	Colombia
230447	Nazario Serpe	Brazil
178479	A. Paolucci	Italy
222256	T. Bishop	England
228144	Jorge Pombo	Spain
235568	L. Goujon	France
138289	C. Baird	Northern Ireland
232753	K. Nakamachi	Japan
205874	F. Kaplan	Turkey
229682	D. Fry	England
230450	Breno Laranjeiro	Brazil
200499	V. Andriuškevičius	Lithuania
202803	M. Angha	Switzerland
147251	I. Shevchenko	Russia
166451	J. Wicks	United States
235827	G. Gudiño	Argentina
183347	J. Leutwiler	Canada
223284	P. Martinez	France
235828	Marcos Valente	Portugal
195124	D. Amoo	England
234293	A. Tanaka	Japan
207926	A. Linde	Sweden
210742	M. Hallberg	Sweden
224566	Carlos Blanco	Spain
171574	Santamaría	Spain
239670	Jefferson Santos	Brazil
186422	S. Scannell	Republic of Ireland
194102	G. Rizzo	Italy
213303	B. Perea	Colombia
177719	L. Broź	Poland
206136	V. Rykov	Russia
223032	O. Zelenika	Croatia
232760	D. Diaw	Senegal
233529	F. Gaibor	Ecuador
177465	B. Fernandez	Germany
212538	J. Navrátil	Czech Republic
214330	M. Balanta	Colombia
219962	M. Musalov	Russia
224314	M. Gori	Italy
224570	A. Jackson-Hamel	Canada
236858	J. Lozano	Colombia
189498	H. Forrester	England
203835	D. Orlishausen	Germany
224315	L. Paganini	Italy
204860	K. Hemmings	England
219708	Iñaki Sáenz	Spain
224316	R. Crivello	Italy
235324	R. Niemeijer	Netherlands
235580	I. Sackey	Ghana
224317	J. Cabrera	Uruguay
228413	E. Audero	Italy
105533	L. Załuska	Poland
202814	N. Byrne	England
229694	Moon Seon Min	Korea Republic
240190	P. Malong	Cameroon
199231	Kim Tae Hwan	Korea Republic
208959	R. Philp	Romania
218687	J. Domínguez	Colombia
227647	M. Mittelstädt	Germany
230975	D. Vergara	Colombia
200256	T. Leugers	Germany
156480	Y. Nakazawa	Japan
159040	G. Munari	Italy
160064	S. Canildo	Chile
191552	M. Inoha	Japan
202305	Lee Seung Gi	Korea Republic
206145	B. Uphoff	Germany
217153	Wu Xi	China PR
197954	G. Åsen	Norway
179778	B. Evans	United States
203331	L. Isgrove	Wales
207427	M. Lampson	United States
207683	S. Dioudis	Greece
209987	M. Schuhen	Germany
230467	Melvin Regalito	Brazil
173891	L. Akins	England
53827	M. Taylor	England
204100	S. Brandstetter	Germany
205380	G. Claes	Belgium
207428	J. Valencia	Colombia
237892	R. Seuntjens	Netherlands
202053	R. Miyaichi	Japan
204101	C. Bickel	Germany
230981	Lucas Galvão	Brazil
175941	J. Horn	Norway
230470	Pedrildo Rocha	Brazil
211527	Álex Gallar	Spain
215367	O. Sow	Sweden
224071	R. Habran	France
230471	Wilsson Rosito	Brazil
237895	V. van Crooij	Netherlands
177479	C. Louvion	France
188487	A. Zito	Italy
206408	T. Boyd	United States
208968	F. Al Qarni	Saudi Arabia
225352	Bardají	Spain
225864	B. Barry	Germany
229704	J. Vachoux	France
173128	D. Bergamelli	Italy
192328	P. Huspek	Austria
193864	Bruno Monteiro	Portugal
197961	M. Możdżeń	Poland
204105	K. Lala	France
214345	D. Valencia	Colombia
224329	M. Carrasco	Argentina
215370	M. Hofmann	Austria
187722	J. Ibarra	Mexico
214091	Alcatraz	Colombia
222027	J. Watts	United States
158795	C. Kronberg	Denmark
160075	E. Acorada	Chile
173899	J. Skarz	England
184139	Ricardo Ferreira	Portugal
203853	M. Sax	Austria
206157	L. Olum	Kenya
230221	Kauã Zanson	Brazil
230477	Dersan Dinis	Brazil
234573	Aurélio Buta	Angola
169805	A. Devaux	France
204622	J. Meekings	England
212046	A. Popa	Romania
222798	Jung Woo Jae	Korea Republic
166990	A. Khagush	Russia
233550	S. Grandsir	France
178766	B. Mitrev	Bulgaria
49486	B. Ogbeche	Nigeria
198223	R. Maiello	Italy
9807	M. Breuer	Netherlands
184143	A. Jacobsen	Denmark
219984	M. Aramu	Italy
223056	Álvaro Bustos	Spain
229456	L. Dickmann	Italy
229968	T. Agyepong	Ghana
234832	K. Pedersen	Denmark
235088	Luis Pérez	Spain
177488	M. Konrad	Germany
227153	C. Borja	Colombia
235345	G. Iancu	Romania
171601	L. Piątek	Poland
176209	C. Wilk	Poland
184657	S. Fischer	Netherlands
209746	K. Altınay	Turkey
220754	D. Ortiz	Paraguay
223570	J. Sambia	France
53074	S. Hofmann	Germany
186450	M. Carayol	Gambia
209491	T. Meißner	Germany
196435	C. Ramos	Peru
197716	T. Bunbury	United States
200532	K. D'Haene	Belgium
216660	Hugo Álvarez	Spain
227668	S. Ichazo	Uruguay
162388	K. Chiba	Japan
231508	T. Thelin	Sweden
209493	D. Daniels	Montserrat
162901	C. Doyle	Republic of Ireland
186453	T. Hiariej	Netherlands
199510	N. Proschwitz	Germany
214358	J. Nieto	Colombia
221014	Carlos Fernández	Spain
160086	J. Adánguiz	Chile
238678	K. Gehring	Germany
205911	M. Chiosa	Italy
184407	F. Moretti	Italy
196952	J. Bidwell	England
223320	C. Alkılıç	Turkey
139609	C. Conway	Scotland
146521	Ripa	Spain
227161	M. Medina	Colombia
234841	G. Karačić	Bosnia Herzegovina
182617	D. Hylton	England
216410	Vinícius	Brazil
157018	M. Hernández	Mexico
238682	D. Hägele	Germany
179802	X. Báez	Mexico
218971	S. Gbohouo	Ivory Coast
227163	P. Mina	Colombia
230491	Jose Emeirson	Brazil
202589	Javi Hernández	Spain
221789	Gwon Wan Gyu	Korea Republic
162397	H. Skogseid	Norway
230493	Fabri Arnoia	Brazil
189021	J. Mall	Switzerland
209502	M. Nkololo	DR Congo
209758	V. Alvarado	United States
211294	A. Putsko	Russia
215390	D. da Cruz	France
170078	M. Little	England
238942	N. Mitrović	Slovenia
182878	Jonathan Reis	Brazil
205663	M. Busellato	Italy
219743	S. Al Duayyi	Saudi Arabia
221791	R. Kurzawa	Poland
172895	D. Kyriakidis	Greece
193631	C. Groß	Germany
210784	D. Morales	Argentina
218464	E. Quiñones	Colombia
222560	T. Zwane	South Africa
179808	O. Mares	Mexico
193632	A. Novikovas	Lithuania
209761	D. Steres	United States
160097	E. Hurtados	Chile
235361	I. Alhaft	Netherlands
188257	B. Easton	Scotland
199010	A. Boyle	Republic of Ireland
203618	V. Sielis	Cyprus
214882	J. Czerwiński	Poland
227170	J. Roa	Colombia
170594	L. Díaz	Argentina
173666	N. Law	England
192354	R. Vilchis	Mexico
204131	K. Escamilla	Mexico
214371	J. Arboleda	Colombia
221539	Carrillo	Spain
160099	D. Soldiez	Chile
173155	A. Barillà	Italy
214884	M. Nalepa	Poland
220772	L. Stojanović	Serbia
221284	J. Gradit	France
230244	Leo Vimieiro	Brazil
238692	K. Gjasula	Germany
53604	G. Greer	Scotland
202341	M. Pérez	Mexico
186725	D. Horst	United States
232550	A. Putivtsev	Ukraine
170342	P. Huntington	England
194662	A. Zabolotnyy	Russia
213095	L. Cavallini	Canada
215143	J. Sills	Argentina
228711	B. Mansilla	Argentina
184167	A. Moris	Luxembourg
191847	A. Al Asta	Saudi Arabia
199784	Edgar Hernández	Spain
172648	S. Blondelle	Belgium
189544	S. Wangberg	Norway
192616	C. Tănase	Romania
223593	J. Correa	Argentina
236393	Marc Cardona	Spain
197226	S. Bertram	Germany
169578	C. Woods	England
235883	R. Sessegnon	England
183147	S. Hines	England
191083	P. Mortensen	Denmark
204652	A. Escoboza	Mexico
226668	N. Mazzola	Argentina
229996	J. Venegas	Costa Rica
190060	N. Toko	DR Congo
140141	V. Sánchez	Uruguay
165485	J. Demetriou	Cyprus
233581	Song Si Woo	Korea Republic
193645	D. Gavazzi	Italy
209518	I. Lendrić	Croatia
194926	I. Temnikov	Russia
219759	S. Molina	Italy
157295	C. Valdez	Mexico
226671	F. Fattori	Argentina
183151	M. Keita	Norway
183407	S. Kotysch	Germany
221552	S. Heltne Nilsen	Norway
160112	A. Safildo	Chile
101488	D. Haas	Germany
233840	E. Kouassi	Ivory Coast
237424	Paik Seung Ho	Korea Republic
240240	J. Nsamé	Cameroon
176240	M. Wynne	United States
183920	R. Sukuta-Pasu	Germany
198257	S. Sinovic	United States
229745	B. Enobakhare	Nigeria
180337	M. Vanhamel	Belgium
142962	E. Bologna	Argentina
213106	R. Sigurjónsson	Iceland
217202	L. Rinaldi	Argentina
152690	D. Konstantopoulos	Greece
181106	H. Hosogai	Japan
205939	O. Bulut	Germany
214131	R. Sánchez	Colombia
160115	E. Manjedo	Chile
163955	S. Anderson	Scotland
164467	J. Ward	Northern Ireland
194163	J. Raitala	Finland
215668	R. Festersen	Denmark
225140	S. Khumalo	South Africa
170612	V. Basha	Albania
183924	F. Migliore	Italy
237429	G. Miura	Japan
145014	Juande	Spain
230262	Nuno Cedrim	Brazil
235126	F. Orlando	Italy
177782	H. Özmert	Turkey
118646	I. Henderson	England
194934	Dani Jiménez	Spain
201079	L. Laverone	Italy
201847	L. Bostyn	Belgium
218743	A. Zapata	Colombia
223607	Luis Ruiz	Spain
165496	G. Prósperi	Argentina
134777	G. Bourillon	France
202105	M. Zachara	Poland
160121	N. Meriz	Chile
224378	M. Bani	Italy
160122	A. Romales	Chile
211067	D. Del Fabro	Italy
211323	Pol García	Spain
215163	A. Cooper	Panama
224891	Rafael Ramos	Portugal
239483	A. Tembeng	Cameroon
4732	J. Bréchet	France
204412	G. Saville	England
211325	A. Schiavone	Italy
155517	D. Olsen	Denmark
223357	W. Kaptoum	Cameroon
190589	S. Hierländer	Austria
212094	E. Zenteno	Bolivia
219518	P. Becker	Argentina
225150	A. Araujo	Portugal
232062	D. Sundgren	Sweden
170110	R. Maah	France
188798	Tito	Spain
200319	B. Coker	England
206207	W. Zahibo	France
212095	A. Meleán	Bolivia
226431	L. Da Silva Lopes	Portugal
170879	S. MacDonald	Wales
239231	Cucurella	Spain
210304	H. Zuck	Germany
212608	J. Mombris	France
225664	M. Ibarra	United States
229248	Alan Schons	Brazil
50816	L. Wilkshire	Australia
198785	N. Çiftçi	Turkey
203393	E. Gnahoré	France
150657	S. Baradji	France
216193	B. Vriends	Netherlands
217729	L. Gatto	Italy
191105	R. Lundström	Sweden
199554	D. Zanon	Italy
203138	J. Scowen	England
206210	S. Ganz	Italy
155266	A. Askar	Ethiopia
222338	T. Redding	United States
160130	R. Gaetaños	Chile
226434	R. García	Uruguay
171394	T. Enevoldsen	Denmark
226179	M. Sauer	Germany
176003	J. Dequevy	Belgium
184707	G. Madine	England
192643	K. Kratz	Germany
219780	Claude Gonçalves	Portugal
232580	Gabriel	Brazil
173444	G. Barnes	Jamaica
199813	G. Trauner	Austria
201093	N. Powell	England
221573	Dudú	Brazil
223877	D. Furlong	England
225669	K. Ehizibue	Netherlands
230021	J. Aidoo	Ghana
232581	Eduardo	Brazil
189061	S. Burchert	Germany
232582	W. Andrade	Argentina
178310	S. Iacoponi	Italy
199815	S. Mantom	England
143751	F. Öztorun	Turkey
201352	A. Iacobucci	Italy
209288	F. Mollet	France
212104	J. Gómez	Mexico
160136	A. Ibañado	Chile
230280	Antonaldinho	Brazil
237960	Mama Baldé	Guinea Bissau
177544	K. Bülow	Germany
208521	F. Brillant	France
223113	K. Piątek	Poland
160137	J. Urellano	Chile
225673	K. Adams Nuhu	Ghana
165001	S. Madera	Poland
240265	L. Juliš	Czech Republic
188297	A. Laurito	Germany
210570	E. Nefiz	Turkey
223114	E. Tozlu	Turkey
226442	H. Pehlivan	Turkey
230282	Guto Costinho	Brazil
165258	K. Sobieraj	Poland
203915	E. Padella	Italy
156299	S. Barker	England
229259	Dani Suárez	Spain
167563	A. Budakov	Russia
221580	D. González	Colombia
167564	A. Krivoruchko	Russia
218253	S. Balanovich	Belarus
220045	C. Mahoney	England
223117	J. Fortes	Cape Verde
230285	Vincente Dourado	Brazil
234381	J. Müller	Germany
177805	M. Rossi	Italy
213646	Miguel Oliveira	Portugal
220558	J. von Haacke	Germany
212879	S. Michel	Germany
215695	L. Nielsen	Denmark
200336	M. Nitrianský	Czech Republic
219536	I. Pussetto	Argentina
222352	A. Ajeti	Switzerland
224144	Diego Aguirre	Spain
230288	Gustavo Pastinho	Brazil
230800	R. Manaj	Albania
233616	Sueliton	Brazil
211857	Alex Muñoz	Spain
212625	D. Kinsombi	Germany
157585	J. Ielsch	France
227217	K. Mazek	Poland
178321	M. Figoli	Uruguay
204946	Y. Otsu	Japan
205970	J. Wallace	England
212114	O. Aydın	Germany
226706	Felipe Pires	Brazil
125586	S. Andersen	Denmark
202131	J. Cousins	England
232595	Ko Seung Beom	Korea Republic
172179	T. Spurr	England
177299	A. Gabbarini	Argentina
204436	O. Yıldırım	Germany
224148	R. Murić	Croatia
225172	A. Gérard	France
237460	V. Kovačević	Serbia
224149	R. Rubin	United States
189077	S. Sararer	Turkey
220054	L. Nizzetto	Italy
224150	J. Salas	Mexico
235670	R. Lundqvist	Sweden
232599	Y. Nakayama	Japan
240023	P. Eler	Slovenia
198040	E. Alvarado	Costa Rica
206488	A. Origi	Kenya
208024	M. Wallace	Scotland
209816	J. Buatu Mananga	Angola
232344	E. Dening	Argentina
236696	A. Chatzigiovanis	Greece
238232	Han Kwang Song	Korea DPR
193688	N. Backman	Sweden
215449	R. Skov	Denmark
230297	Adriano Junqueiras	Brazil
201114	B. Pawłowski	Poland
144282	S. Özkan	Turkey
219546	J. Murillo	Colombia
232346	D. Imperiale	Argentina
234906	H. Aouar	France
210843	H. Mahbub	Saudi Arabia
213659	F. Dabo	England
215195	S. Svendsen	Norway
220059	D. Poyet	Uruguay
222875	J. Kayembe	Belgium
235163	M. Castagnetti	Italy
237211	Yuri Ribeiro	Portugal
173211	A. Rossi	Italy
187035	J. Jeffrey	United States
190619	M. Grella	United States
205724	I. Lanni	Italy
213404	P. Dawidowicz	Poland
222364	Piqueti	Guinea Bissau
147613	A. Pavlenko	Russia
194717	R. Grange	France
202654	D. Čotra	Serbia
204958	Miguel Garcia	Spain
227998	D. Badji	Senegal
231838	M. Wöber	Austria
237214	L. Abubakar	Ghana
187550	Eduardo Neto	Brazil
191390	F. N'Sakala	DR Congo
205215	Igor Rossi	Brazil
214175	C. Robles	Colombia
223135	M. Akbaş	Turkey
159904	E. Quejeda	Chile
232608	H. Abe	Japan
184480	H. Robson-Kanu	Wales
212385	A. Syhre	Germany
159905	D. Bantelicia	Chile
231073	B. Radunović	Serbia
167329	M. Cejas	Argentina
167841	C. Maguire	Scotland
185249	D. Phillips	Jamaica
186529	T. Beltran	United States
216482	B. Pelé	France
211363	T. Lockyer	Wales
149667	K. Doyle	Republic of Ireland
226723	L. Saldaña	Colombia
177315	G. Roberts	England
193187	K. Bennett	England
209316	T. Haye	Netherlands
188836	J. Steele	England
203173	Noguera	Spain
143013	P. Ferrari	Argentina
212645	P. Konate	Sweden
216485	A. Tshibola	England
228261	V. Moren	Finland
183973	L. Nestor	France
186533	P. Nyarko	Ghana
202662	S. Lewerenz	Germany
209062	P. Frick	Sweden
172966	R. Wiggins	Wales
173734	J. Wilson	Wales
210599	M. Lobantsev	Russia
221095	Dani Romera	Spain
223143	U. Garcia	Switzerland
224423	M. Wittek	Germany
228007	Lee Yeong Jae	Korea Republic
228519	R. Zekhnini	Norway
239271	G. Anestis	Greece
180903	J. O'Shea	Republic of Ireland
224425	M. Wolf	Germany
232617	K. Shimizu	Japan
233897	M. Fall	Senegal
235177	M. Correa	Argentina
192169	E. Friberg	Sweden
211626	D. Kądzior	Poland
168362	F. Stanco	Italy
237226	J. Nyholm	Sweden
204203	Xavi Molina	Spain
214187	C. Bejarano	Equatorial Guinea
220075	M. Kanno	Saudi Arabia
232875	D. Nishi	Japan
238507	Fernando Fonseca	Portugal
230316	Marcelinho Moraisco	Brazil
234668	F. Ananou	Germany
47020	K. Begois	Belgium
216237	K. Azamoum	France
234413	F. Müller	Germany
208302	A. Gilbey	England
232622	S. Nagasawa	Japan
203439	M. Tosetti	Switzerland
232111	M. Benyettou	Algeria
232879	R. Nagaki	Japan
183471	D. Vidosic	Australia
125103	O. Şam	Turkey
169648	S. Dawkins	Jamaica
202161	F. Concas	Italy
187313	Jou Silva	Brazil
202162	J. Anibaba	United States
213170	Jeong Jae Yong	Korea Republic
232882	K. Misao	Japan
168882	S. Kariri	Saudi Arabia
193458	Barge	Portugal
204468	T. Weilandt	Germany
213428	C. Irwin	United States
220084	C. Falletti	Uruguay
114356	M. Wölfli	Switzerland
231093	J. Patiño	Paraguay
232373	R. Moriwaki	Japan
49589	J. Jönsson	Sweden
183477	M. Štěch	Czech Republic
191157	M. Dyrestam	Sweden
192437	F. Trinks	Germany
198070	A. Ludwig	Germany
207542	Lee Seul Chan	Korea Republic
214198	J. Hernández	Colombia
227766	L. Dvali	Georgia
197303	S. Krivets	Belarus
201911	W. Keane	England
209335	K. Haugen	Norway
214199	C. Restrepo	Colombia
228279	J. Drommel	Netherlands
232887	A. Nakamura	Japan
241079	C. Kyriakou	Cyprus
195255	G. Landel	Guinea
220600	A. Lundqvist	Sweden
195256	A. Turan	Turkey
233145	K. Moriya	Japan
183993	E. Israelsson	Sweden
202170	M. Boxall	New Zealand
222394	Y. Bnou-Marzouk	Morocco
230074	E. Kwateng	France
217787	S. Vučur	Austria
221627	H. Hechalar	Argentina
238779	J. Verlaat	Netherlands
208316	A. Blomqvist	Sweden
219836	Rubén Yáñez	Spain
220348	Isaac Carcelén	Spain
234172	B. Bese	Hungary
239804	A. Karnitskiy	Belarus
240316	Cláudio Falcão	Brazil
176061	J. Bornstein	United States
203454	J. Reinhardt	Germany
203966	D. Kempe	Germany
207806	B. Dickenson	England
215230	S. Martínez	Uruguay
179646	J. Juelsgård	Denmark
198591	F. Etoundi	Cameroon
203455	O. Kragl	Germany
230079	A. Kalulu	France
169919	P. Anderson	England
210112	C. Benavente	Peru
201921	N. Ajose	England
212417	P. Gregor	Denmark
119233	T. Mears	England
208834	B. Aloé	France
235202	I. Tomečak	Croatia
207811	Yeo Reum	Korea Republic
213699	A. Fletcher	England
214211	R. Vanegas	Colombia
226499	T. Sangweni	South Africa
171971	L. Craig	Scotland
192963	L. Nabab	France
211908	G. Güvenç	Turkey
232132	Joaquín	Spain
237252	J. Nerwinski	United States
187076	S. Hain	Germany
203461	H. Kryeziu	Kosovo
213189	Joo Min Kyu	Korea Republic
225733	Cesinha	Brazil
233157	N. Medvedev	Russia
235717	B. Özcan	Turkey
187589	A. Katsaev	Russia
200646	A. Cinelli	Italy
215238	W. Serrano	Argentina
231110	P. Erras	Germany
148423	S. Mila	Poland
215751	G. Monachello	Italy
237767	T. Edamura	Japan
241095	N. Vlašić	Croatia
220872	G. Kiltie	Scotland
165064	J. Promes	Netherlands
237768	R. Shirasaki	Japan
191432	A. Falatah	Saudi Arabia
204489	S. Elbers	Netherlands
209609	E. Loboa	Colombia
213449	P. Stolarski	Poland
159945	J. Seldinarez	Chile
226249	M. Odjer	Ghana
188617	S. Laner	Italy
192201	P. Abrahamsson	Sweden
226506	K. Mets	Estonia
235466	Quim Araujo	Spain
184266	K. Bru	Mauritius
192970	D. Mayor	England
199883	K. Onuegbu	Nigeria
204235	Dorronsoro	Spain
210635	K. Hause	England
231627	S. Umar	Nigeria
235467	M. Moreno	Argentina
171723	A. Mengoni	Italy
177099	T. Wachsmuth	Germany
178379	J. Harvey	United States
198348	M. Autret	France
215756	S. McQueen	England
230860	D. Poha	France
125132	B. Körk	Turkey
208589	K. Pusch	Germany
215245	A. Hunou	France
232909	S. Takahashi	Japan
190669	O. Jansson	Sweden
220878	M. Cacutalua	Germany
223438	T. Renault	France
180174	B. Kopplin	Germany
212431	Kim Nam Chun	Korea Republic
212687	L. Solignac	Argentina
221647	Kim Yong Hwan	Korea Republic
226767	N. Kuipers	Netherlands
179663	T. Rowe	England
211920	M. Grüttner	Germany
232144	F. Uduokhai	Germany
189392	G. Gabulov	Russia
210129	G. Lovrencsics	Hungary
216273	J. Kauko	Finland
153297	S. Pouplin	France
227537	H. Veerman	Netherlands
176849	P. Gibaud	France
184273	K. Wolze	Germany
198354	J. Ramis	Uruguay
214482	F. Rodríguez	Colombia
226002	M. Araujo	Peru
215251	G. Herrera	Argentina
231891	D. Arce	Argentina
177107	R. Müller	Germany
201172	A. Woźniak	Poland
219604	M. Sao	France
202453	Julinho	Brazil
226773	P. Diop	Spain
230869	Unai Simón	Spain
189141	R. Söder	Sweden
206038	Jairo Morillas	Spain
216790	C. Grant	England
232406	R. Krauße	Germany
240342	H. Duljević	Bosnia Herzegovina
212439	Lim Chai Min	Korea Republic
213719	A. Kann	United States
221911	Rafael Amorim	Brazil
158167	M. Sonnleitner	Austria
189655	Z. Ondrášek	Czech Republic
192471	A. Matuschyk	Poland
202456	J. Verhoek	Netherlands
206040	B. Verboom	Belgium
211672	T. Boyd	New Zealand
228568	P. Joosten	Netherlands
234712	W. van der Steen	Netherlands
180440	A. Danch	Poland
202457	L. Koopmans	Netherlands
221657	T. Akindele	Canada
224217	R. van der Meer	Netherlands
159961	G. Maldanada	Chile
229849	J. Leborgne	France
190425	M. Abdellaoue	Norway
190937	Q. Amarikwa	United States
208602	Y. van Nieff	Netherlands
220122	Campins	Spain
190682	Y. Kasim	Iraq
200667	M. Power	England
224987	I. Provedel	Italy
179931	C. Avinel	France
184283	J. Kalla	Germany
190939	S. Chhetri	India
213724	Bicho	Spain
158172	M. Parensen	Germany
228828	Rodrigo Tarín	Spain
234716	J. Attamah	Ghana
235996	N. Ngamaleu	Cameroon
193244	B. Shuttleworth	United States
238557	L. Schweers	Germany
189661	Álvaro	Spain
193245	V. Dyadyun	Russia
211422	I. Bulos	Peru
156894	D. Pratley	England
235486	Joel	Portugal
171743	Marco Pinto	Portugal
184031	Licá	Portugal
209888	C. Goodwin	Australia
231392	João Nunes	Portugal
111328	L. McCormick	England
189920	R. Köse	Turkey
194528	V. Galiulin	Uzbekistan
196064	Q. Antipas	Zimbabwe
202465	R. Towell	Republic of Ireland
202977	Lee Jong Sung	Korea Republic
139489	F. Torres	Mexico
208097	M. Tičinović	Croatia
225505	J. Mondragón	Colombia
238561	M. Rizzi	Germany
239329	B. Labeau	France
142818	F. Cubero	Argentina
143586	G. Aguirre	Argentina
223458	R. Mirzov	Russia
172258	José Semedo	Portugal
137699	M. Stoll	Germany
239331	G. Papunashvili	Georgia
188387	F. Duplus	France
209636	A. Masi	Italy
221924	K. Fisker	Denmark
172516	M. Spelmann	Denmark
184292	Eli Sabiá	Brazil
213221	D. Diagné	Senegal
215013	S. Zurbriggen	Argentina
159973	S. Vicerio	Chile
179685	C. Seitz	United States
184549	A. Winter	Switzerland
201446	G. Moncur	England
140262	D. Toledo	Mexico
206310	L. Azouni	Tunisia
212454	C. O'Dowda	Republic of Ireland
228838	E. Remedi	Argentina
232166	F. Herbers	Germany
237542	G. Páez	Venezuela
111590	L. Feeney	England
202727	J. Mendes	France
235239	O. El Kabir	Netherlands
180455	B. Burling	United States
225256	W. Jebor	Liberia
229864	Borja Domingo	Spain
183272	Guilherme Finkler	Brazil
190184	C. Tierney	United States
194792	L. Hyam	England
200681	Lee Kyung Ryul	Korea Republic
210409	L. MacLeod	Scotland
211433	F. Evangelista	Argentina
212457	O. Vásquez	Colombia
162025	J. Núñez	Mexico
203242	Dudu	Brazil
212458	W. Cosme	Colombia
215275	V. Krotov	Russia
221931	P. Žulj	Austria
203756	M. Smith	England
158444	M. Brečko	Slovenia
231148	S. Emaná	Cameroon
170988	Toquero	Spain
184300	J. Simpson	England
211437	L. Bertone	Switzerland
214509	N. Palacios	Colombia
225261	Sergio Gil	Spain
226029	A. Katrich	Russia
212718	D. Powers	United States
223214	K. Friesenbichler	Austria
159982	B. Avileda	Chile
231150	J. Monteiro	Cape Verde
165870	Cho Yong Hyung	Korea Republic
237294	A. Mallé	Mali
178414	K. Luijckx	Netherlands
53998	S. Warnock	England
216303	H. Cid	Mexico
220143	S. Štefánik	Slovakia
188399	A. Dercho	Germany
157168	Manu	Switzerland
234992	Luís Rocha	Portugal
225009	Borja Fernández	Spain
226545	E. Garré	Argentina
233457	Jang Ho Ik	Korea Republic
195057	S. Fox	Scotland
234482	J. Christjansen	Denmark
169458	A. Bruce	Northern Ireland
237554	M. Bokadi	DR Congo
177138	Ilsinho	Brazil
143603	G. Ré	Argentina
220659	J. Brownhill	England
228595	G. Prömel	Germany
232691	Kim Min Hyeok	Korea Republic
184819	Ricardo Machado	Portugal
229620	V. Rodić	Montenegro
205045	N. Röseler	Germany
216053	R. Costa	Argentina
217845	A. Hjulsager	Denmark
188405	Z. Janjić	Bosnia Herzegovina
188917	J. Skjelvik	Norway
204534	N. Ramos	Colombia
211702	M. Endres	Germany
156662	A. Bastía	Argentina
237814	N. Baranov	Estonia
180726	M. McKay	Australia
186614	S. Di Carmine	Italy
199159	L. Brattan	Australia
202231	H. Jimenez	United States
216823	V. Vermeij	Netherlands
234231	M. Djetei	Cameroon
173815	M. Bostwick	England
200440	B. Bodin	Wales
219640	M. Pavelic	Austria
231416	D. Lukebakio	DR Congo
232440	Caio Henrique	Brazil
175608	A. Fathi	Egypt
222969	J. Hergault	France
159993	N. Scatopano	Chile
225785	C. Willock	England
173305	C. Del Grosso	Italy
190457	K. Tokstad	Norway
195065	G. Hairemans	Belgium
200954	D. Thomalla	Germany
224506	M. Šitum	Croatia
232698	M. Garrido	Argentina
235258	C. Rodríguez	Uruguay
184058	J. Mabokgwane	South Africa
148731	A. Danielsen	Norway
221179	Sebas Coris	Spain
225531	D. Van den Buijs	Belgium
237051	M. Turay	Sierra Leone
224508	L. Mancuso	Italy
159996	T. Garceson	Chile
228348	F. Rherras	Morocco
229628	Fali	Spain
230396	Weilson Leal	Brazil
171772	Chus Herrero	Spain
143101	M. Carrusca	Argentina
208637	M. Lais	Germany
210173	Chumbi	Spain
210429	B. Addae	Ghana
210941	Lee Chang Geun	Korea Republic
228861	S. Iljutcenko	Russia
235005	O. Kakabadze	Georgia
208638	Rober Correa	Spain
162814	H. Aslantaş	Turkey
233214	V. Gutkovskis	Latvia
197376	C. Fandrich	Germany
207872	J. Botaka	DR Congo
218880	S. Marreh	Gambia
221696	T. McNamara	United States
222464	Sivera	Spain
239872	Pablo Santos	Brazil
190720	T. Ricketts	Canada
200449	D. McGregor	Scotland
204033	N. Devlin	Scotland
208898	D. Łukasik	Poland
222466	José Carlos	Spain
159490	P. Robinson	England
186882	P. Šteinbors	Latvia
202243	S. Carrasco	United States
212483	J. Obiang	Gabon
213763	R. Schüller	Finland
232195	J. Ríos	Colombia
199172	L. Nienhuis	Netherlands
203780	F. Veseli	Albania
215302	F. Marquet	Belgium
225798	B. Camoglu	Germany
196615	U. Bangura	Sierra Leone
203015	Lee Woong Hee	Korea Republic
211463	C. Lavery	Northern Ireland
183559	K. Engel	Kazakhstan
197896	A. Straith	Canada
210184	A. Al Qarni	Saudi Arabia
211464	D. Meleg	Serbia
211720	M. Stiefler	Germany
214536	Y. Rivera	Colombia
224008	M. Rolón	Argentina
229640	M. Pedersen	Denmark
177672	D. Da Costa	Switzerland
187144	Cho Soo Hyuk	Korea Republic
200201	G. Wijnaldum	Netherlands
203529	A. Buyvolov	Russia
209417	R. Murawski	Poland
172041	T. Mikkelsen	Denmark
181001	B. Knighton	United States
203786	O. Roshi	Albania
164618	J. Hernandez	Puerto Rico
173834	N. Eardley	Wales
180746	A. Durante	New Zealand
118794	A. Lonergan	England
204043	E. Dilaver	Austria
206603	C. Lade	United States
207627	H. Pertuz	Colombia
211723	T. Knipping	Germany
171019	D. Forde	Republic of Ireland
172555	R. Schwartz	Denmark
201484	P. McEleney	Northern Ireland
204044	M. Kobylański	Poland
210956	F. Bagnack	Cameroon
162828	B. Santalab	Australia
233996	Villiam Moraes	Brazil
239116	C. Ganea	Romania
173836	L. Alessandra	England
224013	Sergi Canós	Spain
179725	J. Sainati	France
212750	E. Hurtado	United States
232718	Y. Takahashi	Japan
236302	M. Mirić	Serbia
233743	B. Tabla	Ivory Coast
184847	J. Goossens	Netherlands
204816	M. Koch	Netherlands
227600	J. Andersson	Sweden
163856	C. Dagnall	England
181521	S. Saunders	England
210450	A. Touré	France
215314	Carlos	Spain
222738	Bady	Brazil
235538	D. Trajkovski	Slovenia
202771	J. Newell	England
222995	F. Görgülü	Turkey
228627	A. Al Obaid	Saudi Arabia
191251	A. Lambertz	Germany
200980	S. Lawless	Scotland
206101	D. Babunski	FYR Macedonia
231701	Y. Díaz	Colombia
205846	David Bruno	Portugal
214038	S. Mosquera	Colombia
197911	A. Okugo	United States
210711	B. Rowe	United States
223767	O. Özdemir	Turkey
237335	G. Kastanos	Cyprus
241175	M. Methnani	Tunisia
183831	A. Dona Ndoh	Cameroon
229912	J. Emmanuel	England
239128	T. Mpati	Belgium
209177	T. Bu Haymid	Saudi Arabia
210713	F. Holst	Denmark
167705	A. Stokes	Republic of Ireland
233241	S. Ezatolahi	Iran
189721	A. Smárason	Iceland
190489	D. Gustavsson	Sweden
229658	C. Dajome	Colombia
230682	M. Tagbajumi	Nigeria
176154	A. Van Loo	Belgium
190490	M. Bolly	Ivory Coast
201243	A. La Mantia	Italy
222235	Ren Hang	China PR
226075	M. Bakakis	Greece
169243	A. Mintzel	Germany
241179	Cristian Rivero	Spain
190235	J. Clarke	England
197148	M. Piossek	Poland
225564	M. Frey	Germany
235036	W. Faes	Belgium
192540	M. Duffy	England
208669	G. van Kessel	Curacao
205086	P. Klement	Germany
214046	J. Mosquera	Colombia
155422	J. Szmatuła	Poland
209695	Eugeni	Spain
212511	J. Geria	Australia
227871	J. Mendy	Senegal
232223	K. Tsimikas	Greece
239135	M. Wassey	Canada
230432	Dagoberto Esteiro	Brazil
182816	F. Harek	Algeria
184352	J. Bailey	England
193312	S. Mielitz	Germany
208417	Bae Il Hwan	Korea Republic
210209	M. Abu Radiyah	Saudi Arabia
211745	P. Riese	Germany
198690	R. Torres	Colombia
161314	A. Dimidko	Russia
181794	A. Prudnikov	Russia
182818	S. Bouhours	France
203043	M. O'Halloran	Scotland
205603	M. van Duinen	Netherlands
212515	C. Slater	Scotland
221731	Robson	Brazil
239907	R. Dwamena	Ghana
50723	S. Taylor	England
194851	F. Mazzeo	Italy
202532	M. Doughty	Wales
212516	J. Souttar	Scotland
236836	O. Orji	Nigeria
185380	T. Teniste	Estonia
210213	G. Korte	Netherlands
156453	N. Adler	Germany
224805	A. Salzano	Italy
231973	D. Acosta	United States
173349	L. Ainsworth	England
175141	D. Ovono	Gabon
206630	D. Mattocks	Jamaica
226086	A. González	Argentina
227622	S. Spierings	Netherlands
234534	S. N'Guessan	Ivory Coast
182822	A. Angoula	France
138279	L. Dyer	England
232999	T. Adams	United States
198952	S. Suciu	Romania
201000	O. Zahustel	Czech Republic
219688	M. López	Argentina
221480	Y. Cabrera	Colombia
231976	J. Campbell	United States
234536	G. Heinry	France
205353	Cristian Ceballos	Spain
215593	D. Kort	Poland
209194	S. Nachreiner	Germany
234282	L. Samson	Germany
178218	S. Darby	England
186666	A. Jacobson	United States
188202	Y. Thoelen	Belgium
199211	D. Dedechko	Ukraine
211499	H. Quiñones	Colombia
230187	Narcisso Mau	Brazil
234283	S. Skarlatidis	Germany
192043	A. Zamora	Mexico
219180	Dani Calvo	Spain
233260	A. Vega	Mexico
203309	B. Halloran	Australia
210477	P. Möschl	Austria
238637	S. Vasiliadis	Germany
183597	A. Stolz	Germany
197422	H. Mizumoto	Japan
198702	K. Barmen	Norway
199470	M. Meilinger	Austria
208174	M. Ndoye-Baye	Senegal
209454	M. Lewandowski	Poland
188206	T. Gamiette	France
208432	T. Pettersson	Sweden
208944	N. Knight-Percival	England
209456	L. Zwoliński	Poland
221488	R. Hollingshead	United States
230192	Botelhinonsa	Brazil
208945	A. Götz	Germany
165169	B. Boswell	United States
231985	K. Rosenberry	United States
169521	I. Villaseñor	Mexico
237617	A. Goiri	Paraguay
239921	Joca	Portugal
202546	F. Makhedjouf	Algeria
210482	S. Piesinger	Austria
226866	Dálcio	Portugal
231474	João Costa	Portugal
172082	L. Sepsi	Romania
138291	J. Saunders	Puerto Rico
209459	D. Čavušević	Slovenia
214835	R. Fernández	Chile
216627	K. Moore	England
238643	M. Bär	Germany
226356	M. Fares	France
161844	N. Hoheneder	Austria
188724	M. Pietrowski	Poland
189492	S. O'Keefe	England
139829	K. Djellabi	France
206133	A. Shvets	Russia
213301	S. Horvath	Austria
234037	R. Piris Da Motta	Paraguay
213302	I. Tajouri	Austria
223030	A. Kara	Turkey
227894	A. Soto	Colombia
195126	J. Marquis	England
199735	F. Vismara	Argentina
202295	Park Gi Dong	Korea Republic
213815	M. Uhre	Denmark
222775	T. Pachonik	Germany
239159	A. Riel	Denmark
136504	Cho Sung Hwan	Korea Republic
208440	M. Danielsson	Sweden
215864	J. Dodoo	Ghana
230200	Edenildo Lagoas	Brazil
231992	K. Fisher	United States
214329	J. Álvarez	Colombia
222521	O. Hüsing	Germany
225849	M. Dittgen	Germany
231225	D. Bogaev	Russia
238649	D. Frick	Germany
187193	E. Pimentel	Mexico
196153	I. Vélez	Colombia
203834	Yun Ju Tae	Korea Republic
209210	A. Grant	Australia
224826	G. Berthier	France
176442	R. Milsom	England
193594	S. Jakobsen	Denmark
202043	K. Holmberg	Sweden
210747	Salva Ruíz	Spain
229435	M. Vlap	Netherlands
229947	Romário Baldé	Portugal
235579	M. Massop	Netherlands
184635	S. Nijland	Netherlands
186939	C. Nöthe	Germany
189755	D. Gasparetto	Italy
212540	S. Caldwell	United States
221756	Lee Gwang Hyeok	Korea Republic
192572	S. Neville	Australia
221757	Kim Jin Young	Korea Republic
186941	R. Wolf	Germany
208446	P. Dibba	Gambia
212030	A. Rafetraniaina	France
213566	C. Erskine	Scotland
235582	L. Badiashile	France
200255	J. Reimerink	Netherlands
208703	T. Schulz	Germany
213567	K. Doolan	Scotland
221503	H. Shipp	United States
226879	L. Escalante	Colombia
232255	A. Bouzat	Argentina
196159	E. González	Colombia
222528	L. Gooch	United States
224832	A. Portales	Mexico
230976	A. Kovačević	Serbia
187456	E. Balyaykin	Russia
198977	C. Quiring	Germany
205377	D. Léon	France
199746	J. Bøge	Denmark
215618	H. Dijkhuizen	Netherlands
202819	C. Forrester	Republic of Ireland
204099	Amido Baldé	Guinea Bissau
214339	D. Balanta	Colombia
223811	N. Alblas	Netherlands
225859	M. Niakhaté	France
229699	N. Benedetti	Colombia
233795	B. Brereton	England
205892	B. Tashchy	Ukraine
231236	M. Cafaro	France
188996	A. Nuhiu	Kosovo
191044	P. Jagne	Gambia
203845	L. Burnet	Netherlands
207429	D. Samuel	England
219717	Y. González	Colombia
221253	C. Giraldo	Colombia
223813	D. van Bruggen	Netherlands
229701	P. Ochs	Germany
170565	M. Defendi	Italy
235590	P. Sisniega	Mexico
189510	Jeffrén	Venezuela
200519	Pulido	Spain
212039	S. Al Muwallad	Saudi Arabia
221511	E. Markkanen	Finland
227143	D. Gómez	Colombia
236615	D. Rigo	Belgium
173895	S. Eastwood	England
203848	R. Windbichler	Austria
204616	A. Almici	Italy
226632	P. Aguilar	Argentina
203849	C. Cropper	United States
215113	N. Bertocchi	Argentina
220489	F. Scaglia	Italy
227145	C. Carrillo	Colombia
237385	I. Harkes	United States
174665	A. Kokoszka	Poland
190793	H. Vučkić	Slovenia
140618	E. Jääger	Estonia
146762	Bustos	Spain
219978	Hebert	Brazil
223306	J. Jach	Poland
224330	N. Stefanelli	Argentina
188490	L. Sercombe	England
198731	E. Rashani	Kosovo
223307	J. Kubicki	Poland
223819	Juan Cámara	Spain
228171	C. Oikonomidis	Australia
209740	E. Hajri	Tunisia
212300	J. O'Connell	England
230220	Chris Farminhão	Brazil
231244	E. Reséndez	Mexico
231500	D. Widgren	Sweden
209485	A. Mühling	Germany
214093	C. Giraldo	Colombia
216141	A. D'Angelo	Italy
163405	D. Moro	Italy
232269	Heo Young Joon	Korea Republic
193357	L. Hodson	Northern Ireland
208974	H. Bahebri	Saudi Arabia
227150	M. Poletanović	Serbia
231502	J. Hopcutt	England
206159	S. Sabelli	Italy
211791	M. Konczkowski	Poland
213327	A. Jovanović	Australia
219471	C. Diedhiou	Senegal
227919	L. Ospina	Colombia
176207	R. Boguski	Poland
207440	F. Fragapane	Argentina
213328	S. Miangue	Belgium
224336	T. Romanchuk	Ukraine
235856	Y. Marillat	France
205393	J. Baldwin	England
211793	J. Donachie	Australia
224337	M. Orihuela	Argentina
189265	B. Schulz	Germany
204882	R. Williams	Australia
214354	D. Asprilla	Colombia
226130	F. Miguel	France
228690	A. Awaji	Saudi Arabia
230994	M. Bukata	Slovakia
238674	K. Broll	Germany
183122	B. Sævarsson	Iceland
215379	C. Philipps	Luxembourg
234579	J. Quiñones	Colombia
193875	J. Hingert	Australia
203092	B. Ibini	Australia
210004	B. Saller	Germany
234580	Mateus Gonçalves	Brazil
214613	F. Micolta	Colombia
231509	A. Cajtoft	Sweden
234837	Benny	Portugal
226646	F. Banguero	Colombia
232790	H. Iikura	Japan
240982	J. Moreno	Venezuela
200535	T. Antonis	Australia
201815	J. Riedel	Germany
208983	O. Hein	Germany
234839	T. Yalçıner	Turkey
177495	C. Taylor	England
201304	B. Kadrii	Denmark
225368	B. Gueye	Senegal
160088	S. Adelos	Chile
234840	A. Šćekić	Montenegro
187225	O. Mendoza	Mexico
213338	J. Ring	Sweden
238938	B. Girth	Germany
116314	D. Martin	England
198235	J. Taylor	England
202075	K. Sarkodie	United States
210011	T. Ondaan	Netherlands
159579	Andreu	Spain
227675	M. Johnson	England
204380	J. Brinkies	Germany
227932	L. Fröde	Germany
209757	V. Janjetović	Australia
222557	J. Glad	United States
234333	M. Maolida	France
170589	D. Grote	Germany
238685	P. Herrmann	Germany
205406	L. Martinelli	Italy
155998	T. Černý	Czech Republic
223070	L. Nganioni	France
183646	M. Kobras	Austria
122718	P. Heerwagen	Germany
210783	A. Al Sahabi	Saudi Arabia
53855	N. Tyson	England
191327	Y. Tasaka	Japan
208480	T. Chow	England
218976	M. Caicedo	Ecuador
235360	R. Ache	Germany
170592	S. Schuppan	Germany
229217	Y. Yeboah	Ghana
191841	Y. Al Salem	Saudi Arabia
210786	S. Al Sawadi	Saudi Arabia
212066	Lee Ki Je	Korea Republic
221794	Wescley	Brazil
232546	D. Zabala	Uruguay
199267	S. Ruprecht	Germany
215139	E. Olivera	Argentina
105827	P. Brożek	Poland
239715	P. Karasev	Russia
193123	A. Taylor	Wales
204388	A. Wiegel	Germany
210020	P. Weihrauch	Germany
213348	A. Teikeu	Cameroon
214372	W. Díaz	Colombia
223332	M. Sprocati	Italy
224356	Yann	Brazil
230500	Adryan Limeira	Brazil
231524	T. Pochettino	Argentina
171620	A. Wordsworth	England
208229	A. Kurdy	Saudi Arabia
226405	A. Arregui	Argentina
231525	L. Perdomo	Argentina
238693	M. Röser	Germany
194149	F. Ulvestad	Norway
200806	R. Smallwood	England
221286	Ricardo Vaz	Portugal
227174	M. Cash	England
227686	K. Anderson	England
200807	K. Freeman	Wales
238951	R. Eckardt	Germany
49511	F. Kippe	Norway
190311	L. Taylor	Montserrat
224104	D. Martínez	Argentina
190568	B. Hušidić	Bosnia Herzegovina
212841	Luis Fernández	Spain
233065	G. Shelia	Russia
239209	M. Faško	Slovakia
210026	C. Calvo	Mexico
165226	O. Garvan	Republic of Ireland
189802	D. McCrory	Republic of Ireland
222571	Yelko Pino	Spain
224875	B. Innocent	Nigeria
228971	Jano	Spain
232811	J. Amano	Japan
238699	K. Kunz	Germany
197996	E. Larsson	Sweden
213868	J. Castelletto	Cameroon
233068	Iván Garrido	Spain
210029	J. Rafferty	Republic of Ireland
228205	D. Cardoso	South Africa
230509	Danilo Sacrio	Brazil
234093	T. Szántó	Hungary
173165	N. Ravaglia	Italy
241005	J. Ardaiz	Uruguay
214382	I. Rivas	Colombia
161646	J. Hartock	France
236142	Nildo Reisão	Brazil
172398	E. Jónsson	Iceland
205423	H. Shala	Kosovo
212335	V. Zapata	Colombia
214383	H. Obando	Colombia
216175	C. Stanković	Austria
223855	H. Pereira	Uruguay
230511	Emílio Trevões	Brazil
209264	B. Finne	Norway
226928	B. Emir	Turkey
189808	P. Madden	Republic of Ireland
213105	L. Evans	Wales
164465	T. McMahon	England
183665	B. Prokopič	Austria
188017	A. Pomini	Italy
192369	H. Bernardello	Argentina
202866	N. Mezquida	Uruguay
211314	Nico Hidalgo	Spain
215410	B. Chardonnet	France
220786	M. Njie	Norway
238450	S. Raggett	England
192114	A. Briseño	Mexico
228979	O. Myny	Belgium
199284	D. Hediger	Switzerland
212340	S. Wannenwetsch	Germany
225908	R. Oxford	England
152181	M. Gspurning	Austria
230261	Renan Tojeiras	Brazil
240501	A. Katranis	Greece
201078	C. Booth	Scotland
152950	G. Wojtkowiak	Poland
220534	S. Luperto	Italy
221558	B. Angulo	Colombia
227446	K. van Veen	Netherlands
198007	E. Alexander	United States
199287	E. Tié Bi	Ivory Coast
203127	P. Segbefia	Togo
211831	D. Mast	Germany
213367	L. Abergel	France
171895	F. Canales	Mexico
239479	S. Scappini	Italy
216184	S. Nutz	Austria
222840	R. Coly	Senegal
230264	Dilson Calegari	Brazil
239992	G. Paracki	Croatia
234873	M. Pajač	Croatia
182905	V. Skjerve	Norway
200058	T. Brochmann	Denmark
204922	A. Leitner	Austria
212346	Lee Seok Hyun	Korea Republic
216186	P. Zulechner	Austria
167546	A. Solosin	Russia
238971	M. Niemeyer	Germany
205692	O. N'Diaye	Senegal
210044	C. Burgess	England
214140	A. Navarro	Uruguay
234108	G. Maroni	Argentina
236924	Bruno Wilson	Portugal
239484	João Vasco	Portugal
198269	J. Jervis	England
211581	S. O'Neill	United States
228221	Bernabé	Spain
183933	A. van Peppen	Netherlands
203902	A. Luna	Uruguay
207742	P. van Moorsel	Netherlands
215422	F. Holthaus	Germany
220030	G. Paquiez	France
156542	J. Legear	Belgium
222590	M. Manotas	Colombia
226430	S. Hakšabanovič	Montenegro
237182	Gildo	Mozambique
200831	A. El Khayati	Netherlands
238975	M. Sowislo	Germany
186751	B. Grant	England
190592	M. Sollbauer	Austria
200577	Lee Yong	Korea Republic
216449	Tomás Podstawski	Portugal
221569	Y. Mena	Colombia
187265	F. Acuña	Mexico
189569	R. Dejmek	Czech Republic
224386	M. Tévez	Argentina
190594	T. Kayhan	Austria
209027	A. Al Kassar	Saudi Arabia
231299	Marteli	Bolivia
237187	A. Figueroa	Colombia
224388	J. Gómez	Colombia
230532	A. Zain	Saudi Arabia
193412	D. Drocco	Argentina
204165	S. Schiek	Germany
211845	N. Quaschner	Germany
216709	A. Sušac	Croatia
229509	M. Perlak	Austria
165509	B. Clarke	Republic of Ireland
192645	D. Schahin	Germany
193669	J. Stans	Netherlands
198534	M. Rømer	Denmark
236166	Ever Rodeiro	Brazil
237446	M. Axente	Romania
198279	C. Schuler	United States
202375	D. Offenbacher	Austria
205447	M. Kuhn	Germany
214407	Y. Arrechea	Colombia
214663	S. Nagüel	Argentina
219527	C. Mafla	Colombia
134792	D. Bowditch	England
200840	C. Nelson	England
142728	L. Di Lorenzo	Argentina
211848	B. Zolinski	Germany
215176	Y. Mejía	Colombia
152456	S. Brown	England
221576	Kwak Hae Seong	Korea Republic
162952	M. Caranta	Argentina
236168	Raphael Doninho	Brazil
238984	M. Farrona Pulido	Germany
239752	S. Schäfer	Germany
210313	T. Murg	Austria
183945	F. Brustad	Norway
198538	B. Paulsen	Denmark
207754	K. Mayi	France
211850	M. Starke	Namibia
221322	E. O'Connell	Republic of Ireland
223370	M. Engels	Germany
233098	S. Floranus	Netherlands
190602	R. Brosco	Italy
194954	V. Ustinov	Russia
202123	C. Aneke	England
229515	Ángel	Spain
178315	T. Morimoto	Japan
183691	D. Toth	Austria
187275	Hong Jung Nam	Korea Republic
211340	G. Valverde	Bolivia
213644	A. Geipl	Germany
214668	L. Barrera	Argentina
224396	Y. Gómez Andrade	Colombia
182156	G. Bolger	Republic of Ireland
198285	L. Nicholls	England
201869	R. Teibert	Canada
205197	Carlos Martínez	Spain
208781	W. Marinus	Netherlands
214669	M. Figueroa	Argentina
184461	L. Guldan	Slovakia
188813	Adán Gurdiel	Spain
202894	R. Lašík	Slovakia
215182	I. Bella	Argentina
238222	F. Beijmo	Sweden
177294	D. Furman	South Africa
193422	T. Børven	Norway
225423	S. Vega	Colombia
160143	O. Fisdono	Chile
235407	S. Özcan	Germany
240271	D. Limnios	Greece
216464	A. Browne	Republic of Ireland
221328	E. Lieftink	Netherlands
228240	R. Lacazette	France
210833	R. Improta	Italy
225681	L. León	Ecuador
239249	Oriol Busquets	Spain
186513	D. Arreola	Mexico
232082	A. Tarbell	United States
188818	L. Ngwat Mahop	Cameroon
201875	J. Attinella	United States
223635	M. Taş	Turkey
232083	J. Yaro	Ghana
190611	J. Barraza	Mexico
192915	O. Arce	Mexico
230036	F. Noor	Netherlands
165012	M. Wasiluk	Poland
233108	T. Verhaar	Netherlands
169108	L. Butrón	Peru
160149	C. Gazale	Chile
232853	H. Kawano	Japan
182677	F. Müller	Germany
187797	S. Brisley	England
193173	M. Lund	Northern Ireland
207510	T. Lee	Japan
223638	D. Boldor	Romania
230038	A. Maisonnial	France
238486	C. Oliveira Souza	Brazil
200087	A. Piech	Poland
203415	J. Reeves	England
211095	N. Brock-Madsen	Denmark
160151	E. Barrega	Chile
235159	G. Ramírez	Argentina
235927	P. Cuadra	Argentina
169112	L. Martin	England
206489	E. Fryers	England
215193	L. Menossi	Argentina
178585	S. Church	Wales
183449	J. Jacobson	Wales
203930	O. Cissé	Mali
204442	D. Mohamed	France
233114	J. Riley	England
240282	A. Matějů	Czech Republic
184474	K. Pezzoni	Germany
225435	J. Moreno	Colombia
229019	A. Engin	Germany
235419	N. Dovedan	Austria
215708	A. Monfray	France
228508	F. Kalig	Germany
230044	M. Maouche	France
232860	K. Higashi	Japan
202909	D. Boo Wiklander	Sweden
204445	M. Smith	Northern Ireland
219293	M. Helik	Poland
220829	E. Torregrossa	Italy
222109	C. Cadden	Scotland
224669	Yin Hongbo	China PR
229277	J. Föhrenbach	Germany
181149	A. Hainault	Canada
217758	C. Washington	Northern Ireland
226206	Clavería	Spain
231070	B. Pittón	Argentina
232350	J. Posavec	Croatia
178590	T. Cywka	Poland
203423	L. Thomas	Australia
209567	R. Sufyani	Saudi Arabia
210591	V. Khozin	Russia
216479	A. Sadiku	Albania
234399	J. Eggestein	Germany
179871	M. Viniegra	Mexico
198816	P. Bouby	France
204193	T. Trybull	Germany
230561	J. Grot	Netherlands
231841	M. Prévot	France
240289	Calero	Spain
189345	D. Peitz	Germany
193697	V. Jovanović	Bosnia Herzegovina
213922	D. Erdmann	Germany
19874	D. Whitehead	England
235938	S. Gorga	Uruguay
240034	L. Štetina	Slovakia
184482	J. Karacan	Turkey
198051	B. Zemanski	United States
227235	K. Kerschbaumer	Austria
229539	E. Montagna	Argentina
181411	Marcelinho	Bulgaria
186531	C. Myers	United States
193443	T. Coremans	Netherlands
202404	Daniel Amora	Brazil
208036	L. Thürauer	Austria
226468	A. Favilli	Italy
232356	Park Tae Hong	Korea Republic
232612	K. Yonekura	Japan
193956	B. Pringle	England
202661	D. Boysen	Denmark
211365	E. Hestad	Norway
221605	A. Jeremejeff	Sweden
164773	S. Smith	Scotland
184229	J. Thomassen	Norway
199590	K. Ramsteijn	Netherlands
221350	T. Ambrose	France
229286	T. Skarke	Germany
236198	Luis Marleiro	Brazil
182694	J. Mattock	England
229543	D. Kiki	Benin
237223	J. Gressel	Germany
231848	Q. Boisgard	France
235944	Brais Méndez	Spain
186536	B. Shea	United States
206249	N. Hasler	Liechtenstein
209833	Tià Sastre	Spain
237481	M. Van Heerden	South Africa
204458	A. Oshilaja	England
232874	S. Yamamoto	Japan
190122	P. Coutts	Scotland
222123	A. Long	United States
223147	J. Biada	Germany
160171	E. Franquez	Chile
191915	Lim Jong Eun	Korea Republic
193195	N. Ben Khalifa	Switzerland
134828	K. Broadfoot	Scotland
189868	M. Marshall	Jamaica
211373	N. Mohammed	Ghana
214445	D. López	Colombia
163757	J. Walsh	Wales
237997	U. Antuna	Mexico
159918	R. Matisano	Chile
191662	Kim Sung Hwan	Korea Republic
198063	Onwu	Spain
205999	M. Rutten	Netherlands
209071	Y. Al Nakhli	Saudi Arabia
216751	D. Bejarano	Bolivia
222895	Leo Pereira	Brazil
225455	V. Dávila	Chile
234927	R. Edwards	Canada
241071	Moreto Cassamá	Portugal
192431	Mario Ortíz	Spain
231856	Álvaro Tejero	Spain
192688	A. Papazoglou	Greece
200369	O. Halvorsen	Norway
144050	A. Bunjaku	Kosovo
159922	L. Gonzaloz	Chile
163762	K. Keane	Republic of Ireland
234418	P. Kurzweg	Germany
191154	T. Sana	Sweden
216755	Abner	Brazil
224435	E. Tellechea	Uruguay
160179	H. Sendiero	Chile
234163	K. Staude	Germany
193715	A. Tahar	Algeria
204212	A. Bourceanu	Romania
209844	M. Bouziane	France
221620	M. Hairston	United States
233140	R. Harakawa	Japan
238004	A. Guðmundsson	Iceland
220085	G. Waldschmidt	Germany
234933	A. Sedlar	Serbia
191669	Jeong Hyuk	Korea Republic
208566	Antonio Martínez	Spain
215990	O. Benítez	Argentina
221622	C. Dean	United States
222134	T. Hamed	Egypt
158902	D. Fox	Scotland
234678	J. Mæhle	Denmark
237750	K. Tokura	Japan
240054	S. Alami	Morocco
189110	P. Hanlon	Scotland
204727	H. Dahmani	Germany
232375	T. Umesaki	Japan
238263	F. Knudsen	Norway
192695	N. Thompson	England
203704	I. Salah	Egypt
214200	J. Zuluaga	Colombia
215480	A. Boljević	Montenegro
232120	S. Moore	United States
238008	J. Elliott	England
179896	M. Ranégie	Sweden
188856	C. Klem	Austria
198073	A. Martin	England
215993	D. Miloc	Argentina
219833	J. Nadeau	France
222393	J. Cano	Colombia
166841	N. Adams	Wales
233401	A. Sigurðarson	Iceland
184249	L. Van Eenoo	Belgium
1210	M. Donati	Italy
137658	R. Kazior	Germany
215994	A. Cherevko	Russia
159930	L. Carteldo	Chile
173498	L. James	Wales
183994	Ricardo Santos	Brazil
178363	J. Placide	Haiti
184763	Y. Thuram	France
204220	C. Edwards	England
206524	J. Willis	England
207804	A. Bell	England
215228	C. Lema	Argentina
224956	D. Crowley	England
232380	Y. Mutō	Japan
186300	O. Vera	Mexico
211901	L. Hufnagel	Georgia
177341	M. Zappino	Brazil
191165	R. Lentini	Argentina
210366	N. Lomb	Germany
188094	J. McLaughlin	Scotland
142271	S. Ernemann	Denmark
221631	M. Lundemo	Norway
231103	B. Konaté	France
166847	C. McCann	Republic of Ireland
234943	F. Neuhaus	Germany
235199	R. Norodien	South Africa
236991	A. Crognale	United States
179903	O. Bozanic	Australia
183743	A. Blanco	Mexico
191679	Kwak Kwang Sun	Korea Republic
203456	M. Pfitzner	Germany
210880	R. Fiamozzi	Italy
219584	L. Lezzerini	Italy
221120	R. Vloet	Netherlands
223424	I. Depe	Turkey
231360	J. Elías	Argentina
239808	M. Sáček	Czech Republic
182464	Zhao Mingjian	China PR
184768	A. Osman	Ghana
193728	D. Wotherspoon	Scotland
206529	F. Boli	Ivory Coast
210881	J. McGinn	Scotland
212161	B. Traoré	France
148673	T. Høgli	Norway
200130	R. Mulumba	DR Congo
206530	M. Høibråten	Norway
235714	M. Domínguez	Mexico
51394	K. Nolan	England
186562	J. Magennis	Northern Ireland
200387	W. Owusu	Ghana
202179	Z. Ismail	England
211395	A. Al Salem	Saudi Arabia
232643	L. Guwara	Germany
237763	M. Musaka	Japan
212420	M. Sarr	France
232900	C. Monschein	Austria
146373	A. Harris	St Kitts Nevis
213957	L. Crecco	Italy
166853	D. Charles	England
202182	R. Riski	Finland
239814	D. Batubinsika	France
215239	J. Mansilla	Argentina
222151	B. Parlak	Turkey
229831	O. Rodríguez	Mexico
186823	Pedrinho	Portugal
198600	J. Enríquez	Mexico
202952	Park Jin Po	Korea Republic
158664	E. Alushi	Kosovo
159944	P. Lezceno	Chile
184520	R. Feczesin	Hungary
190152	César Ortiz	Spain
228809	A. Doffo	Argentina
235977	M. Stevanović	Serbia
239049	O. Azubuike	Nigeria
184009	Leandrinho	Brazil
190665	J. Obika	England
228810	J. Amoah	Ghana
137163	B. Carroll	United States
137419	A. Russo	Italy
160203	A. Busteño	Chile
232907	H. Otani	Japan
192971	R. Şimşek	Turkey
198604	J. Nilsen	Norway
201932	Kim Dong Woo	Korea Republic
214988	L. Miranda	Argentina
216012	A. Imperiale	Argentina
231628	Rafa Mir	Spain
232908	A. Barada	Japan
181452	O. Sissoko	Mali
210381	C. Lykogiannis	Greece
216269	S. Hertner	Germany
226509	A. Þrándarson	Iceland
198094	C. Warner	United States
204238	T. Guerbert	France
215758	J. McCarthy	England
166862	J. Wright	England
160207	J. Adelalla	Chile
184527	M. Mustacchio	Italy
207824	T. Vion	France
229072	L. Sekulski	Poland
160209	J. Calesti	Chile
232657	M. Guevgeozián	Armenia
236241	G. Viscarra	Bolivia
238801	J. Dem	Germany
240081	I. Lapshov	Russia
234706	B. Mason	England
238802	P. Türpitz	Germany
180690	A. Ateef	Saudi Arabia
193746	T. Çamdal	Turkey
139475	G. Halford	England
206035	Eddy	Azerbaijan
221907	B. Ould-Chikh	Morocco
227539	Pedro Monteiro	Portugal
168403	R. Schiavi	Italy
212948	F. Ondoa	Cameroon
232148	D. Sallói	Hungary
237780	K. Yamamura	Japan
239572	B. Jayiya	South Africa
182228	J. Huyghebaert	Belgium
206549	E. Bush	United States
212949	N. De Schutter	Belgium
219861	C. Flórez	Colombia
223445	B. Youssouf	France
224213	T. Ebuehi	Nigeria
234453	C. Özdemir	Turkey
200918	C. Knasmüllner	Austria
137686	A. Hadouir	Netherlands
210134	M. Al Fatil	Saudi Arabia
236246	O. Ejaria	England
197079	J. Acquistapace	Germany
202199	G. Long	England
205015	J. Grimmer	Scotland
216535	J. Bandowski	Germany
216791	M. Pennington	England
51159	N. Ferreira	Portugal
198104	D. Stahl	Germany
199384	F. Koch	Austria
210392	R. McLaughlin	Northern Ireland
215256	R. Saravia	Argentina
216280	M. Goblet	Belgium
221144	Alain Oyarzun	Spain
198873	D. Claasen	South Africa
203225	J. Jeggo	Australia
214489	M. Restrepo	Colombia
158937	R. Gartler	Austria
162265	R. Cierzniak	Poland
235225	Pité	Portugal
228058	L. Gugganig	Austria
197851	A. Hayashi	Japan
201179	A. Donnarumma	Italy
20699	K. Bakırcıoğlu	Sweden
234203	C. Eiting	Netherlands
223452	M. Çelik	Turkey
234972	A. Gomis	Senegal
205533	A. Juel Andersen	Denmark
210653	L. Quintana	Mexico
220637	Moi Delgado	Spain
160221	A. Sebrino	Chile
237533	Victor Massaia	Brazil
190685	M. Dembélé	Mali
198622	H. Hansson	Faroe Islands
200158	M. Appiah	Germany
202974	Sin Se Gye	Korea Republic
208862	J. Giraudon	France
212958	K. Opare	United States
217054	H. Cummings	Panama
234462	H. Yılmaz	Turkey
138719	C. O'Grady	England
205535	T. Kløve	Denmark
220127	João Silva	Portugal
226783	F. Alashe	United States
230623	S. Bakış	Turkey
234463	N. Solís	Argentina
198624	J. Shaughnessy	Republic of Ireland
202208	D. Petratos	Australia
207584	M. Boman	Sweden
184288	D. Dervite	France
143073	I. Furios	Argentina
214497	A. Ricaurte	Colombia
221665	R. Lindkvist	Sweden
226273	S. Davis	United States
229601	João Góis	Portugal
236001	Raí	Brazil
192481	D. Rowe	England
194785	T. Flanagan	Northern Ireland
199394	Diego Maurício	Brazil
199906	I. Kireev	Russia
206562	L. Thompson	Wales
221666	L. Mulholland	England
231394	Hildeberto Pereira	Portugal
238562	P. Hoffmann	Germany
188386	E. Butin	France
203491	A. O'Brien	Republic of Ireland
206563	J. Holt	Scotland
208099	I. Runje	Croatia
210147	M. Al Harbi	Saudi Arabia
224995	W. Pacheco	Colombia
159972	N. Birones	Chile
189412	L. Damour	France
193252	T. Schrammel	Austria
199909	P. Pervan	Austria
203749	S. Bradley	England
204773	M. Jeannin	Algeria
212709	T. Kemp	United States
220901	David Raya	Spain
164581	M. de Jong	Canada
181477	N. Boogaard	Australia
206054	S. Gündüz	Germany
208614	A. Uryga	Poland
151270	J. Coppinger	England
231910	Kim Gun Hee	Korea Republic
236518	A. Nordin	France
202215	J. Willis	United States
215527	F. Heerkens	Netherlands
159975	I. Jarano	Chile
228327	F. Azemi	Norway
169447	M. McGlinchey	New Zealand
176103	Z. Ljubijankič	Slovenia
179687	J. Martínez	Mexico
205288	Fernando	Spain
202985	Kim Dae Ho	Korea Republic
138729	K. Risgård	Denmark
219625	F. Cardozo	Argentina
223721	D. Londoño	Colombia
241129	N. Trujic	Serbia
199658	F. Cuvelier	Belgium
202730	Gerson	Brazil
214762	N. Avellaneda	Argentina
215786	Y. Boé-Kane	France
234730	V. Rosier	France
235754	Borja Herrera	Spain
223979	Paolo Fernandes	Spain
232683	T. Nakamura	Japan
169451	M. Gardyne	Scotland
193771	A. Wildig	England
214508	C. Pérez	Colombia
229868	D. Mignanelli	Italy
237548	O. Haddadi	Tunisia
179692	C. Davies	United States
199917	J. Forster-Caskey	England
226541	U. Zeybek	Turkey
227565	Tropi	Spain
231405	E. Mbende	Germany
232429	K. Kawamata	Japan
111085	Abel Gómez	Spain
53741	L. Holmes	England
205038	F. Helstrup	Denmark
214510	L. Mosquera	Colombia
221934	S. Scougall	Scotland
169198	M. Jiménez	Mexico
235502	Luisinho	Brazil
239342	H. Koffi	Burkina Faso
199407	D. Post	Netherlands
211439	T. Gabuza	South Africa
215279	T. Albutat	Germany
237551	T. Ephestion	France
211952	M. Thiel	Germany
148720	H. Hauger	Norway
176368	Kim Chang Soo	Korea Republic
143601	M. Rosales	Argentina
217585	B. Kuipers	Netherlands
221425	K. Nagasawa	Japan
226801	S. Abdul-Salaam	United States
169713	S. Cummings	Jamaica
231410	Brahim Díaz	Spain
232946	K. Taketomi	Japan
240114	Cleylton Santos	Brazil
191218	D. Jaković	Canada
189171	A. Chicksen	England
194035	N. Miatke	Germany
212980	B. Dabanli	Turkey
158196	M. Fortuné	France
230132	D. Dražić	Serbia
234740	M. El Hankouri	Morocco
236532	R. Koch	Germany
178164	K. Madsen	Norway
181492	R. Cornthwaite	Australia
169461	M. O'Connor	Northern Ireland
235253	P. Kammerbauer	Germany
239861	A. Fadlalla	Qatar
214774	J. Valdez Chamorro	Argentina
189942	A. Ligi	Italy
190454	S. Ringstad	Norway
223479	S. Sukharev	Russia
159991	J. Pardaneos	Chile
200952	M. Könnecke	Germany
201208	D. Henry	Canada
220152	Y. Baraye	Senegal
229624	Sergi Guardiola	Spain
193272	S. Şahin-Radlinger	Austria
139257	D. Lopar	Switzerland
205049	N. Ansell	Australia
221177	J. Bègue	France
232697	L. Geminiani	Argentina
235257	Pedro Pinto	Portugal
177657	A. Nordvik	Norway
7674	F. Coppola	Italy
208122	V. Agardius	Sweden
213242	A. Tamèze	France
169210	G. Venegas	Mexico
52474	B. Riise	Norway
223227	K. Vermeulen	Netherlands
225019	R. Cisneros	Mexico
235515	Benito	Spain
202748	Ko Moo Yeol	Korea Republic
212732	D. Remick	United States
233980	Jallyson Neto	Brazil
188924	T. Socha	Poland
200701	G. Beretta	Italy
222461	Rochinha	Portugal
209662	M. Rosheuvel	Netherlands
202495	S. Saad	Lebanon
176383	T. Danneberg	Germany
214016	H. Mojica	Colombia
163584	P. Robinson	England
232192	C. Martins Pereira	Luxembourg
234496	O. Bogle	England
228353	G. Hendrickx	Belgium
232193	Ko Tae Won	Korea Republic
235521	Carbonell	Spain
235777	S. Konde	Guinea
188417	A. Fernández	Uruguay
196353	C. Hussey	England
214274	J. Chunga	Colombia
216834	M. Perez	France
233730	Y. Meité	Ivory Coast
235266	C. Früchtl	Germany
240898	Francis	Spain
201219	D. Giorico	Italy
207619	W. Creavalle	Guyana
214019	D. Giraldo	Colombia
156675	A. Considine	Scotland
232963	T. Kanamori	Japan
234755	E. Chirambadare	Zimbabwe
239875	Bebeto	Brazil
191235	C. Menz	Germany
200196	O. Gaona Lugo	Paraguay
205572	H. Zeinstra	Netherlands
212228	I. Toney	England
221700	No Dong Geon	Korea Republic
180740	N. Topor-Stanley	Australia
229381	P. Rojas	Colombia
199686	G. Saunders	England
200710	Palatsí	Spain
206086	H. Toffolo	England
214534	A. Tapia	Colombia
225542	C. Colkett	England
232454	Y. Hiraoka	Japan
233478	M. Zajc	Slovenia
234502	K. Enghardt	Denmark
177414	T. Pope	England
218887	O. Custodio	Switzerland
222215	P. Strand	Norway
232712	B. Cascini	Argentina
205321	J. Naismith	Scotland
211721	M. Pazurek	Germany
221705	K. Dempsey	England
156681	L. Nilsson	Sweden
194569	C. Sloth	Denmark
221706	Diney	Cape Verde
221962	Suh Myeong Won	Korea Republic
233994	Kainho Selva	Brazil
189962	W. Moke	Congo
138251	R. Foster	Scotland
223499	M. Asenjo	Argentina
52491	E. Bugge Pettersen	Norway
211212	A. Oueslati	Tunisia
214028	C. Amaya	Colombia
223756	M. Schulz	Germany
219661	P. Jaroszyński	Poland
239117	A. Baluta	Romania
231950	V. Jugović	Croatia
238862	Lucas Possignolo	Brazil
239118	B. Tiru	Romania
240654	Carles Pérez	Spain
239119	L. Leahy	England
177679	D. Vrzogic	Germany
198160	S. Francis	Jamaica
205072	D. Pedersen	Denmark
205584	M. Ihiekwe	England
221456	R. Burke	England
226576	A. Rodríguez	Colombia
212753	S. Mauk	Australia
220433	Óscar Whalley	Spain
221713	D. Lovitz	United States
232209	José Kanté	Guinea
190481	M. Solheim	Norway
212242	R. Andrich	Germany
230418	Henrique Jardinel	Brazil
53778	M. Richards	England
197907	M. Sansores	Mexico
212243	V. Ranković	Germany
214035	J. Martínez	Colombia
228883	B. Gimber	Germany
230931	I. Faye	Senegal
49939	A. Nef	Switzerland
184083	S. Tritz	France
190995	B. Inman	Australia
211988	J. Kiesewetter	United States
212244	C. Lenz	Germany
219668	S. Sawadogo	Burkina Faso
158228	E. Zverotić	Montenegro
228116	A. Figuera	Venezuela
232724	J. Kusukami	Japan
234004	Tomás Nuninho	Brazil
238868	Carlos Henriques	Portugal
200981	N. Dumitru	Italy
156437	P. Pentke	Germany
222485	B. Bellot	Germany
229653	S. Gasanov	Russia
239637	C. Andriamahitsinoro	Madagascar
193557	F. Nouble	England
202518	C. Wernitznig	Austria
208918	M. Al Bishi	Saudi Arabia
221206	D. Björnquist	Sweden
193302	F. Kurto	Poland
207639	C. Reilly	Republic of Ireland
207895	T. Wendel	Germany
223511	I. Chebake	Morocco
164375	A. Esposito	Italy
212248	F. Lohkemper	Germany
223512	S. Clémence	France
186136	C. Fagan	Republic of Ireland
193304	L. Burliga	Poland
214809	S. Luna	Argentina
230681	G. Pezzella	Italy
122649	L. Bailly	Belgium
210970	B. Adjei-Boateng	Ghana
213530	N. Poulsen	Denmark
231706	K. Londoño	Colombia
238618	C. Kammlott	Germany
219931	D. Mendoza	Argentina
232731	R. Hayasaka	Japan
205596	J. Husband	England
207644	N. Tkalčić	Croatia
199197	P. Salomon	Austria
200989	M. Schulze Niehues	Germany
222493	M. Friedrich	Germany
208926	A. Al Enezi	Saudi Arabia
229150	P. Hatzidiakos	Greece
230174	Peter Abradanel	Brazil
230686	J. Makengo	France
223263	Z. Gordon	Scotland
185119	A. Dyer	Montserrat
188959	C. Gustafsson	Sweden
144160	T. Acar	Turkey
198177	B. Schenkeveld	Netherlands
219937	N. Körber	Germany
223009	E. Lancini	Italy
223265	M. Devlin	Scotland
189217	P. Pawlett	Scotland
202530	Alvaro Rey	Spain
228386	P. Cissé	Senegal
229667	Josan	Spain
233763	P. Dahlberg	Sweden
204324	M. Kennedy	Scotland
208676	N. Fitzgerald	Australia
215588	Yeray	Spain
228645	L. Görtler	Germany
164645	S. Dawson	Republic of Ireland
172837	E. Alfonso	Italy
202534	K. Larsen	Norway
205094	Jo Young Cheol	Korea Republic
208166	D. Mariani	Switzerland
210726	Jin Seong Wook	Korea Republic
222246	R. Marquez	United States
233254	S. Akasaki	Japan
234790	Soriano	Spain
240678	A. Khalaf	Iraq
191782	A. García	Mexico
221479	D. Calvert-Lewin	England
233767	S. Alakouch	France
237351	O. Pehrsson	Sweden
215336	J. Leudo	Colombia
150568	J. Brison	France
188968	G. Marinelli	Argentina
209193	P. Wiegers	Germany
235049	I. Escobar	Argentina
188970	J. Mårtensson	Sweden
202795	K. Ntlhe	South Africa
207659	L. Grozurek	Austria
227371	W. Mosquera	Colombia
231979	T. Endoh	Japan
170027	R. McArdle	Northern Ireland
237099	Jang Seong Jae	Korea Republic
237611	V. Ilyin	Russia
197164	L. Gil	United States
197932	K. Appiah	Ghana
205100	A. Filtsov	Russia
209964	B. Kluft	Germany
218156	Ary Papel	Angola
219436	J. Clarke	England
226604	D. Valoyes	Colombia
238636	R. Preißinger	Germany
187180	Lee Kyu Ro	Korea Republic
194092	A. Uludağ	Turkey
235565	D. Bronn	Tunisia
210990	E. Sarraj	Saudi Arabia
219950	N. Sonko Sundberg	Sweden
190510	S. Mattila	Finland
198959	F. Paghera	Italy
203823	T. Bertels	Germany
205871	Dani Sotres	Spain
220464	S. Emmanuello	Italy
223792	T. Knoflach	Austria
228656	R. Allen	United States
224817	R. Barrios	Argentina
204850	T. Nguen	Norway
224050	G. Diaz	Colombia
226098	F. Del Sole	Italy
238642	J. Nietfeld	Germany
224308	O. Aydoğan	Germany
193076	Assis	Brazil
198197	Jesús Alfaro	Spain
180789	Y. Igawa	Japan
222774	S. Tekerci	Turkey
226102	C. Dunkley	England
214583	C. Vargas	Colombia
152887	C. Wingert	United States
219447	J. Hinestroza	Colombia
224311	F. Børsting	Denmark
228151	J. Cullen	Republic of Ireland
238647	M. Schröter	Germany
212536	G. Omae	Japan
214328	J. Valencia	Colombia
235320	B. Johnsen	Norway
230969	F. Selemani	France
232505	T. Hayashi	Japan
239929	I. Petryak	Ukraine
209979	G. Gope-Fenepej	New Caledonia
213307	D. Serna	United States
229179	C. Tabó	Uruguay
237116	K. Ford	United States
186172	G. Gunning	Republic of Ireland
232509	K. Morisaki	Japan
237373	F. Ortíz	Mexico
192317	J. Steer	England
210494	M. Schmerböck	Austria
221502	J. Hamilton	Canada
205887	C. Woodrow	England
206399	D. Georgievski	FYR Macedonia
209471	Augusto	Portugal
231231	B. Garnica	Mexico
233279	Park Dong Jin	Korea Republic
193087	P. Tomasik	Poland
230208	Lúcio Corteijo	Brazil
231488	M. Omoh	Nigeria
189760	T. Archibald-Henville	England
221505	S. Okoli	United States
231489	A. Keita	Sweden
235073	G. Kobel	Switzerland
203842	M. Fitzgerald	Japan
210498	F. Darwish	Saudi Arabia
213314	Ham Seok Min	Korea Republic
232770	S. Colombatto	Argentina
216387	S. Sané	Germany
224067	J. Tverskov	Denmark
232003	M. Solís	Colombia
226116	R. Sweeney	Republic of Ireland
228932	G. Amiot	France
163908	M. Troiano	Italy
235332	G. Marchegiani	Italy
240196	F. Escobar	Panama
219461	E. Palmer-Brown	United States
223557	M. Madri	France
227909	J. McCarthy	United States
237893	T. Dekker	Netherlands
180293	Park Won Jae	Korea Republic
205382	E. Boldewijn	Netherlands
224838	F. Dagerstål	Sweden
235334	B. Straetman	Belgium
192582	C. Shields	Republic of Ireland
205639	Gálvez	Spain
207943	Ewerton	Brazil
224327	S. Leuko	Cameroon
163143	A. McCormack	Republic of Ireland
232775	A. Esaka	Japan
220488	F. Costa	Italy
221768	J. Zwischenbrugger	Austria
230216	Adnan Vidual	Brazil
170056	J. Grant	Jamaica
222537	Zizo	Egypt
223817	F. Acosta	Uruguay
167497	D. Avdić	Sweden
240201	Nacho Méndez	Spain
151114	M. Tauber	Denmark
231498	D. Bergqvist	Sweden
226123	H. Da Campo	Argentina
232779	Y. Iwakami	Japan
171083	R. O'Donovan	Republic of Ireland
240459	C. Ezeh	Nigeria
234060	Y. Herrera	Venezuela
238668	M. Hofrath	Germany
240972	N. Dibble	Uruguay
198989	R. Gigolaev	Russia
199245	G. Allison	Mexico
201293	E. Scheel	Denmark
227149	J. Varela	Colombia
236877	Bruno Leite	Portugal
138830	D. Lewington	England
226382	L. Villarruel	Argentina
205903	S. Drewniak	Poland
214351	D. Novoa	Colombia
219727	L. Pérez	Italy
160079	A. Lutego	Chile
230991	F. Picault	United States
237135	Davidson	Brazil
237647	A. Hrustic	Australia
196688	A. Corzo	Peru
199248	H. Savran	Germany
215376	E. Capradossi	Italy
229200	F. Le Joncour	France
234576	Diogo Queirós	Portugal
236368	G. Maggiore	Italy
223313	H. Arslan	Turkey
233809	A. Rossi	Italy
186449	L. Kelly	Scotland
222546	L. Zingerle	Germany
235858	José Perales	Spain
240466	M. Ćosić	Croatia
185170	S. Ryall	Australia
187218	M. Jiménez	Mexico
204883	B. Samba	Congo
214099	M. Aaquist	Denmark
225363	R. Lameiras	Portugal
162899	M. Sadler	England
230995	S. Sarr	Senegal
239187	J. Aguilar	Panama
182867	O. Bagüí	Ecuador
191827	Yoo Hyun	Korea Republic
198740	A. Acosta	Mexico
214356	J. Malagón	Colombia
215636	S. Bannigan	Scotland
230740	Leandrinho	Brazil
240212	D. Petković	Montenegro
184148	J. Coppens	Belgium
118868	C. Källqvist	Sweden
198229	F. Doré	Congo
235093	Fran Rodríguez	Spain
237397	B. Kallman	United States
213334	K. Coulibaly	France
226390	R. Vera	Argentina
105046	A. Østli	Norway
227927	K. Walker-Peters	England
208984	J. Müller	Germany
233560	Lim Min Hyuk	Korea Republic
209241	G. Balažic	Slovenia
198490	A. Faltsetas	Sweden
199002	M. Amini	Australia
222298	E. Digbeu	France
224090	P. Müller	Germany
231514	R. Gojani	Sweden
237658	S. Bueno	Uruguay
201051	S. Kleineheismann	Germany
226651	Kim Min Hyeok	Korea Republic
229723	M. Jensen	Denmark
235867	L. Strizzolo	Italy
237403	J. Cox	Panama
175963	T. Röttger	Germany
202076	Z. Valentin	United States
208988	H. Shaian	Saudi Arabia
214364	F. Álvarez	Colombia
226652	Park Yong Woo	Korea Republic
204637	J. Derstroff	Germany
211037	De La Hoz	Spain
214877	H. Bjørdal	Norway
233053	A. Hadžiahmetović	Bosnia Herzegovina
179549	S. Maierhofer	Austria
183645	C. Ramsebner	Austria
145758	Freire	Brazil
234078	O. Mangala	Belgium
237662	B. Lennon	United States
238686	P. Sohm	Germany
239454	B. Figueroa	Mexico
214367	D. Briceño	Colombia
234079	K. Thiam	Senegal
235103	N. Ampomah	Ghana
197984	J. Orlov	Sweden
216416	J. Gyamerah	Germany
217696	A. Doukha	Algeria
231264	T. Rodríguez	Argentina
232800	J. Izumisawa	Japan
198497	M. Connolly	Republic of Ireland
212065	Jeong Dong Ho	Korea Republic
228961	M. Pitton	Argentina
237153	L. Blessing	Ghana
213090	T. Al Absi	Saudi Arabia
223330	M. Moscati	Italy
237410	V. Kravets	Ukraine
191330	K. Kikuchi	Japan
222051	Kim Dae Jung	Korea Republic
224099	L. Coyle	England
226403	F. Crivelli	Argentina
226659	J. Amoroso	Argentina
162147	A. Iunco	Italy
228707	Diego Alende	Spain
229475	Ruca	Portugal
232291	S. Silva	Sweden
235619	M. Edwards	England
239971	S. Lagrou	Morocco
199780	M. Exslager	Germany
207716	A. Al Hafith	Saudi Arabia
209252	R. Garbuschewski	Germany
222052	Lee Myung Jae	Korea Republic
188772	P. Koch	Switzerland
232293	V. Osimhen	Nigeria
234853	Jean Cleber	Brazil
188261	T. Salamon	Austria
190565	K. Alston	United States
199014	D. McMillan	Republic of Ireland
209510	A. Corryn	Belgium
213094	S. Roux	New Zealand
218470	G. De Feo	Italy
234854	R. Bayard	France
238694	L. Röser	Germany
183910	K. Falkenberg	Germany
187238	D. Jiménez	Mexico
194150	S. Moore	England
217191	O. Threlkeld	England
157031	L. Esqueda	Mexico
225128	G. Acampora	Italy
233064	M. Mount	England
193896	P. Funk	Germany
205161	H. Bunn	England
171881	C. Sammon	Republic of Ireland
207979	C. Cato	Trinidad & Tobago
212075	A. Nabbout	Australia
222315	G. Esparza	Argentina
232555	P. Mišák	Slovakia
215148	M. Bíttolo	Argentina
223852	F. Rawson	England
228716	Kevin	Spain
155757	M. Ørnskov	Denmark
223085	L. Berry	England
210798	A. Kamara	Sierra Leone
213358	B. Geens	Belgium
150894	M. Halsti	Finland
220782	M. Ilaimaharitra	France
222830	F. Grillo	Argentina
215151	Patrão	Portugal
239215	K. Nwakali	Nigeria
189295	J. Sudić	Sweden
189551	D. Gissi	Switzerland
196976	N. Cameron	England
208752	R. Edwards	England
219760	D. Mangni	Italy
192624	S. Ferguson	Northern Ireland
210802	J. Nilsson	Sweden
219762	P. Fryc	Poland
240754	Y. Attal	Algeria
211059	R. Godínez	Mexico
212083	Tarsi	Spain
225395	Ezkieta	Spain
226675	F. Lanzillotta	Argentina
235891	M. Fink	Slovenia
237939	M. Mikovič	Slovakia
53363	A. Collin	England
209268	D. Rose	England
165748	J. Tosik	Poland
232564	T. Morita	Japan
239732	S. Żurkowski	Poland
199285	S. Kukuruzović	Croatia
210805	A. Al Mutairi	Saudi Arabia
236405	Lasure	Spain
185205	Evandro	Brazil
188789	P. Taylor	England
210806	W. Suwayyid	Saudi Arabia
234102	I. Radu	Romania
237942	P. Estupiñán	Ecuador
177270	L. Martínez	Mexico
887	N. Clarke	England
200823	José Cruz	Spain
179831	C. Curran	England
213624	S. López	Argentina
215160	F. Angileri	Argentina
222328	J. Bager	Denmark
241016	A. Vetrih	Slovenia
197241	K. Pannewitz	Germany
201081	B. Kopacz	Poland
156025	H. Patronen	Finland
223097	F. Cristaldo	Argentina
194937	T. Parkes	England
223866	S. Lovric	Austria
238970	N. Butzen	Germany
190074	N. Di Roberto	Italy
216699	G. Zelalem	United States
219259	R. Brown	England
222587	F. Escobar	Argentina
235899	D. Zeefuik	Netherlands
189563	S. Salviato	Italy
201084	R. Dow	Scotland
220028	S. Adekugbe	Canada
237692	P. Foden	England
121980	A. Poggenborg	Germany
221053	E. Gómez	Argentina
235133	M. Finotto	Italy
210046	K. Sadlier	Republic of Ireland
211070	T. Hołota	Poland
226174	D. Payne	United States
165502	J. Lillis	England
235134	P. Rosario	Netherlands
221567	Sim Sang Min	Korea Republic
230015	I. Diallo	Mali
232831	Choi Kyu Baek	Korea Republic
171391	E. Palos	Mexico
237183	M. Rojas	Paraguay
239999	Pedro Silva	Portugal
147584	D. Khomich	Russia
222592	Kim Dong Jin	Korea Republic
158592	G. Montoya	Argentina
208001	Paulo Otávio	Brazil
225409	A. Al Shammari	Saudi Arabia
181377	E. Bajrami	Sweden
183425	T. Elliott	England
215170	R. Salinas	Argentina
226690	M. Castro	Uruguay
194178	M. Dumbuya	Sierra Leone
205443	S. Benyamina	Germany
142979	J. Quiroga	Argentina
212099	S. Tronstad	Norway
213635	T. Lapslie	England
214147	J. Rivas	Colombia
214659	N. Freire	Argentina
150659	V. Demarconnay	France
225667	C. Chaplin	England
229251	V. Mogos	Romania
232067	N. Bandiera	Argentina
238979	C. Handke	Germany
199812	R. Allsop	England
204676	Gus Ledes	Portugal
212100	M. Lowe	England
219781	D. Dussaut	France
238981	T. Schwede	Germany
239749	J. Adebanjo	Nigeria
176261	G. Piesio	Poland
205190	B. Sankoh	Guinea
210566	L. Chiaretti	Brazil
212358	M. Petrasso	Canada
215430	T. Lumanza	Belgium
152454	G. Evans	England
235398	Jean Carlos	Brazil
186502	G. Nijholt	Netherlands
203911	D. Albadoro	Italy
228231	A. Aguilar	Paraguay
167559	A. Salugin	Russia
221832	L. Olaza	Uruguay
205961	Alex Rodríguez	Spain
210314	I. Azemi	Kosovo
227978	M. Mehlem	Germany
234890	F. Margiotta	Italy
220811	M. Ali Yakoubi	Tunisia
221323	J. Onguéné	France
186507	C. Landu Landu	Norway
234636	A. Pavlović	Serbia
238988	M. Ullmann	Austria
177036	K. Guédé	Slovakia
177292	A. Ponroy	France
186508	A. Østbø	Norway
189836	J. Mills	England
199053	R. Bocalon	Italy
202893	R. Riski	Finland
155533	L. Clarke	England
229517	Toni Villa	Spain
238989	R. Rep	Slovenia
226446	M. Giordano	Argentina
236430	M. Lucero	Argentina
204175	J. Al-Hazaimeh	Germany
209551	A. Wailbi	Saudi Arabia
216463	H. Sakhi	Morocco
152463	D. Holm	Norway
159375	S. Supple	Republic of Ireland
173199	E. Legati	Italy
111503	C. Ben Saada	Tunisia
204176	T. Erat	Azerbaijan
209552	Y. Otayn	Saudi Arabia
215952	D. Arapov	Russia
227216	I. Boggino	Argentina
232848	Y. Maruyama	Japan
234640	B. Jatta	Gambia
204689	I. Ouédraogo	Burkina Faso
211345	P. Azogue	Bolivia
226705	D. Atanga	Ghana
228241	J. van der Heyden	Netherlands
232849	R. Ogawa	Japan
233105	K. Dougall	Australia
210835	T. Nocchi	Italy
211859	M. Ahlschwede	Germany
221587	J. Lolley	England
222611	D. Rodríguez	Argentina
223123	E. Güral	Turkey
158867	A. Gerrard	Republic of Ireland
229011	K. N'Doram	France
232851	K. Yoshimoto	Japan
169619	G. Liddle	England
236947	J. Torunarigha	Germany
237715	P. Cutrone	Italy
193939	B. Kee	Northern Ireland
232852	T. Yonemoto	Japan
179860	R. Reid	England
228245	M. Wanitzek	Germany
229013	A. Pnishi	Kosovo
165269	R. Boukari	Togo
232597	H. Fujiharu	Japan
192661	M. Schulze	Germany
138390	D. Fox	England
212118	M. Grimes	England
200855	G. Baldock	England
205975	J. Bartkowski	Poland
215959	N. Safronidi	Russia
224407	M. Cardona	Colombia
227223	A. Vita	Italy
169623	P. Hartley	England
201112	J. Słowik	Poland
211608	M. Rigione	Italy
211864	D. Dziwniel	Poland
136601	Kim Yong Dae	Korea Republic
156313	A. El-Abd	Egypt
177049	B. Özbek	Germany
195481	J. Proctor	England
220314	O. Marciano	Israel
224410	A. Scifo	Argentina
232602	Kim Jung Ya	Korea Republic
167834	C. Bell	Scotland
213147	J. Allen	England
223387	M. Tishkin	Russia
228763	G. Melkadze	Russia
207516	J. Świerczok	Poland
215196	M. Galmarini	Argentina
225692	M. Bader	Germany
190620	D. Andrew	England
203933	H. Lybohy	France
209565	M. Al Fehaid	Saudi Arabia
234653	M. Ambichl	Austria
203166	R. Koch	Germany
211358	J. Fabri	France
184222	J. Rask	Denmark
152735	M. Doyle	Republic of Ireland
221599	N. Nyauza	South Africa
177311	H. Camara	France
155808	C. Gratzei	Austria
221600	M. Clarke	England
177568	A. Raineau	France
187296	C. Gutiérrez	Mexico
208801	R. Jaadi	Belgium
214177	L. Paz	Colombia
216481	J. Cooper	England
235425	D. Jones	United States
235937	A. Picchi	Italy
237985	K. Danso	Austria
207522	Romário	Brazil
240290	João Pedro	Brazil
225699	Anuar	Morocco
231587	L. Caicedo	Colombia
192163	E. Wahlström	Sweden
207780	Z. Diabaté	Ivory Coast
209572	A. Al Owayshir	Saudi Arabia
222372	D. Cinaglia	Italy
223652	S. Ernst	Germany
227492	A. Vincent	France
236196	Nito Carbelho	Brazil
237476	A. Bliznichenko	Ukraine
233125	M. Hartel	Germany
208806	M. Fox	Wales
159910	F. Oyerze	Chile
228518	A. Hanche-Olsen	Norway
241062	D. Milović	Montenegro
193958	L. Brown	England
207783	R. Gaddis	United States
211623	R. Colclough	England
231591	Javi Galán	Spain
240039	V. Vukadinović	Serbia
185255	G. Zárate	Argentina
228520	E. Ávila	Argentina
235176	C. Bernardi	Argentina
240552	J. Leitón	Costa Rica
189352	M. Sema	Sweden
138153	D. Potter	Republic of Ireland
212137	A. Vindheim	Norway
241065	L. Mutambala	DR Congo
189865	D. Templeton	Scotland
215211	B. Cargill	England
237739	R. Shindo	Japan
239787	G. Torres	Colombia
190635	M. N'Diaye	Mali
194219	Aridane	Spain
200876	G. Gigliotti	France
210604	A. Panyukov	Russia
153004	J. Wawrzyniak	Poland
232620	K. Omori	Japan
200877	M. Scavone	Italy
201901	C. Winchester	Northern Ireland
208813	G. Williams	Wales
216493	F. Menig	Germany
232365	K. Otani	Japan
234925	K. Pierie	Netherlands
176301	Ha Dae Sung	Korea Republic
184750	R. Dickson	England
225200	Kike Barja	Spain
229040	A. Nkaka	Belgium
240560	S. Iocolano	Italy
200881	Ronaldo	Brazil
202673	M. Falkesgaard	Denmark
204721	Lee Jong Won	Korea Republic
229297	B. Khadartsev	Russia
234417	I. Karsanidis	Greece
191921	Han Sang Wun	Korea Republic
204722	Choi Jong Hoan	Korea Republic
214194	A. Correa	Colombia
160178	T. Nezuñir	Chile
228786	R. Bagadur	Croatia
232626	Oh Jae Suk	Korea Republic
202932	S. Maholli	Sweden
143284	E. Keleş	Turkey
214964	L. Velázquez	Argentina
158132	D. Brückner	Germany
170164	B. Moloney	Republic of Ireland
179636	D. Worrall	England
222645	L. López	Mexico
233141	T. Hasegawa	Japan
169909	J. Brown	England
189109	A. Cisak	Australia
163766	L. Barnett	England
203447	A. Schalk	Netherlands
187831	R. Wolters	Netherlands
160184	F. Geraldoza	Chile
232376	T. Aoki	Japan
202169	J. Gatt	United States
203705	M. Viler	Slovenia
214969	F. Godoy	Argentina
221625	P. Mullins	United States
223673	M. Wostry	Austria
235961	Imanol García	Spain
193209	J. Vunguidica	Angola
202426	A. Omrani	Algeria
142266	D. Flinta	Denmark
225722	P. Jaquez	Mexico
228794	M. Al Najrani	Saudi Arabia
232122	Everton	Brazil
197819	Z. Loyd	United States
204219	A. Jackson	England
206011	Rui Vieira	Portugal
212923	S. Galloway	Australia
229051	J. Kjær	Denmark
234939	Janota	Portugal
185019	Juanmi Callejón	Spain
213692	J. Harrop	England
231612	R. Del Castillo	France
177340	P. Frattali	Italy
183228	B. Augustyn	Poland
184764	L. Schwechlen	France
137661	J. Glinker	Germany
224445	G. Shitolo	South Africa
177597	R. Taylor	England
209342	R. Mukhametshin	Russia
238014	R. Janssen	Netherlands
182206	R. O'Donnell	England
184254	J. Ayala	Argentina
159935	J. Sarnida	Chile
225983	S. Mpontshane	South Africa
233151	K. Miyoshi	Japan
221632	S. Kind Mikalsen	Norway
222912	M. Yaghoubi	Finland
159168	Thiago Xavier	Brazil
232896	T. Miyayoshi	Japan
239296	E. Markov	Russia
199873	Alex	Brazil
201409	E. Schiavon	Italy
219585	M. Valjent	Slovakia
224449	H. Ekstein	South Africa
230849	Nacho	Spain
231873	Joni Montiel	Spain
209602	T. Cancellotti	Italy
212418	M. Lackner	Austria
218050	M. Abarhoun	Morocco
219842	J. Trejo	Argentina
228290	J. Laporte	France
233410	Kweon Han Jin	Korea Republic
171970	E. Upson	England
223427	L. Jäger	Austria
198852	Mandi	Spain
200900	S. Murray	Republic of Ireland
138180	J. Campbell-Ryce	Jamaica
220612	D. Davydov	Russia
233156	S. Arai	Japan
239812	Barros	Brazil
187588	I. Ediev	Russia
208581	Z. Bytyqi	Norway
216005	F. Rašić	Argentina
220101	M. Acosta	Paraguay
222661	Yoon Seung Won	Korea Republic
159941	C. Lanoas	Chile
237765	K. Murata	Japan
179909	A. Annan	Ghana
186565	S. Wagstaff	England
208838	A. Romero	Argentina
231366	P. Lienhart	Austria
233414	João Graça	Portugal
206535	P. Digby	England
224455	A. Arrighini	Italy
229575	D. Mancini	Argentina
166855	K. Osborne	England
206536	T. Naylor	England
228552	Edison Tarabai	Brazil
231624	F. Schleusener	Germany
236232	J. Chabalala	South Africa
50632	P. Clarke	England
229065	B. Niňaj	Slovakia
171721	R. Perticone	Italy
237257	J. Yueill	United States
237513	O. Eddahri	Sweden
201418	F. Furlan	Italy
233930	Francisco Afonso	Portugal
234698	C. Songkrasin	Thailand
237770	Y. Hasegawa	Japan
210891	I. Moro	Ghana
216011	C. Villanueva	Argentina
176075	M. Burch	United States
187083	K. Álvarez	Mexico
189387	T. Mickel	Germany
208076	Moon Sang Yun	Korea Republic
209612	U. Germano	Italy
204237	A. Tamay	Mexico
213709	Isi Gómez	Spain
226765	L. Gamba	Argentina
235213	Álex Craninx	Spain
169933	S. Laird	England
202190	C. N'Toko	Belgium
204494	A. Riemann	Germany
214990	M. Catalán	Argentina
223694	E. Marxen	Denmark
191182	F. Liverstam	Sweden
214479	J. Meza	Colombia
235983	Alex Pozo	Spain
239567	J. Löhmannsröben	Germany
241103	Z. Vanheusden	Belgium
221648	Y. Barnawi	Saudi Arabia
171984	K. Lejeune	France
176592	M. Palionis	Lithuania
183248	A. Fernández	Mexico
208593	N. Jaadi	Morocco
209873	K. Moleko	South Africa
20689	J. Karlsson	Sweden
222161	M. El Allouchi	Morocco
51921	A. Chambers	England
208594	M. Bossaerts	Belgium
19410	A. Revell	England
171986	K. Reid	England
122066	R. König	Germany
192466	M. Marrone	Australia
198611	N. Đurđić	Serbia
158675	K. Rindarøy	Norway
231123	Adri Castellano	Spain
209364	C. Brown	Australia
224980	M. Busch	Germany
226516	E. Álvarez	Paraguay
199381	N. Schindelholz	Switzerland
210389	B. Smith	Australia
232661	M. Bareiro	Argentina
234197	I. Groothuizen	Netherlands
187093	J. González	Mexico
227798	M. Calzada	Uruguay
181462	D. Carney	Australia
208087	Ayala	Spain
221656	E. Miller	United States
236248	B. Woodburn	Wales
237784	Y. Maruhashi	Japan
183768	P. Larsen	Norway
201945	D. Amankwaa	Denmark
206297	S. Balić	Montenegro
216282	R. Framberger	Germany
216795	C. Long	England
234971	M. Chemin	France
237787	N. Sakemoto	Japan
202204	K. Haraldseid	Norway
207580	J. Blomberg	Sweden
214492	Y. Mena	Colombia
222428	J. Komar	Argentina
160220	O. Tapiano	Chile
226012	R. Manning	Republic of Ireland
232156	M. Honsak	Austria
237532	Rodrigo	Brazil
182748	C. Ribeiro	Wales
200925	T. Rühle	Germany
208349	D. Volaš	Slovenia
222685	D. Follonier	Switzerland
183517	A. Ogogo	England
207838	Park Soo Chang	Korea Republic
216286	J. Andersen	Denmark
218846	E. Ávila	Colombia
221662	S. Skrabb	Finland
234974	D. Guba	Slovakia
240094	V. Fabris	Italy
193246	L. Neagle	United States
220895	A. Al Sulayhim	Saudi Arabia
223199	M. Altıntaş	Turkey
225759	B. Kamau	Australia
238559	S. Mai	Germany
178143	E. Birniçan	Turkey
200928	O. Banks	England
210144	J. Al Bishi	Saudi Arabia
182496	J. Oremo	Sweden
198625	S. Bain	Scotland
202721	A. Razak	Ivory Coast
206561	C. Walton	England
210401	C. Donis	Greece
215777	M. Tounkara	Senegal
217313	J. Caenepeel	Belgium
235233	T. Kutumela	South Africa
238049	P. Pomykal	United States
177377	M. Ligoule	France
215010	E. Brítez	Argentina
231138	C. Bassogog	Cameroon
190178	N. Gunnarsson	Norway
191458	C. Valoyes	Colombia
213987	E. Córdoba	Colombia
227555	Oh Chang Hyeon	Korea Republic
236259	S. Peña	Peru
177123	K. Das Neves	France
188131	N. Rnić	Serbia
238052	A. Ježina	Croatia
189924	B. Rymaniak	Poland
206053	D. Marsura	Italy
208869	D. Poleon	England
222693	H. Fertoli	Argentina
229093	S. Deliktaş	Turkey
230117	Jhonatan	Brazil
234725	I. Doumbia	Ivory Coast
169701	L. Wilson	England
238053	S. Limbombe	Belgium
211174	F. Sporkslede	Netherlands
224230	A. Díaz	Mexico
229094	G. Güzel	Turkey
231142	Nuno Tomás	Portugal
178150	K. Cissé	Guinea
203751	C. Townsend	England
192231	J. Edwards	England
212712	L. Woodberry	United States
229096	M. Bayır	Turkey
229608	Frédéric Maciel	Portugal
236264	P. Aquino	Peru
237032	Javi Jiménez	Spain
206313	J. Lopy	Senegal
155625	Kim Chi Woo	Korea Republic
163049	J. Forte	Barbados
231913	F. Aursnes	Norway
169449	K. Finnbogason	Iceland
235753	Álvaro Arencibia	Spain
182761	A. Legzdins	England
226538	H. Hauksson	Iceland
237546	J. Stojanović	Serbia
210667	F. Vanzo	Belgium
165867	Kim Jae Sung	Korea Republic
232939	Y. Nakasaka	Japan
203500	D. Rose	England
213228	S. Asamoah	Ghana
228332	H. Choudhury	England
236268	P. Velasco	Ecuador
212973	M. Marić	Croatia
232685	K. Oi	Japan
183789	M. Howard	England
220654	J. Horsfield	England
222702	Baek Dong Gyu	Korea Republic
239854	Wesley	Brazil
204783	Felipe	Spain
140271	J. Restrepo	Colombia
215023	P. Míguez	Uruguay
226543	R. Córdoba	Colombia
239855	Ibson Melo	Brazil
204528	W. Jordán	Colombia
161776	C. Logan	Republic of Ireland
229872	A. Palacios	Colombia
233712	Ermel	Brazil
213745	Robert Costa	Spain
221681	P. Tavima	Colombia
224241	N. Olij	Netherlands
232177	M. Ogbu	Nigeria
228082	D. Burnić	Germany
236786	M. Terrier	France
191730	S. Rafn	Norway
143091	P. Santillo	Argentina
237555	J. Bolingi	DR Congo
181491	N. Burns	Australia
205812	P. Terracciano	Italy
223732	A. Damen	Netherlands
230644	V. Sakor	Norway
237556	C. Luyindama	DR Congo
178420	G. Figliomeni	Italy
158453	F. Melara	Italy
214518	L. Ochoa	Colombia
225014	G. Castrovilli	Italy
225782	A. Maitland-Niles	England
232438	G. Nepomuceno	Curacao
167926	A. Grant	England
189686	D. McDermott	Republic of Ireland
193014	C. Evina	Cameroon
232439	L. Vignali	Italy
238072	E. Löwen	Germany
210937	D. Luppi	Italy
148729	I. Austbø	Norway
224761	T. Loska	Poland
229625	S. Rapp	Switzerland
239865	Y. Ahmed	Qatar
177401	P. Cáceres	Uruguay
180729	M. Theo	Australia
207610	R. Meara	Republic of Ireland
226811	F. Soldano	Argentina
189691	D. Ball	England
201212	A. Thompson	Northern Ireland
208636	Lee Myung Joo	Korea Republic
220156	A. Balboa	Uruguay
239612	S. Dražić	Serbia
202749	Kim Oh Gyu	Korea Republic
211453	M. Mohsen	Egypt
217597	E. Kobozev	Russia
223997	R. Gergel	Slovakia
237565	A. Albech	Denmark
107261	C. Merville	France
238589	M. Rahn	Germany
240893	Filipe Oliveira	Portugal
205054	K. Naismith	Scotland
211966	M. Romeo	Antigua & Barbuda
212990	C. Camps	Northern Ireland
239614	Jesús Areso	Spain
212223	S. Maguire	Republic of Ireland
224511	E. Bonifacio	Argentina
232447	Y. Rokutan	Japan
234239	G. Hein	France
189439	L. Castiglia	Italy
165888	Kwak Tae Hwi	Korea Republic
235520	Rafa Mújica	Spain
237312	A. Sevinç	Turkey
239616	E. Alaffita	Mexico
176384	M. Gostomski	Poland
186112	J. Akinde	England
190976	D. Kobayashi	Japan
216321	S. Bytyqi	Kosovo
216833	J. Houwen	Netherlands
221441	G. Villarruel	Argentina
224769	T. Doyle	New Zealand
230145	A. Piu	Italy
237569	S. Silva	Uruguay
224002	N. Mohammed	Saudi Arabia
229890	E. Hackman	Ghana
232706	M. Fujita	Japan
237826	I. Zhigulev	Russia
209411	D. Trela	Poland
228867	J. Vitale	Argentina
229891	J. Ryerson	Norway
233987	Bernard Vicidal	Brazil
189955	O. Söderberg	Sweden
199684	P. Malarczyk	Poland
220676	V. Bergan	Norway
232196	C. Sinisterra	Colombia
237060	L. Cardoza	Colombia
238084	Choe Jae Hyeon	Korea Republic
219653	H. Khaloua	Morocco
220421	H. Kamara	France
228101	G. Cotugno	Uruguay
228357	K. Soni	Cameroon
230917	Adrián Gómez	Spain
232453	N. Ishikawa	Japan
190981	M. Bakenga	Norway
201992	J. Imbert	Argentina
232456	K. Oiwa	Japan
232968	K. Kawata	Japan
234760	A. Reca	Poland
235272	B. Morrison	Ghana
238600	B. Rosinger	Germany
240136	Tavares	Portugal
178184	Molo	Spain
198153	J. Taylor	Wales
228873	L. Marengo	Netherlands
229129	L. Memela	South Africa
46857	M. Pedersen	Norway
204554	R. Bennett	England
209162	E. Correa	Colombia
225034	M. Somma	Italy
208907	S. Steblecki	Poland
224267	F. Strauss	Austria
225036	R. Steer	Colombia
225804	Tocantins	Brazil
231948	B. Hines-Ike	United States
193804	M. Tootle	England
221197	F. Onyedinma	England
232461	Kim Min Tae	Korea Republic
205582	A. Forde	Republic of Ireland
211982	N. Neidhart	Germany
214030	C. Rentería	Colombia
217870	G. Di Lorenzo	Italy
222734	Kang Sang Woo	Korea Republic
225550	Gaspar	Spain
211215	L. Walker	Gibraltar
225295	A. Palazzi	Italy
238351	Kim Dong Min	Korea Republic
241167	Y. Belaïli	Algeria
202256	O. Hansen	Norway
204304	D. Redmond	England
213520	J. Straus	Poland
220432	Luís Ribeiro	Portugal
220944	J. Wildsmith	England
222480	J. Núñez	Colombia
230928	A. Sorge	Germany
241168	G. Chakvetadze	Georgia
207633	J. Haugaard	Denmark
225041	F. Nicastro	Italy
167697	S. O'Donnell	Republic of Ireland
41233	S. Ameobi	Nigeria
237841	M. Murillo	Panama
177425	M. Ziemer	Germany
200210	A. Sarcevic	England
202514	F. Ardizzone	Italy
205586	I. Vassell	England
208146	D. Adorni	Italy
213778	T. Lehne Olsen	Norway
28178	S. Hammell	Scotland
232466	N. Kato	Japan
232722	S. Morishita	Japan
181010	L. Broxham	Australia
187154	N. Canavan	Republic of Ireland
202259	M. Ødegaard	Norway
203283	A. Escoto	Mexico
232723	T. Tomiyama	Japan
240659	Luís Leal	São Tomé & Príncipe
240915	Miranda	Spain
200468	C. Bieber	Germany
211732	T. Thiele	Germany
223252	O. Rindarøy	Norway
237076	E. Mabouka	Cameroon
192020	E. Orrantía	Mexico
211221	M. Boyle	Scotland
219413	E. Velasco	Colombia
224789	G. Zampano	Italy
225557	R. Poole	Wales
240149	M. Konyk	Argentina
54037	T. Berni	Italy
239894	R. Kouamé	Mali
240662	F. Torgnascioli	Uruguay
201495	J. Sylvestr	Slovakia
212247	O. Schnitzler	Germany
213527	P. Da Silva	Denmark
234007	Claudio Mouria	Brazil
236823	I. Pettersson	Sweden
219672	A. Gero	Nigeria
172568	M. Lund Nielsen	Denmark
203289	M. Clayton	England
229657	D. Mikanović	Croatia
172825	R. López	United States
201498	E. Grendel	Slovakia
137498	B. Wilson	England
215066	F. Milo	Argentina
235546	A. Krešić	Italy
237594	L. Šimić	Croatia
239130	A. Babacan	Turkey
200475	M. Trapp	Germany
206107	E. Ataseven	Turkey
214043	Y. Angulo	Colombia
204316	Pak Kwang Ryong	Korea DPR
223004	J. Nolan	England
228892	I. Rivero	Uruguay
232988	Y. Tanaka	Japan
238876	Víctor Díaz	Spain
193564	M. Álvarez	Germany
225053	L. Rose	Australia
232733	A. Fukuta	Japan
172573	P. Kristensen	Denmark
202014	R. Lopes	Republic of Ireland
207902	P. Tuszyński	Poland
219678	L. Mancinelli	Argentina
225310	B. Thompson	England
228382	D. Agyei	England
228638	B. Stevenson	England
236830	Z. Youssouf	France
239134	N. Fofana	France
191262	A. Al Dawsari	Saudi Arabia
2335	A. Wilbraham	England
228639	R. Mmaee	Morocco
232991	S. Inagaki	Japan
235295	C. Morra	Italy
236831	A. Seydel	Germany
190239	J. Bowery	England
156704	T. Eriksson	Sweden
163616	J. Young	England
240416	Ricardo Moura	Portugal
203809	A. Pierre	Grenada
104737	B. Roche	Republic of Ireland
195873	D. Koukou	Benin
202786	R. Sánchez	Mexico
139555	J. McPake	Northern Ireland
234787	B. Tekpetey	Ghana
186147	G. Woods	England
198692	D. Parrett	England
220196	D. Brooks	Wales
220708	B. Borrello	Australia
225572	O. Albornoz	Colombia
229412	Julen López	Spain
239908	Y. Thermann	Germany
202533	M. Harriman	Republic of Ireland
206629	A. Wenger	United States
221477	Song Seung Min	Korea Republic
163621	B. Alnwick	England
234021	Joaninho Chagas	Brazil
200486	M. Lalkovič	Slovakia
206118	Éder Lima	Brazil
157734	A. Jaakkola	Finland
200487	P. Prosenik	Austria
205863	B. Diallo	France
209447	E. Hooi	Curacao
213543	K. Pedersen	Denmark
234535	S. Chéré	France
235047	J. Menéndez	Argentina
183591	S. Palermo	Italy
197928	J. Bond	England
203048	J. Riley	England
234024	Mairdel Sampaio	Brazil
240168	J. Arias	Uruguay
190504	H. Akpan	Nigeria
230185	Túlio Changas	Brazil
236585	You Ju An	Korea Republic
239657	Ricardo Fernandes	Portugal
189993	R. Jenkins	England
215338	K. Rendón	Colombia
235562	M. Levashov	Russia
143147	D. Albil	Argentina
228651	G. Felicioli	Italy
209452	S. Rudol	Poland
224044	Juanje	Spain
224300	H. Matynia	Poland
163116	M. Thwaite	Australia
231212	E. Rolón	Argentina
237356	A. Nilsson	Sweden
240172	Edu Cortina	Spain
190508	D. Hofbauer	Austria
197165	J. McInerney	United States
204845	A. Affane	Sweden
226861	S. Thioub	France
240173	Asier Gomes	Spain
224814	R. Moreira	Argentina
232238	C. Peralta	Colombia
194094	R. Koczor	Germany
212015	C. Treviño	Mexico
239919	K. Kouao	Ivory Coast
187183	Park Hyun Bem	Korea Republic
219952	L. Henderson	Scotland
220720	A. Fulignati	Italy
156464	R. Wood	England
225584	Q. Cornette	France
233520	B. Atik	Turkey
235312	Alfonso Herrero	Spain
238640	C. Göbel	Germany
202033	S. McLaughlin	Republic of Ireland
202289	Lee Yong	Korea Republic
224049	N. Breitenbruch	Argentina
235825	M. Benítez	Mexico
193073	L. Legge	England
197170	K. Harris	England
135218	D. Perquis	Poland
217650	J. Fujimoto	Japan
229170	M. Merkulov	Russia
181298	M. Almebäck	Sweden
198451	Dani Rodríguez	Spain
199475	W. Evseev	Kazakhstan
203059	R. Brown	England
177971	J. McNulty	Scotland
202292	Kim Soo Beom	Korea Republic
203316	A. Smith	England
219956	P. Ceccaroni	Italy
233012	Hong Jeong Un	Korea Republic
222773	L. Zander	Germany
228917	M. Tall	United States
236341	N. Messiniti	Argentina
184630	L. Daniels	England
189238	F. Hart	Austria
190518	F. Kastrati	Kosovo
192566	M. Janzer	Germany
201527	R. Laursen	Denmark
222263	N. Jackers	Belgium
222519	A. Stølås	Norway
225847	S. Mallan	Scotland
212792	Kim Jun Su	Korea Republic
223288	R. Boujedra	Tunisia
228408	C. Ronan	Republic of Ireland
239416	R. Floriano	Italy
211001	Alex Vallejo	Spain
223289	M. Durmuş	Turkey
233017	Park Han Bin	Korea Republic
210490	K. Dobras	Austria
222266	J. Bartosz	Poland
234298	N. Alho	Finland
235322	P. Pîrvulescu	Romania
206139	Y. M'Boné	Cameroon
207675	C. Mallace	Scotland
219451	N. Paz	Argentina
181307	P. Haglund	Sweden
193851	D. Blacha	Poland
204348	J. Allansson	Sweden
208188	J. Guthrie	England
211004	Han Kook Young	Korea Republic
215356	F. Callejo	Argentina
227900	N. Tripichio	Argentina
232252	A. Walkes	England
233276	A. Dozzell	England
234812	D. Dinga	Serbia
180284	Kim Dong Suk	Korea Republic
191549	T. Aoki	Japan
234814	J. Ruiz	France
237374	O. Atasayar	Turkey
220735	Douglas Tanque	Brazil
224575	C. Mimbala	DR Congo
228415	L. Godoy	Argentina
184383	A. Pasche	Switzerland
221504	A. Kovar	United States
225344	K. Baysal	Turkey
226624	João Sousa	Portugal
232768	T. Wada	Japan
214081	D. Murillo	Colombia
156481	T. Moniwa	Japan
224065	D. Blanco	Argentina
165185	C. Davies	Wales
219458	D. Wheeler	England
221762	Kim Sun Min	Korea Republic
230978	T. Awoniyi	Nigeria
236610	M. Kean	Italy
209475	J. O'Sullivan	Republic of Ireland
214595	P. Schorr	Germany
237635	F. Pick	Germany
240195	Claudio	Spain
215109	L. Navarro	Argentina
236869	Y. Güveli	Turkey
239941	R. Koryan	Armenia
184901	Shin Kwang Hoon	Korea Republic
208454	S. Locigno	Belgium
216134	K. Pallesen	Denmark
227654	D. Rusov	Slovakia
187206	N. Smith	Jamaica
221767	K. Choi	Korea Republic
237383	A. Bastoni	Italy
190279	O. Jallow	Gambia
229448	F. Ayé	France
234824	Y. Wissa	France
175688	J. Taylor	Jamaica
193608	O. Clarke	England
211785	B. Garuccio	Australia
212041	M. Ingebrigtsen	Norway
219721	A. Camigliano	Italy
163657	I. Ech-Chergui	France
165449	G. Dicker	Republic of Ireland
199498	G. Massey	England
203338	A. Morgan	Canada
210250	D. Riolfo	Uruguay
212298	M. Al Thmali	Saudi Arabia
233290	R. Zhemaletdinov	Russia
200779	J. Clarke-Harris	England
229195	L. Callegari	France
234059	J. Chancellor	Venezuela
239179	Z. Arsenić	Croatia
190539	P. Engblom	Sweden
191819	Cho Chan Ho	Korea Republic
200780	G. Bigirimana	England
221772	A. Al Bishi	Saudi Arabia
200525	S. Walker	England
219725	S. Minelli	Italy
225101	M. Vitale	Italy
239181	M. Seegert	Germany
239437	P. Zulu	South Africa
184397	L. Sánchez	Mexico
134734	J. Westerberg	Sweden
211790	R. Clarke	Panama
225614	I. Akhmetov	Russia
232014	M. Salazar	Belize
193358	Romário	Brazil
232527	D. Schmidt	Argentina
234575	Diogo Leite	Portugal
207952	S. Ajayi	Nigeria
240464	Paulao	Brazil
189008	L. Pérez	Mexico
211537	J. Hamilton	Scotland
225361	L. McGee	England
232017	T. Alfaro	Mexico
232785	C. Togashi	Japan
226386	L. Sosa	Argentina
228946	M. Svanberg	Sweden
229970	L. Soares	France
230226	Charles de Breito	Brazil
232786	K. Endo	Japan
189010	S. Matuszek	Poland
233043	A. Hinestroza	Colombia
203348	S. Carruthers	Republic of Ireland
221525	S. Nelson	England
203862	H. Silva	Argentina
209750	I. Lawlor	Republic of Ireland
211542	E. Baburin	Russia
215638	L. Lindsay	Scotland
219990	V. Hoff	Norway
186198	J. Mellis	England
212567	Y. Kajiyama	Japan
235095	E. Serje	Colombia
240215	C. Capone	Italy
240727	R. Kenniche	Algeria
193111	R. Lange	Germany
27480	T. Zwarthoed	Netherlands
167512	S. Whalley	England
235608	S. Al Mutairi	Saudi Arabia
183640	C. Strohdiek	Germany
196953	A. Nsiala	DR Congo
199769	M. Potzmann	Austria
224345	A. Kartalis	Greece
227418	J. Manns	Sweden
229210	M. Osman	Syria
213339	B. Garmston	Republic of Ireland
226395	M. Covea	Venezuela
236635	Juan Rodríguez	Spain
239963	Landeta	Spain
227164	D. Parra	Colombia
190556	D. Powell	England
190812	A. Signorini	Italy
240733	G. Pinto	Italy
199774	J. Bertilsson	Sweden
212830	A. Mabil	Australia
230750	Abel Moreno	Spain
239966	C. Santini	Italy
197983	M. Lorentzson	Sweden
204383	B. McNamee	Republic of Ireland
207967	R. Garcia	United States
224095	N. Mbemba	France
228191	J. Aspropotamitis	Australia
231519	L. Olivera	Argentina
240223	M. Ristić	Serbia
208992	S. Al Qumayzi	Saudi Arabia
162144	C. Agnelli	Italy
229728	F. Kamberi	Switzerland
230496	Adão Renteira	Brazil
233568	Lee Sang Heon	Korea Republic
189792	T. Obadeyi	England
205153	A. Guira	Burkina Faso
212833	R. Brindley	England
213089	G. Donyoh	Ghana
231777	A. Ömür	Turkey
239713	G. Panom	Ethiopia
147042	P. Pogrebnyak	Russia
222562	R. Rúnarsson	Iceland
233314	R. Canouse	United States
176226	J. Peterson	United States
183138	K. Pearce	England
199011	P. Corry	Republic of Ireland
218212	A. Noppert	Netherlands
219492	M. De Iriondo	Argentina
225636	L. Boeder	Germany
237156	M. Wagué	Senegal
208485	L. Ralte	India
209253	M. Blair	England
213349	G. Puel	France
154725	K. Pilarz	Poland
229733	C. Schoissengeyr	Austria
233061	M. Pereira Lage	France
192101	M. Thorbjörnsson	Sweden
197990	G. Francomb	England
209766	M. Born	Germany
211814	M. Kühne	Germany
222566	T. Majrashi	Saudi Arabia
228454	M. Ofkir	Norway
236390	Pol Valentín	Spain
190822	E. Johansen	Norway
226407	G. Bojanich	Argentina
239975	Brian Martin	Spain
209256	T. Anderson	England
210792	A. Al Zaqan	Saudi Arabia
223080	H. Dunk	England
232296	F. Moufi	Morocco
167784	S. Aygüneş	Turkey
191848	W. Abdullah	Saudi Arabia
234857	I. Oblyakov	Russia
237417	C. Carp	Moldova
239721	J. Lescano	Argentina
165738	J. Kennedy	England
190058	D. Sorgić	Serbia
200812	M. Ehmer	Germany
213612	H. Aiesh	Palestine
222572	Iván Villar	Spain
224108	V. Solomon-Otabor	Nigeria
166764	T. Carson	Northern Ireland
237420	V. Janjičić	Switzerland
241004	F. Carballo	Uruguay
223853	Agus Medina	Spain
226157	Javi Muñoz	Spain
234350	Viti	Spain
241006	Erick	Brazil
187246	Ahn Ji Ho	Korea Republic
205167	R. Abazov	Russia
210543	M. Migliorini	Italy
213871	K. Junker	Denmark
159599	S. Wiseman	Gibraltar
229743	A. Deiola	Italy
170095	D. Jones	England
236143	Adrián Rocheira	Brazil
205424	José Artiles	Spain
228464	Kim Jin Hyuk	Korea Republic
239728	L. Wolsztyński	Poland
18289	M. Hoseth	Norway
156017	V. Jalasto	Finland
223345	Wellington	Brazil
240753	A. Gouiri	France
212594	M. Lopez	United States
138355	N. Abdou	Comoros
224371	J. Bowen	England
230515	Vagnão Junior	Brazil
238195	V. Jónsson	Iceland
221812	A. Al Shamekh	Saudi Arabia
222836	R. Ledson	England
228980	M. Tirpan	Belgium
229236	M. Udol	France
229748	M. George	Costa Rica
199029	P. Etshimi	DR Congo
205429	T. Duffner	Germany
241013	Adrián López	Spain
179573	A. Kristiansen	Norway
209526	S. Kavanagh	Republic of Ireland
225654	J. Düker	Germany
232054	B. Cáceres	Paraguay
194678	A. Eastham	England
223095	F. Palacios Martínez	Germany
224375	B. Vécsei	Hungary
229495	C. Nwakali	Nigeria
191095	H. Jónasson	Iceland
193911	S. Paul	India
204664	D. Andrade	Mexico
213368	L. Rougeaux	France
228216	O. Fisher	Jamaica
233592	Albisua	Spain
203897	H. Toivomäki	Finland
222585	F. Fydriszewski	Argentina
181113	Deleu	Brazil
212090	R. Almeida-Santos	Portugal
225146	S. D'Almeida	Benin
223867	A. Gruber	Austria
230523	Iuliano Alfaro	Brazil
240507	A. Gomes	England
196219	J. Lipartia	Georgia
208764	Z. Alomerović	Serbia
230012	Gustavo Hebling	Brazil
232316	G. Aguirre	Mexico
200061	A. Tutte	England
201085	S. Allan	Scotland
232573	K. Matsubara	Japan
176509	J. Bava	Uruguay
182909	F. Carlsen	Norway
220542	R. Quiñonez	Bolivia
233086	M. Quiroga	Argentina
238974	T. Chahed	Germany
239486	Zé Pedro	Portugal
174206	G. Moss	New Zealand
186238	J. Kean	England
191871	Lee Yong Rae	Korea Republic
213376	J. Hanson	England
214144	D. Chica	Colombia
223104	M. McNulty	Scotland
239232	Sarsanedas	Spain
208513	A. Guido	United States
208769	W. Vaulks	England
214913	M. Biskupović	Chile
228225	W. Harding	England
217730	S. Zwierschitz	Austria
237954	J. Smith	United States
238978	F. Schiller	Germany
191106	D. Myrestam	Sweden
199555	T. Coletti	Italy
203139	A. Stewart	England
207491	R. Gaffney	Republic of Ireland
224387	E. Bearzotti	Italy
239747	S. Córdova	Venezuela
181379	D. Elm	Sweden
140420	B. Murphy	Republic of Ireland
215684	K. Mensah	Denmark
202117	M. Haakenstad	Norway
198278	J. Davis	United States
213894	H. White	England
183686	M. de Luna	Mexico
223623	A. Kakuba	Uganda
224391	C. Psyché	France
230279	Juli Morrinhos	Brazil
168583	P. Bürger	Austria
204424	P. Izzo	Australia
207496	J. Sánchez Sotelo	Argentina
191112	S. D'Angelo	Argentina
211593	S. Facey	England
219785	T. Holmes-Dennis	England
236681	M. Thurnwald	Austria
186761	K. Mizuno	Japan
215434	A. Busin	France
239498	B. Henning	Germany
239754	M. Košťál	Slovakia
193930	E. Velikonja	Slovenia
199307	A. Höller	Austria
214923	M. Al Nakhli	Saudi Arabia
219275	M. Kupczak	Poland
160139	H. Abranchezo	Chile
236427	S. Olsson	Sweden
192651	O. Malik	Australia
237964	I. Jome	Gambia
223629	S. Al Jaman	Saudi Arabia
223885	A. Nübel	Germany
240781	Edu Frias	Spain
177549	D. Oduro	Ghana
210574	A. Evseev	Russia
229518	Manel Royo	Spain
232590	R. Yamazaki	Japan
209039	D. Moberg Karlsson	Sweden
221839	V. Berisha	Sweden
164495	M. Kruska	Germany
187279	Seo Jung Jin	Korea Republic
212624	D. Bohl	Germany
224656	O. Aina	Nigeria
198034	M. Amundsen	Norway
223378	A. Çeviker	Turkey
232338	Han Hee Hoon	Korea Republic
239250	Abel Ruiz	Spain
215443	P. Zinckernagel	Denmark
234387	H. Starostzik	Germany
171923	S. Foley	Republic of Ireland
195219	L. Wilkinson	England
197012	J. Watson	Jamaica
214164	N. Salazar	Colombia
188308	D. Ulm	France
205461	M. Wegner	Germany
187029	D. Mullen	Australia
200086	M. Jankowski	Poland
204438	C. Diop	Senegal
222102	S. Vranješ	Bosnia Herzegovina
226710	G. Scamacca	Italy
232342	M. Lugo	Paraguay
181910	O. Rincón	Mexico
191126	C. McDonald	England
198039	M. Gillespie	England
199831	R. Sattelmaier	Germany
228759	K. Boto	France
235671	D. George	Netherlands
204184	D. Schmidt	Netherlands
211096	M. Fraser	Scotland
214680	G. Gallon	France
223896	I. Kovačec	Croatia
239768	A. Czerwiński	Poland
220569	E. Babayan	Denmark
160153	O. Allarcón	Chile
228249	H. Al Juhayyim	Saudi Arabia
233369	L. Montoya	Argentina
140442	A. Butler	England
216730	S. Gregersen	Norway
134811	A. Ludwig	Germany
232859	K. Hashimoto	Japan
239003	H. Mahou	France
191387	S. Otsuka	Japan
233884	C. Pickel	Switzerland
188316	M. Seidl	Austria
201117	W. Pawłowski	Poland
138909	E. Soligo	Italy
232861	K. Mizunuma	Japan
237469	N. Tolo	Cameroon
179869	G. Sawyer	England
214942	Héctor	Spain
216478	J. Mitchell	England
217502	A. Kofler	Austria
232094	J. Niezgoda	Poland
190110	G. Navalovski	Georgia
220063	J. García Sancho	Mexico
220575	PC	Brazil
188831	J. Martin	England
189343	M. Bruscagin	Italy
213152	C. Morris	England
160160	G. Molinero	Chile
235424	D. Samassekou	Mali
215969	L. Dos Santos	France
220833	A. Mandrea	France
156321	A. Akinfenwa	England
232609	G. Notsuda	Japan
177313	A. Williams	England
211618	D. Starkl	Austria
211874	S. Scherder	Germany
221346	M. Samuelsen	Norway
234914	M. D'Arpino	France
239010	Delmás	Spain
215971	A. Al Khaibari	Saudi Arabia
221603	R. Mukiibi	Sweden
224163	A. Verschueren	Belgium
234915	B. Alston	Scotland
172195	M. Robail	France
240547	I. Ignatiev	Russia
142244	B. Hüttenbrenner	Austria
214948	S. Schonlau	Germany
140453	P. McCourt	Northern Ireland
208549	A. Rose	Australia
213413	L. Vigouroux	Chile
209830	Q. Beunardeau	France
235942	F. Cassata	Italy
204199	Pina	Spain
209831	M. Koné	France
220071	J. Binnom-Williams	England
226727	Samu Araújo	Spain
233639	D. Stanese	Canada
203176	K. Issah	Ghana
224936	A. Örn Arnarson	Iceland
234152	Sito	Spain
205225	M. Akça	Turkey
208297	K. Antonsen	Norway
210601	T. Ebner	Austria
214185	S. Romero	Colombia
219561	A. Čulina	Croatia
160169	W. Vendil	Chile
208298	M. Rivero	Argentina
213418	C. Akpom	England
222378	L. Suárez	Argentina
228266	I. Jónsson	Iceland
163754	D. Mirfin	England
234922	R. Acosta	Uruguay
204459	B. Nugent	England
235947	J. Brunetta	Argentina
208812	M. Benning	England
209068	M. Al Harbi	Saudi Arabia
223916	A. Jones	England
159916	F. Brandero	Chile
232876	Y. Ito	Japan
191148	D. Matulevičius	Lithuania
151213	B. Davies	England
169645	A. Barcham	England
239021	T. Bergmann	Germany
184237	L. Labylle	Belgium
122541	T. Naurin	Sweden
189869	J. Vincent	England
160174	L. Manzaños	Chile
228782	João Gamboa	Portugal
230574	G. Carpani	Italy
241070	N. Maraš	Serbia
208303	Bae Seul Gi	Korea Republic
213423	B. Szeliga	Poland
155567	P. Nymann	Denmark
223407	M. Al Furayj	Saudi Arabia
223663	B. Spittal	Scotland
233135	T. Blomeyer	Germany
169391	B. Purkiss	England
235183	C. Acevedo	Mexico
203440	D. Davari	Iran
210352	S. Kelly	Scotland
224432	T. Steinherr	Germany
190640	V. Pálsson	Iceland
219825	I. Abdulavov	Russia
226737	J. Palacios	Colombia
231601	Dalmau	Spain
184753	S. Madden	Republic of Ireland
191153	M. Sandberg	Sweden
202674	Weslley	Brazil
139442	Oh Seung Bum	Korea Republic
221106	B. Gladwin	England
225714	F. Anselmo	Argentina
234162	B. Kirsch	Germany
237490	P. Sontheimer	Germany
139443	Cho Won Hee	Korea Republic
229555	M. Espinosa	France
236723	F. Ballo Touré	France
239795	C. Ekuban	Italy
191924	Lee Bum Young	Korea Republic
215477	I. Kecojević	Montenegro
227509	E. Ómarsson	Iceland
202422	A. Woodyard	England
224438	A. Buksa	Poland
233142	Y. Takeoka	Japan
194998	J. Ness	Scotland
136631	Kim Chi Gon	Korea Republic
216503	C. Laprevotte	France
220087	Fabrício Baiano	Brazil
227511	N. Rapp	Germany
228791	Otegui	Spain
234679	P. Sandler	Netherlands
240311	L. Zidane	France
194999	G. Wylde	Scotland
200120	M. Ortega	Colombia
205752	G. Edwards	Wales
206520	Kim Won Sik	Korea Republic
211384	J. Lowe	England
223672	P. Malicsek	Austria
231864	M. van Bergen	Netherlands
168888	Y. Al Qahtani	Saudi Arabia
169912	B. Moore	England
200633	R. McDonald	England
204985	L. Fernandes	Denmark
151225	D. Collins	Wales
160185	A. Sintena	Chile
231353	E. Iyoha	Germany
225210	S. Toscano	Italy
235706	Murilo Freitas	Brazil
237754	T. Inukai	Japan
220859	M. Al Khaibari	Saudi Arabia
224443	T. Cillard	France
229819	M. Rasner	Austria
233403	M. López	Colombia
234171	R. Sallai	Hungary
236987	B. Kamara	France
237499	A. Sabiri	Morocco
189115	M. Facchinetti	Switzerland
191675	Park Jong Jin	Korea Republic
205500	Rafinha	Portugal
211132	Andrés Prieto	Spain
213436	W. Lefèvre	Canada
213948	D. Holmes	United States
161468	P. Guiñazú	Argentina
229052	O. Özenç	Turkey
233148	Y. Nakano	Japan
237756	S. Kamata	Japan
233149	K. Kano	Japan
233917	D. Kutesa	Switzerland
213694	K. Gorré	Curacao
223678	D. Slamar	Germany
163774	S. Jackson	Canada
164542	A. Gordon	United States
231614	F. Reese	Germany
237758	K. Matsubara	Japan
239294	M. Oparin	Russia
239550	A. Gravillon	France
239039	B. Reichert	Israel
239551	P. Arce	Mexico
212160	K. Bazelyuk	Russia
219840	Noblejas	Spain
157888	Q. Westberg	United States
160192	M. Motturru	Chile
229824	Kilian Grant	Spain
232128	O. Fula	Colombia
238784	B. Rother	Germany
239040	Pedro Henrique	Brazil
229057	O. Çelik	Turkey
235201	N. Siega	Italy
236993	N. Lima	United States
224962	M. Al Kuwaykibi	Saudi Arabia
160194	B. Magañez	Chile
228802	D. Zhivoglyadov	Russia
238018	D. van Crooij	Netherlands
187586	V. Nikiforov	Russia
139459	I. Evatt	England
225731	A. Diop	Senegal
235971	Pablo Larrea	Spain
238019	T. Hunte	Netherlands
240067	D. Gomis	France
202436	J. Tjørnelund	Denmark
142532	G. Vailati	Switzerland
222404	M. Normann	Norway
228804	A. De Sart	Belgium
165316	M. Timlin	Republic of Ireland
237764	R. Takeuchi	Japan
241092	I. Abdullahi	Nigeria
183492	J. Mehl	Denmark
202693	M. Crooks	England
204229	J. Vansteenkiste	Belgium
216773	R. Gyasi	Netherlands
221381	L. Tipton	Colombia
231109	A. Ndom	France
233413	Verdasca	Portugal
237253	A. Danladi	Ghana
173765	W. Brown	England
184261	A. Wiss	Switzerland
207558	M. Broberg	Sweden
155334	Kang Min Soo	Korea Republic
221894	M. Ben Othman	Tunisia
229574	A. Calabresi	Italy
237766	S. Kaneko	Japan
187334	L. Hallenius	Sweden
221895	A. Koryan	Russia
169159	A. Lie	Norway
198856	C. Avevor	Germany
212680	J. Jones	England
237512	G. Togni	Argentina
199881	M. Königs	Germany
216265	U. Ikpeazu	England
220873	M. Pollachi	Argentina
177353	D. Smylie	Northern Ireland
222922	J. Hesketh	England
225482	T. Zhamaletdinov	Russia
211915	F. Leutenecker	Germany
224715	N. Chernov	Russia
232395	H. Isaza	Colombia
185291	K. Debaty	Belgium
204236	A. Stringel	Mexico
222156	J. Bree	England
159948	A. Pavecillo	Chile
160204	D. Ferdiz	Chile
189900	L. O'Neill	England
229325	O. Linnér	Sweden
180685	S. Shrahilee	Saudi Arabia
184269	M. Ellis	England
137166	P. Jones	England
212430	Park Sun Ju	Korea Republic
231886	A. Muyl	United States
232142	L. Chacana	Argentina
194510	J. Meades	Wales
203215	A. Cairns	England
223951	K. Achahbar	France
222160	Y. Koné	Mali
223441	O. Sidibé	France
164561	C. Barrett	United States
187345	Cho Dong Gun	Korea Republic
187857	G. Sandomierski	Poland
210898	A. Al Fahad	Saudi Arabia
204499	R. Inniss	England
221651	Ahn Yong Woo	Korea Republic
177875	J. Salze	France
192979	T. Sørensen	Denmark
140244	Y. Urbina	Mexico
213204	S. Lundholm	Sweden
224724	T. Bingöl	Turkey
195540	A. Abbas	Iraq
204501	D. Leadbitter	England
221141	A. Bakayoko	Sierra Leone
222165	E. Hansson	Norway
228309	Montoro	Spain
204502	M. Ingram	England
213206	B. Stuver	United States
215510	A. Gasilin	Russia
192470	O. Bonnes	Niger
210647	F. Møller	Denmark
226775	J. Chapman	Canada
231383	Y. Aygün	Turkey
232407	U. Hassan Sale	Nigeria
203224	C. Good	Australia
204504	F. Lewis	Netherlands
142808	D. Vega	Argentina
213464	S. Karlsson	Sweden
155352	Kim Seung Yong	Korea Republic
221912	Kang Hyeon Mu	Korea Republic
223960	I. Buckley-Ricketts	England
207833	Leonardo	Brazil
208857	F. Bong	France
209625	L. Verna	Italy
227289	H. Canchimbo	Colombia
232409	S. Obu	Japan
227802	J. Barišić	Croatia
239834	I. Mbombo	DR Congo
211931	F. Aird	Canada
212443	S. Pasa	Italy
213211	K. Sylwestrzak	Poland
239323	D. Eckert	Germany
176347	Jung In Whan	Korea Republic
210652	B. Magaña	United States
201949	K. Ojo	Nigeria
203741	T. Delaine	France
209885	M. Duke	Australia
212445	I. Donkor	Ghana
213982	C. Mancilla	Colombia
228318	H. Chapman	England
193758	B. Pintol	Bosnia Herzegovina
216799	G. Di Chiara	Italy
232671	L. Putaro	Germany
237023	Y. Merdji	France
184543	J. Thiesson	Switzerland
202464	J. Clark	England
221664	W. Cartagena	Peru
223968	V. Vasic	Serbia
233184	K. Tribbett	United States
237024	G. Itter	Germany
172256	Bengoa	Spain
204257	A. Todorovski	FYR Macedonia
148705	E. Mjelde	Norway
166113	D. Buchanan	Northern Ireland
232929	M. Mihara	Japan
210914	F. Rosso	Argentina
216802	J. Kaprof	Argentina
227554	Y. Tanaka	Japan
232162	S. Ugarković	Australia
192738	M. Sans	France
204515	S. Sama	Germany
232419	D. Kılıç	Turkey
237283	G. Reniero	Argentina
238563	D. Wiebe	Germany
190435	Tomeu Nadal	Spain
199908	F. Brown Forbes	Costa Rica
224996	F. Belli	Italy
234212	Y. Bavin	Russia
199141	J. Grønner	Norway
209637	M. Modolo	Italy
225253	H. Artarslan	Turkey
233957	S. Field	England
237541	Pedrosa	Portugal
177893	N. Rutjes	Netherlands
202214	C. Korb	United States
239846	P. Tsintotas	Greece
200423	N. Hengelman	Netherlands
203239	Caio	Brazil
219623	L. Rolón	Argentina
225255	S. Abalo	Ghana
228839	M. Kuzmin	Russia
231655	F. Fendrich	Sweden
202728	D. Bowles	Australia
224488	F. Soyalp	Turkey
230888	A. O'Neill	Australia
231912	Kim Geon Woong	Korea Republic
232680	A. Al Qahtani	Saudi Arabia
213993	F. Forte	Italy
220649	S. Vecchia	Sweden
222697	Han Seok Jong	Korea Republic
225769	G. Dobson	England
173033	M. Fofana	Mali
187113	L. Krogh Gerson	Luxembourg
211690	G. Andonian	Armenia
220650	M. Lorenzen	Uganda
225258	Borja	Spain
237034	J. Hernández	Colombia
240106	E. García	Paraguay
112362	F. Zoko	Ivory Coast
220395	Mula	Spain
232171	M. Vázquez	Argentina
189163	A. MacDonald	Scotland
191979	Jeong Jun Yeon	Korea Republic
210156	O. Abdulaziz	Saudi Arabia
220908	A. Kawaya	Belgium
226540	F. Ayaz	Sweden
241132	J. Candía	Bolivia
230125	A. Acosta	Mexico
237293	Jhonnattann	Brazil
222959	S. Moreo	Italy
226287	Deco	Spain
227823	G. Di Renzo	Argentina
234223	L. Maciel	Argentina
234735	A. Jovanović	Serbia
238831	J. Fehr	Germany
212976	T. Abe	Japan
213488	D. De Silva	Australia
219632	J. Manconi	Italy
231408	J. Leko	England
192496	P. Downing	England
202225	B. Añor	Venezuela
236273	K. Bartolec	Croatia
205554	L. Zima	Czech Republic
231154	M. Noble	Argentina
202995	Yu Jun Soo	Korea Republic
204787	C. McHugh	Republic of Ireland
213491	A. Jahn	United States
223731	B. Śpiączka	Poland
164339	M. Papadopulos	Czech Republic
230899	A. Lookman	England
240371	A. Jakubech	Slovakia
186611	M. Vigorito	Italy
212468	J. Basulto	Mexico
215540	G. Rólantsson Sørensen	Faroe Islands
221684	B. Sweat	United States
159988	G. Fuengos	Chile
231668	F. García	Colombia
170229	L. Prosser	England
236021	L. Márquez	Argentina
236533	R. Glatzel	Germany
204790	S. Auer	Austria
210422	K. Kamiński	Poland
164854	J. Mullins	England
234742	H. Barnes	England
214007	A. Al Nazera	Saudi Arabia
236535	A. Touba	Belgium
216568	Mario Barco	Spain
221944	P. Michorl	Austria
226808	J. Rivas	Argentina
231672	L. Sierra	Colombia
232952	Y. Kobayashi	Japan
233976	Nelson Freitosa	Brazil
236024	F. N'Goma	France
200697	R. Tafazolli	England
209401	D. Anderson	Netherlands
223993	M. Osei Kwadwo	Ghana
237561	Gilson Costa	Portugal
226810	A. Sandona	Argentina
235514	S. Al Yami	Saudi Arabia
224251	R. Zentner	Germany
224507	A. Schenetti	Italy
233467	D. Vega	Costa Rica
219900	J. Dall'Oglio	Italy
225532	I. Cissé	France
226300	U. Çakır	Turkey
232700	M. Guzmán	Argentina
237564	S. Čupić	Serbia
53756	L. Price	Wales
191996	F. Al Yamani	Saudi Arabia
224253	D. Parker	Germany
228349	M. Vojvoda	Kosovo
163581	T. Craig	England
232445	S. Monaco	Italy
217086	C. Amissi	Burundi
237310	D. Mitchell	England
237566	K. Zachariassen	Norway
205311	L. Erwin	Scotland
237823	H. Abe	Japan
238591	A. Langlitz	Germany
238847	L. Crosta	Italy
239615	Rulo	Spain
212736	B. Kwiecień	Poland
212737	A. Hoole	Australia
159233	E. Guarna	Italy
238593	M. Heyer	Germany
240385	N. Zanellato	Italy
184065	S. Zizzo	United States
191489	E. Strahman	Argentina
157698	M. Korzym	Poland
224770	S. Kashket	England
225282	J. Devecchi	Argentina
238850	B. Meijers	Netherlands
221443	S. Mensiro	Ghana
231171	N. Hazzazi	Saudi Arabia
237315	Jardel	Portugal
211460	G. Méndez	Uruguay
212484	W. Burns	Wales
231428	F. Bandinelli	Italy
239364	P. Köhn	Switzerland
240132	R. Kerrouche	France
184836	P. Buaben	Ghana
208645	J. Moore-Taylor	England
211717	L. Fenton	New Zealand
228613	F. Al Masrahi	Saudi Arabia
233989	Janeiro Mutto	Brazil
236805	C. Setola	Italy
172549	A. Randrup	Denmark
238341	A. Dzabana	France
240133	M. Tchokounté	Cameroon
206598	D. Berntsen	Norway
199431	T. Regan	Australia
210951	E. Flores	Peru
229895	D. Donohue	Wales
230919	A. Iacovitti	Scotland
232455	H. Futami	Japan
240135	Nuno Macedo	Portugal
210952	C. Jones	Wales
226568	I. Hagi	Romania
229128	T. Lorch	South Africa
163848	T. Brzyski	Poland
238344	Pablo Fernández	Spain
138249	Z. Diamond	Scotland
206089	C. McGeehan	Northern Ireland
218889	O. Mannéh	Gambia
221961	A. Torralvo	Colombia
232713	D. Sappa	Argentina
204042	M. Perrotta	Italy
215562	R. Hunt	England
231434	L. Checchin	Italy
236298	E. Atuesta	Colombia
238346	H. Mendyl	Morocco
240138	W. Riveros	Paraguay
210700	M. Abusabaan	Saudi Arabia
220684	Pau Morer	Spain
163852	D. Sołdecki	Poland
236044	S. Prokofyev	Russia
240908	F. Aksoy	Turkey
222477	L. Reed	England
223501	A. Sporle	Argentina
236813	Q. Depehi	France
198414	R. Spiegel	Switzerland
229646	S. Yohou	Ivory Coast
235022	N. Schmidt	Germany
197647	M. Kazankov	Turkmenistan
220943	K. Vassell	England
224271	T. Goiginger	Austria
238863	Marcel	Brazil
229648	J. Van Cleemput	Belgium
234256	C. Tosun	Turkey
236304	Josema	Spain
202769	B. Stokke	Norway
169489	J. Byrom	England
239121	H. Al Ghaddioui	Morocco
180753	M. Bridge	Australia
199442	M. Grgic	Austria
215570	G. Rea	Republic of Ireland
158994	M. Padalino	Switzerland
213011	T. Badila	France
234515	J. Lefort	France
237587	I. Rako	Swaziland
238867	Theo Ryuki	Japan
241171	A. Obispo	Netherlands
193555	M. Miśkiewicz	Poland
160020	E. Redoga	Chile
225812	B. Rovira	Colombia
236308	R. Marchizza	Italy
240660	M. Léris	France
185108	R. te Loeke	Netherlands
203541	D. Devine	Northern Ireland
222229	Yang Hyung Mo	Korea Republic
223509	L. Mocio	France
233493	J. Sánchez	Mexico
187157	M. Godden	England
214550	Y. Asprilla	Colombia
152598	M. Hamoud	Norway
228886	G. Panico	Italy
239638	M. González	Uruguay
200471	D. Chima Chukwu	Nigeria
203287	E. Harrison	Wales
211991	M. Vitzthum	Germany
213271	A. Coly	Senegal
240663	M. Merentiel	Uruguay
191255	S. Al Beshi	Saudi Arabia
228632	M. Ajani	Germany
234008	Roneiro Chissano	Brazil
237080	S. Evangelou	Greece
237848	E. Zaldívar	Mexico
238616	Pedro Neto	Portugal
213017	B. Davies	England
229401	N. Mason	England
202778	E. Özbir	Turkey
205594	Dener	Brazil
225050	A. Ba	Mauritania
160026	A. Santerilone	Chile
225562	Merquelanz	Spain
240922	Escriche	Spain
177690	M. Vendelbo	Denmark
199963	M. Tandjigora	Gabon
209435	M. Rogalski	Poland
212251	H. Hansen	Germany
230171	Carlos Travisso	Brazil
232987	R. Arai	Japan
237595	M. Friedl	Austria
230684	J. Marimón	Colombia
177692	M. Jones	England
229661	F. Alvarenga	Argentina
231197	M. Hilßner	Germany
235037	E. Sowah	Ghana
185117	G. Baran	Poland
197918	M. Haber	Canada
224798	R. Gall	United States
235038	J. Vancamp	Belgium
238110	J. Sebban	France
240414	Diogo Sousa	Portugal
205599	M. Lebedyński	Poland
207903	P. Mráz	Slovakia
221983	M. Sánchez	Argentina
189727	A. Linganzi	DR Congo
209696	C. David	Netherlands
221216	D. Kutin	Russia
228896	S. Callamand	France
198689	K. Marsh-Brown	England
227617	L. Jallow	Gambia
239905	R. Milosavljević	Serbia
229666	U. Korun	Slovenia
238114	C. Vargas	Mexico
238370	M. Pongračić	Croatia
238882	Dani Ojeda	Spain
239650	F. Tiscione	Italy
187938	S. Oliveira	France
189730	F. Di Tacchio	Italy
203811	D. Skhirtladze	Georgia
11811	P. Green	Republic of Ireland
221987	P. Cappelluzzo	Italy
232739	K. Ueda	Japan
240931	I. İşçi	Turkey
206628	A. Calello	Argentina
233508	B. Miranda	Bolivia
172068	L. Dodds	England
192548	D. Duka	United States
213797	J. Bunney	England
220197	K. Bryan	England
240421	Rubén López	Spain
200742	B. Heneghan	England
203558	R. Pietrzak	Poland
225062	F. Al Kharaa	Saudi Arabia
230438	Josi Mouraldo	Brazil
232742	H. Komoto	Japan
237350	K. Larson	Sweden
223271	S. Kurt	Germany
224039	I. Al Maghrabi	Saudi Arabia
231720	Q. Braat	France
232488	C. Romero	Argentina
171816	M. Raynes	England
186152	J. Dunne	England
189224	Júnior Negão	Brazil
202793	A. Berardi	Italy
210217	C. Chapman	Australia
234538	Q. Martin	France
196907	D. Russo	Italy
206635	N. DeLeon	United States
236587	M. Farfan	United States
238379	N. Nartey	Denmark
204844	I. Tandia	Mali
208684	C. Dobnik	Austria
230444	Edardynho Neto	Brazil
204333	N. Dams	Germany
209965	O. Ademi	Switzerland
179757	Z. Bakayogo	Ivory Coast
203310	C. Harold	Australia
222510	I. Pomazun	Russia
224302	M. Wieteska	Poland
238126	Guridi	Spain
240942	Fabio González	Spain
183342	B. Schwarz	Germany
192046	L. Olascoaga	Mexico
225071	B. Whiteman	England
234799	Y. Demoncy	France
232240	R. Martínez	Argentina
239920	Bruno Silva	Brazil
237361	I. Sirelius	Sweden
239409	K. Shafiei	Iran
240689	J. Sandoval	Uruguay
232754	T. Amang	Cameroon
240690	N. González	Argentina
198195	P. Slišković	Croatia
221235	A. Mosquera	Colombia
222259	A. Bagaev	Russia
172851	K. van der Biezen	Netherlands
212532	Lee Sang Hyeob	Korea Republic
152116	J. Aigner	Austria
235317	J. Mosquera	Colombia
189237	E. Schreiner	Austria
206134	D. Cole	England
209462	R. Bingham	England
199479	B. Uaferro	Germany
225079	F. Al Aiyaf	Saudi Arabia
229175	N. Kijewski	Germany
238391	G. Kalulu	France
134968	R. Haemhouts	Belgium
208696	M. Topčagić	Austria
171320	G. Miller	Scotland
208953	M. Al Qarni	Saudi Arabia
214585	L. Martínez	Colombia
18745	M. Tyler	England
219449	M. Pepić	Montenegro
188985	L. Kalludra	Sweden
233018	Kim Dae Won	Korea Republic
236859	H. Mancilla	Colombia
240699	N. De la Cruz	Uruguay
221244	J. Ramos	Colombia
224828	L. Souchaud	France
225084	N. Dekoké	France
226108	F. Romagna	Italy
184124	E. Chávez	Mexico
192316	G. Kongshavn	Norway
200253	J. Lindberg	Sweden
201277	M. Nielsen	Denmark
237629	A. Maier	Germany
211006	M. Al Amri	Saudi Arabia
223550	J. Omlin	Switzerland
231486	A. Jafar	Saudi Arabia
220479	P. Olsen	Denmark
224319	D. Altobelli	Italy
227903	M. Romero	Argentina
163135	M. Tørnes	Denmark
234047	O. George	Nigeria
203328	S. Hoskins	England
233280	Lee Min Gi	Korea Republic
19521	J. Ibehre	England
221249	J. Muñoz	Colombia
223041	E. Ersu	Turkey
236353	W. Tchuameni	Cameroon
240193	E. Rexhbecaj	Germany
193345	M. Aratore	Switzerland
208194	Kim Kyung Jung	Korea Republic
216386	M. Vucinovic	Germany
238658	M. Hohnstedt	Germany
239938	K. Savichev	Russia
233283	Jo Ju Young	Korea Republic
169539	M. Hughes	England
239939	N. Kalinskiy	Russia
214084	A. Arboleda	Colombia
224324	O. Zawada	Poland
235588	D. Arshakyan	Armenia
209222	A. Al Yami	Saudi Arabia
216646	N. Gandi	France
227398	E. Caicedo	Colombia
229702	J. Mees	Germany
237382	F. Melegoni	Italy
239174	M. Owusu	Germany
208455	Choi Sung Keun	Korea Republic
231495	A. Hernández	Uruguay
239943	C. González	Mexico
202312	C. Bolger	Republic of Ireland
215368	R. Ranftl	Austria
172872	M. Yıldırım	Turkey
216137	F. Angiulli	Italy
226633	C. Gravius	Sweden
233033	M. Minetti	Argentina
216394	G. Burón	Mexico
158282	C. Lustenberger	Switzerland
229194	A. Georgen	France
191050	F. Affolter	Switzerland
199499	P. Mingoia	England
203851	D. Drescher	Austria
219467	B. Halliday	England
238667	A. Odabas	Germany
238923	R. Scheu	Germany
239691	F. Eisele	Germany
196940	C. Butcher	England
205388	O. Akichi	Ivory Coast
216396	R. González	Mexico
228684	R. Nyambe	Namibia
189004	S. Kiełpin	Poland
195148	M. Vatsadze	Georgia
234317	V. Thill	Luxembourg
235597	M. Al Anazi	Saudi Arabia
239949	João Queirós	Portugal
193613	J. Hanson	England
222286	G. Lloris	France
232526	E. Cobbaut	Belgium
235855	J. Asoro	Sweden
228432	A. Bin Khayrallah	Saudi Arabia
166736	M. Andersen	Norway
172112	M. Aguirre	Argentina
213841	V. Lekhal	France
234833	F. Müller	Germany
238929	M. Wagner	Germany
205650	G. Ugwu	England
237650	J. Pretel	Colombia
53842	M. Tonge	England
226131	M. Peeters	Netherlands
227155	J. Campo	Colombia
228691	H. Mahmoud	Saudi Arabia
229971	F. Centonze	France
177747	S. Rigg	England
207956	P. Ruddock Mpanzu	England
223572	A. Batisse	France
219733	L. Ajorque	France
236885	B. Vazquez	United States
210262	M. Piter-Bučko	Slovakia
227926	T. Worra	United States
163158	C. Dickinson	England
235607	A. Rocha	United States
239447	Kiko	Portugal
210264	T. Vollnhofer	Austria
237144	B. Fernández	Colombia
238680	S. Binakaj	Albania
202841	J. Carroll	Republic of Ireland
233049	J. Sancho	England
206170	J. Turnbull	England
221274	Y. Mbombo	Belgium
226650	Kim Won Gun	Korea Republic
233306	D. Henderson	England
198491	J. Eiswohld	Sweden
204635	S. Jombati	Portugal
228699	D. Wouters	Belgium
235355	D. Duarte	Netherlands
160092	P. Candelias	Chile
226140	D. Chávez	Mexico
235868	Amorrortu	Spain
239964	E. Shomurodov	Uzbekistan
240988	D. Vavro	Slovakia
182365	J. Jones	England
155742	S. Petersen	Denmark
234846	S. Müller	Germany
194654	A. Nigmatullin	Russia
207455	M. Schlingermann	Republic of Ireland
213855	M. Flis	Poland
160095	A. Adencibia	Chile
231263	J. Gélin	France
207712	N. Bertrams	Netherlands
221024	A. Sørensen	Denmark
226656	E. Gertmonas	Lithuania
239200	T. Halilović	Croatia
182112	V. Lia	Australia
231265	N. Soysal	France
231521	E. Palacios	Argentina
238689	T. Siedschlag	Germany
177761	P. Edwards	England
189281	C. Clements	England
189282	A. Leitch-Smith	England
207459	O. Sveen	Norway
230499	Maicon Sampinho	Brazil
122723	M. Nicu	Romania
191331	T. Yokoyama	Japan
207460	M. Ovenstad	Norway
194148	M. O'Brien	Republic of Ireland
213093	J. Clisby	Australia
223845	D. González	Argentina
239461	J. Castillo	Mexico
239717	O. Danchenko	Ukraine
240997	Kike	Spain
210790	S. Al Zubaidi	Saudi Arabia
184678	Filipe Mendes	Portugal
199271	T. Košút	Slovakia
205159	C. Raglan	England
207463	L. James	England
233575	J. Saksela	Finland
240999	P. Safranko	Slovakia
205416	Y. Nesterenko	Russia
218216	F. Ben Mustapha	Tunisia
224361	A. Cannon	England
191081	O. Akharraz	Denmark
204139	F. Baumgärtel	Germany
213355	O. Garcia	Colombia
215403	J. Yorwerth	Wales
225387	L. Page	England
236395	G. Armeno	Italy
241003	A. Moein	Qatar
211565	Higinio	Spain
225389	M. Pinto	Argentina
238701	J. Koch	Germany
239981	J. Arp	Germany
192365	S. Bidaoui	Morocco
232558	I. Anthony	Nigeria
199535	M. Novak	Austria
203375	J. Sokolik	Czech Republic
237679	R. Kolo-Muani	France
179055	A. Marciniak	Poland
224624	Fu Huan	China PR
230768	L. Clemenza	Italy
205937	N. Varela	Uruguay
187761	E. Doyle	Republic of Ireland
231538	B. Blasi	Argentina
204915	K. Guthrie	England
211827	P. Klewin	Germany
233587	Jaume Valens	Spain
215412	C. Elder	Australia
234100	G. Escobar	Argentina
237428	S. Nakahara	Japan
238964	J. Welzmüller	Germany
216181	P. Tschernegg	Austria
216182	M. Leitgeb	Austria
230774	J. Clarke-Salter	England
239990	T. Broadbent	England
241014	N. Garmendia	Spain
176246	M. Bottani	Switzerland
233079	C. Rivera	Colombia
234615	R. Rabei	France
169591	D. Gray	Scotland
181879	S. Hird	England
200312	T. Barnett	England
204152	J. Jønsson	Denmark
201337	T. Agdestein	Norway
227705	A. Empereur	Brazil
236409	S. Almirón	Argentina
188025	W. Jidayi	Italy
200826	M. Quiroga	Argentina
204154	J. Schwadorf	Germany
211322	J. Untersee	Switzerland
233083	H. Demir	Turkey
174203	S. Smeltz	New Zealand
209276	F. Al Subaiei	Saudi Arabia
233084	N. Molina Lucero	Argentina
236668	G. Rojas	Argentina
209277	N. Pond	England
225149	J. Butez	France
237181	Y. Severin	France
239485	J. Pius	Nigeria
222078	B. Jamieson IV	United States
230270	Fabiem Jardim	Brazil
232574	T. Masushima	Japan
220031	O. McBurnie	Scotland
224127	D. Sysuev	Russia
236415	R. Alfani	Argentina
206208	F. Brügmann	Germany
213120	C. Wilkinson	Republic of Ireland
155264	V. Demidov	Norway
232064	M. Tumminello	Italy
232832	L. Gómez	Argentina
180352	R. Finn	Republic of Ireland
213377	H. Al Hazaa	Saudi Arabia
224129	T. Moore	England
232577	R. Yamanaka	Japan
233089	G. Del Castillo	Argentina
240257	C. Traoré	France
183681	R. Weir	Northern Ireland
214658	J. Karlström	Sweden
221570	J. Lloreda	Colombia
170114	B. Graham	Scotland
237698	C. Gribbin	England
191874	Lee Ji Nam	Korea Republic
234371	R. Descamps	France
237699	Z. Dearnley	England
204164	A. Ludwig	Denmark
214660	L. Rodríguez	Argentina
232068	N. Balogh	Hungary
169604	T. Lee	England
235652	U. Yuvakuran	Turkey
241028	J. Aylagas	Argentina
201094	B. Garratt	England
209798	M. Mimoun	France
187782	S. Conneely	Republic of Ireland
190598	A. Groven	Norway
221831	Shin Chang Moo	Korea Republic
237959	J. Delem	France
240007	M. Trianni	Germany
226440	P. Doody	United States
201353	J. Kempin	United States
203145	G. Taft	England
236937	A. Melgalvis	Norway
204426	J. Melling	Australia
212106	D. Connolly	Republic of Ireland
184714	M. Green	England
231307	M. Poaty	France
232843	D. Prokop	Austria
236171	Felipe Soldivia	Brazil
238475	O. Verdon	Benin
213900	R. Seager	England
237452	S. Yajima	Japan
238476	D. Zagadou	France
193932	R. Lambe	Bermuda
209805	D. Vaca	Bolivia
210317	B. Lenihan	Republic of Ireland
213901	A. Madu	Saudi Arabia
215437	D. Fisher	England
215693	T. Mikkelsen	Denmark
231821	Z. Al Sahafi	Saudi Arabia
234637	Y. Teijsse	Netherlands
197774	C. McAleny	England
160142	M. Rentador	Chile
227982	Jang Yun Ho	Korea Republic
208527	A. Sala	Italy
211087	K. Nowak	Poland
220815	J. Narváez	Colombia
226447	S. Echeverría	Argentina
239247	Dani Morer	Spain
135056	J. McAlister	Scotland
231056	S. Marinovic	New Zealand
237456	L. Agbenyenu	Ghana
192912	G. Merebashvili	Georgia
221329	A. Smith-Brown	England
230033	D. Lewis	England
240529	Rayco	Spain
186769	S. Palla	Philippines
230802	H. Al Amiri	Saudi Arabia
237203	C. Paredes	Paraguay
238227	K. Diatta	Senegal
184467	N. Delfouneso	England
189331	G. Taylor	England
198036	Y. Kakoko	Congo
204180	S. Suljevic	Sweden
212628	M. Sarr	Germany
215700	L. O'Nien	England
219796	Einar Galilea	Spain
234388	M. Wachs	Germany
187796	K. Dennis	England
135061	C. Millar	Scotland
225685	E. Koffi	France
227989	E. Ayuk	Cameroon
205206	O. Taşdelen	Turkey
225430	P. Zebli	Ivory Coast
201879	A. Rogie	France
214679	H. Gjesdal	Norway
144024	D. Zibung	Switzerland
222104	T. Adarabioyo	England
229784	P. Dolgov	Russia
231320	José Amo	Spain
233880	G. Fechner	Germany
238744	W. McKennie	United States
224665	K. Wojtkowski	Poland
235673	D. Maresic	Austria
235929	C. D'Urso	Italy
236697	J. Romil	France
238489	T. Boss	Germany
241049	Gorosabel	Spain
214682	J. Wright	Wales
152731	A. Eriksson	Sweden
234651	D. Stec	Austria
235931	M. Şengezer	Turkey
199836	A. Öztürk	Germany
237212	Sarriegi	Spain
228509	J. Reine-Adelaïde	France
241053	Barbosa	Brazil
189085	M. Małkowski	Poland
150430	G. Müller	Germany
225694	T. Thomas	England
163998	T. Tzimopoulos	New Zealand
219551	C. Shaughnessy	Republic of Ireland
205728	I. Shekiladze	Georgia
152480	M. Moström	Sweden
179616	L. John-Lewis	England
182688	C. Whelpdale	England
211873	J. Büscher	Germany
155041	C. Mackail-Smith	Scotland
223137	F. Bonazzoli	Italy
228513	M. Boben	Slovenia
234913	C. Fassnacht	Switzerland
237217	N. Hansen	Denmark
211362	A. Dźwigała	Poland
224930	A. Sabbione	Italy
227746	A. Jakobsen	Egypt
228770	J. Segura	Colombia
231842	K. Sanson	France
240546	S. Sakala	Zambia
191650	S. Abe	Japan
202659	M. Söderqvist	Sweden
211875	T. Grupe	Germany
216483	T. Fosu	England
152483	G. Zakuani	DR Congo
225955	M. Kvasina	Austria
162211	M. Mikkelsen	Denmark
230819	O. Shodipo	Republic of Ireland
210852	P. Deligiannidis	Greece
216484	C. Tanner	England
237732	O. Velanas	Netherlands
211621	K. Jałocha	Poland
159909	A. Engaña	Chile
229797	H. Elhouni	Libya
208294	Francisco Júnior	Guinea Bissau
209318	B. de Jong	Netherlands
210854	F. Fallatah	Saudi Arabia
216486	A. Vajushi	Albania
218534	S. Adamyan	Armenia
229542	A. Desmas	France
221351	D. Poggenberg	Germany
231335	J. Flores	Bolivia
182695	A. Potter	England
193191	K. Berkhamov	Russia
196007	D. Savage	Gambia
216744	C. Burgess	Australia
224424	R. Neudecker	Germany
226216	Bruno Ramires	Brazil
232360	G. Perrin	France
205481	M. Bennett	England
213417	S. Coulthirst	England
232105	R. Peiponen	Finland
234921	G. Nutz	Austria
210858	S. Pecorini	Italy
234154	C. Martinez	Panama
221355	N. Thomas	England
232107	E. Oelschlägel	Germany
234667	Nadjack	Guinea Bissau
241067	A. Romero	Venezuela
186539	B. Kukeli	Albania
225708	R. Castro	Bolivia
207533	A. Kaluđerović	Serbia
169389	A. Sheehan	Republic of Ireland
212910	A. Gnanduillet	Ivory Coast
208559	K. Thomas	England
211887	L. Odak	Croatia
205232	D. McGeouch	Scotland
160176	R. Moraganoz	Chile
209073	R. Quijada	Venezuela
218033	J. Oosterwijk	Netherlands
239025	I. Niane	Senegal
210610	I. Zuev	Russia
212914	Kim Gyeong Min	Korea Republic
205747	M. Sourzac	France
169907	S. Miller	England
236467	F. Götze	Germany
218292	D. Djigla	Benin
225204	Raúl Guti	Spain
227764	J. Jones	England
229300	S. Barry	United States
200629	A. Santurro	Italy
214197	J. Guillermo	Colombia
221365	T. Karagounis	Greece
223925	A. Brunst	Germany
240053	R. Aabid	France
237238	S. McTominay	Scotland
193206	O. Lee	England
210615	Lee Woo Hyeok	Korea Republic
227767	J. Solberg	Norway
237495	A. Ferrante	Italy
221624	J. Martínez	Colombia
228536	E. Umeres	Argentina
204217	C. Wyke	England
221369	K. Al Kaabi	Saudi Arabia
229561	J. Fleita	Argentina
230329	Alminho Boas	Brazil
168633	D. Grainger	England
240057	C. Mandouki	France
220090	Raphael Rossi	Brazil
220346	Pedro	Spain
160186	V. Ermazabales	Chile
231098	C. Traoré	Mali
204987	B. Blume	Denmark
216763	Dráusio	Brazil
216508	F. Kath	Germany
208573	M. Dyngeland	Norway
223933	G. Nilsson	Sweden
236477	A. Claude-Maurice	France
214462	I. Arboleda	Colombia
232382	T. Takagi	Japan
169150	J. Akpa Akpro	France
237246	Y. Quiñones	Colombia
239038	R. Basque	France
241086	Ruan Renato	Brazil
211903	B. Kololli	Kosovo
232127	A. Keita	Ivory Coast
239807	D. Frattesi	Italy
240575	Prendes	Spain
230336	Danisco Fachini	Brazil
165568	M. Fellah	Norway
166848	N. Danns	Guyana
235456	J. Bellegarde	France
203457	M. Fetsch	Germany
208577	F. Torsteinbø	Norway
211393	R. Melgrati	Italy
233409	R. Gumny	Poland
237761	M. Kakuda	Japan
191937	Kang Ji Yong	Korea Republic
221378	C. Ramírez	Colombia
223938	K. Hazard	Belgium
227522	M. Fornari	Argentina
234178	L. Abram	Peru
235970	Mario González	Spain
208835	Y. M'Changama	Comoros
239043	U. Bozok	France
202180	L. McAlinden	Republic of Ireland
231108	S. Hefti	Switzerland
232644	F. Colela	Argentina
239556	K. John	Nigeria
184772	M. Centeno	Mexico
191684	Jung San	Korea Republic
211141	N. Al Subhi	Saudi Arabia
101317	M. Ratajczak	Germany
232901	M. Ali	England
235973	S. Szymański	Poland
211398	M. Caillard	France
233158	Y. Misao	Japan
241094	R. Rivas	Honduras
209607	G. Fabiano	Italy
213959	E. Andersson	Sweden
225735	D. Baumann	Germany
229319	J. Cádiz	Venezuela
176839	E. Nouri	Azerbaijan
189895	Vallès	Spain
227528	B. Romero	Argentina
239048	H. Akbunar	Turkey
150729	R. Lowe	England
224969	L. Ndao	Senegal
212170	M. Desler	Denmark
238282	M. Coulibaly	Senegal
199627	H. Pell	England
207563	P. Diouf	Senegal
216779	F. Ruberto	Switzerland
158667	T. Bröker	Germany
183499	Y. Amankwah	Norway
193739	I. Pękalski	Sweden
233164	A. Muric	Switzerland
186572	W. Atkinson	England
233165	M. Beerman	Malta
235981	P. Burner	France
191437	A. Al Mazaidi	Saudi Arabia
198606	T. Andreassen	Norway
225486	L. Béland-Goyette	Canada
226510	D. Grétarsson	Iceland
171982	C. Andrew	England
225999	F. Lesniak	Slovakia
210640	S. Henriksen	Denmark
216272	D. Williams	England
236752	D. Bamba	Ivory Coast
229073	J. Dacres-Cogley	England
181457	C. Robertson	Scotland
219346	A. Barbaro	Argentina
228818	V. Kováč	Slovakia
236242	D. Wayar	Bolivia
237522	Jorge Cuenca	Spain
240082	M. Lysov	Russia
177618	J. Wright	England
212435	Yeon Jei Min	Korea Republic
222419	J. Marchioni	Argentina
160211	G. Lanfuente	Chile
232659	L. Opdam	Netherlands
237779	T. Yamashita	Japan
177363	C. Alcock	England
199636	M. Guezoui	France
223956	R. Cota	Mexico
232916	K. Ogawa	Japan
234196	J. Bruijn	Netherlands
199893	M. Stamnestrø	Norway
213717	P. Forsell	Finland
153045	O. Lie	Norway
221397	Dani Molina	Spain
229845	J. Sabbatini	Italy
238805	F. Hansch	Germany
187605	I. Gorbatenko	Russia
189909	S. Slocombe	England
212438	Kim Dae Gyeong	Korea Republic
228310	T. Deng	Australia
234198	D. Dankerlui	Netherlands
234710	D. Lamkel Ze	Cameroon
240598	Sergio Sánchez	Spain
195286	J. Edmundsson	Faroe Islands
200663	O. Tounkara	France
204248	C. Gameiro	Australia
230872	M. Svilar	Belgium
235224	Álex Zalaya	Spain
120280	S. Rasmussen	Denmark
228057	L. Vega	Argentina
217050	R. Miller	Panama
221658	A. Sharahili	Saudi Arabia
234458	C. Quintana	Argentina
189658	A. Basta	Poland
200411	L. Williams	England
206555	C. Pym	England
229083	C. Jakobsen	Denmark
229851	A. Al Bulayhi	Saudi Arabia
164571	C. Rolfe	United States
237275	W. Hume	United States
240347	A. Gnahoua	England
226268	F. Dimarco	Italy
231388	L. Algozino	Argentina
237788	K. Mukuhara	Japan
181468	D. Bouzanis	Australia
209629	K. Nsor	Ghana
226781	K. Shelton	United States
235485	Thierry Graça	Cape Verde
211166	J. Whatmough	England
220894	G. Thomas	Wales
238558	T. Warschewski	Germany
186590	J. O'Toole	Republic of Ireland
152031	T. Kortegaard	Denmark
232415	S. Kobayashi	Japan
235999	L. García	Colombia
240351	S. Moutoussamy	France
192479	B. Reeves	Northern Ireland
216288	S. Mrowca	Poland
220640	Abeledo	Spain
101344	O. Fredrikson	Finland
189408	L. Rath	Austria
216801	M. Bloom	United States
217825	G. Fraser	Scotland
220129	N. Ghandri	Tunisia
220897	D. Clut	Australia
240097	F. Downes	England
186849	J. O'Brien	Scotland
212450	Park Yong Ji	Korea Republic
236258	N. Loyola	Peru
202467	J. McBean	United States
222691	Seo Bo Min	Korea Republic
236260	A. Santamaria	Peru
183780	O. Lancashire	England
228325	O. Berg	Norway
166117	C. Neal	England
239589	W. Kanga	Ivory Coast
239845	K. Galanopoulos	Greece
199398	A. Wittwer	Switzerland
199654	B. Janeczek	Austria
221926	M. Araz	Switzerland
206567	A. Campbell	England
210407	J. King	England
222183	Eddy Francis	China PR
239336	D. Carvajal	Costa Rica
240872	M. Dube	South Africa
240361	I. De Santis	Italy
190441	V. Bindia	Senegal
210922	B. Al Seliteen	Saudi Arabia
213482	N. Kacharava	Georgia
222698	Park Dae Han	Korea Republic
227050	T. Erlandsson	Sweden
229098	T. Kaçar	Turkey
229354	A. Ferati	Germany
229610	R. Becker	Germany
234474	J. Mensah	Ghana
201963	E. White	United States
220139	S. Szmodics	England
221675	C. Mosquera	Colombia
159979	F. Baeda	Chile
241131	L. Justiniano	Bolivia
199916	T. Eastman	England
220140	F. Kent	England
221932	M. Oesterhelweg	Germany
236780	A. Türkaslan	Turkey
237804	J. Tabidze	Georgia
239852	D. Barreto	Paraguay
221165	Calderón	Spain
221677	G. Martinez	Colombia
231661	M. Tombakti	Saudi Arabia
241133	J. Colina	Venezuela
180717	L. Reddy	Australia
221167	C. Dummigan	Northern Ireland
231407	S. Donnellan	Republic of Ireland
232175	D. Kozica	Sweden
167919	M. Done	Wales
237295	E. Latte Lath	Ivory Coast
224496	G. Gutiérrez	Colombia
237040	D. Nikolaou	Greece
191728	H. Storbæk	Norway
203249	J. Valencia	Ecuador
227825	Jang Dae Hee	Korea Republic
198642	D. Ulvestad	Norway
202482	A. Rodman	England
216050	A. Gagliardi	Argentina
225010	G. Kyeremeh	Belgium
190962	T. Aldred	Scotland
198899	João Pereira	Portugal
216052	F. Coniglio	Argentina
229364	Arellano	Spain
232436	M. Sanoh	Netherlands
234484	L. Fosgaard	Denmark
208885	A. N'Diaye	France
212725	D. Smith	United States
219637	Cantero	Spain
220149	T. Field	England
177397	N. Malić	Austria
193013	J. Shea	England
236790	R. Touzet	France
239862	H. Sanhaji	Qatar
220407	M. Dúbravka	Slovakia
226295	B. Boutobba	France
229879	D. Romney	United States
231927	V. Zubarev	Russia
232951	H. Nakagawa	Japan
179703	M. Harrington	United States
206072	B. Miele	Republic of Ireland
225016	G. Di Noia	Italy
236280	A. López	Mexico
214777	L. Díaz	Argentina
226041	C. Coimbra	Bolivia
183545	C. Herd	Australia
221178	L. Enoh	Cameroon
230906	K. Osorio	Colombia
240122	Matheus	Brazil
197883	P. Cowan-Hall	England
201467	B. Gartland	Republic of Ireland
211707	P. McGinn	Scotland
229883	O. Duarte	Colombia
236283	M. Borgnino	Argentina
192251	A. Barton	Republic of Ireland
203004	Yang Han Been	Korea Republic
212988	A. Deja	Poland
148732	A. Gabrielsen	Norway
232444	N. Falasco	Italy
199165	Yang Jun A	Korea Republic
205053	R. McCabe	Scotland
142333	M. McNulty	Republic of Ireland
212989	S. Luštica	Australia
158973	L. Corti	Argentina
230141	Muguruza	Spain
234749	Song Ju Hun	Korea Republic
198142	O. Ayık	Turkey
235518	Bolaños	Spain
222463	O. Khan	England
231424	A. Arslan	Germany
232448	K. Seki	Japan
233728	M. Doucouré	France
203778	A. Horwath	United States
210690	P. Heigre	Norway
212994	R. Healey	Wales
228610	O. Muzayil	Saudi Arabia
235010	João Pinho	Portugal
204291	A. Nabi	England
238083	Lim Min Hyeok	Korea Republic
232452	K. Hachisuka	Japan
235780	A. Sosa	Argentina
200965	S. Altama	Chad
215301	L. Jones	England
237317	R. Macek	Czech Republic
157190	J. Russell	Republic of Ireland
224518	T. Ciğerci	Turkey
229126	J. Clarke	England
212488	Quique Cebriá	Spain
222472	D. Granli	Norway
223752	M. Torres	Colombia
228616	D. Bertaud	France
233736	J. Ramírez	Colombia
239624	B. Rubio	Mexico
177160	P. Diouf	Senegal
201993	A. Tveter	Norway
229897	H. Ascroft	Australia
238089	Lee You Hyeon	Korea Republic
240905	C. Aydin	Turkey
236554	J. Möbius	Germany
209675	J. Donacien	St Lucia
223755	M. Ritter	Germany
224779	Hendrio	Brazil
240651	Duarte Valente	Portugal
240652	F. Brignani	Italy
199181	Y. Tokunaga	Japan
224525	J. Sellars	England
237581	D. Orgill	Jamaica
211214	F. Olinga	Cameroon
228366	M. Gillesphey	England
232974	H. Hatao	Japan
234510	R. Adicéam	France
238094	L. Gutiérrez	Bolivia
186126	R. Flynn	Scotland
225551	E. Sorokin	Russia
233487	R. McGree	Australia
202768	E. Johnson	England
228368	J. Sterry	England
200465	J. Spencer	England
228625	A. Kano	Saudi Arabia
232977	R. Shinzato	Japan
241169	Borja Estepa	Spain
160018	R. Costería	Chile
232978	M. Matsuhashi	Japan
208915	A. Abbas	Saudi Arabia
227603	P. Kpozo	Ghana
229907	J. Lelieveld	Netherlands
232467	H. Mita	Japan
238611	H. Bilal	Turkey
148756	D. Dudka	Poland
223508	M. Paye	France
210709	J. Al Dawsari	Saudi Arabia
237333	L. Verstraete	Belgium
213526	Z. Labidi	France
219670	G. Piovi	Argentina
222486	F. Franke	Germany
232982	Y. Hashizume	Japan
240406	A. Robledo	Argentina
214039	N. Lemus	Colombia
220695	R. Quiñones	Colombia
232471	N. Sugai	Japan
234775	S. Anchoverri	Argentina
235799	A. Sissako	France
238615	R. Hill	England
239127	A. Mayorga	Mexico
239639	J. Sánchez	Argentina
123159	A. Łukasiewicz	Poland
213528	J. Blåbjerg	Denmark
162072	B. Fuller	England
180760	F. Al Shammari	Saudi Arabia
234521	S. Skytte	Denmark
203034	J. Day	England
237339	R. Koike	Japan
239131	C. Ngu'Ewodo	Germany
227612	Kim Sung Ju	Korea Republic
236572	O. Wijndal	Netherlands
237340	Carlinhos	Brazil
190492	J. Labadie	England
234525	A. Carleton	United States
235293	P. Asmah	Ghana
238877	Bastos	Spain
210206	A. Majrashi	Saudi Arabia
229406	João Novais	Portugal
231966	K. Kallaste	Estonia
237342	S. Vuk	Slovenia
223007	M. Coppolaro	Italy
224799	Queijeiro	Spain
208928	K. Al Zealaiy	Saudi Arabia
213280	C. Pain	Australia
213536	M. Crépeau	Canada
223264	S. Hendrie	Scotland
229664	F. Valenčič	Slovenia
236832	M. Mehlem	Germany
239136	N. Cozza	France
232993	A. Kawamoto	Japan
235554	I. Sacko	France
236578	Jesús González	Spain
209443	K. van der Weg	Netherlands
213795	Kiki	Portugal
160035	D. Sirella	Chile
225827	F. Garcia	France
237091	Kim Hyeon Wook	Korea Republic
238627	M. Dembélé	France
240675	N. Ngcobo	South Africa
200484	R. Connolly	Republic of Ireland
220964	M. Konradsen	Norway
232740	Y. Ota	Japan
234788	Eliseo Falcón	Spain
200485	J. McGlashan	England
218661	J. Flannigan	England
160293	T. Soares	England
227877	R. Pereira de Sa	France
236837	N. Schiappacasse	Uruguay
223014	M. Hebo Rasmussen	Denmark
228646	N. Delgadillo	Argentina
229670	D. Faupala	France
177959	G. Perrulli	Italy
211240	J. Lopez	France
232744	K. Yamakoshi	Japan
203817	F. Neuhold	Austria
213801	Rúben Oliveira	Portugal
214057	J. Suescún	Colombia
238633	P. Breitkreuz	Germany
239913	Valdo Alhinho	Angola
204842	Y. Brecher	Switzerland
225834	J. Poscoliero	Australia
198444	D. Yao	United States
183596	E. Domaschke	Germany
211245	M. Cebula	Poland
219949	N. Pantaleone	Argentina
238125	L. Álvarez	Argentina
203054	H. Hollis	England
212782	H. Boateng	England
213294	N. Albarracín	Uruguay
234542	A. Druzin	Russia
237102	Lee Sang Ki	Korea Republic
215855	B. Purrington	England
239663	Gerardo Jiménez	Spain
189231	P. Hellquist	Sweden
202544	C. Reppesgård	Norway
224304	L. Moneta	Poland
203569	J. Chianese	Australia
16177	N. Hunt	Republic of Ireland
229169	M. Diallo	France
237105	O. Cabezas	Colombia
189233	T. Vaiho	Sweden
199218	B. Hamill	Australia
222514	F. Woodman	England
236850	F. Ávila	Colombia
240178	D. Cortés	Mexico
201268	K. Hansen	Norway
210484	A. Kuen	Austria
139317	J. Stead	England
224565	J. Ruddy	Scotland
229173	G. Gül	Germany
177461	M. Falk Olander	Sweden
178485	B. Olejnik	Austria
224822	A. Monsecour	Belgium
237366	G. Tetrashvili	Russia
238902	S. Al Khaibari	Saudi Arabia
239414	F. Deli	Italy
226103	Akieme	Spain
231735	A. Fallatah	Saudi Arabia
211512	L. Hendrie	England
212280	A. Keita	Mali
225336	E. Binaku	Sweden
237368	B. Passi	France
238392	E. Owusu	France
196921	L. Sowah	Germany
216633	O. Kristinsson	Iceland
224313	M. Thrane	Denmark
225081	M. Sharahili	Saudi Arabia
166713	B. Murphy	Republic of Ireland
237625	M. Maloca	Croatia
238137	R. Matsuda	Japan
228410	D. Iversen	Denmark
231226	D. Caddy	France
232762	F. Lončarić	Croatia
240442	I. Faraj	France
221499	D. Gardner	England
240443	V. Pollet	France
240188	D. Opazo	Argentina
223805	A. Whitmore	England
207678	S. Odelusi	England
210238	L. Vocaj	Germany
221246	D. Gómez	Colombia
230462	Thio Rolim	Brazil
204095	R. Jackson	England
213055	Je Jong Hyeon	Korea Republic
239935	V. Fedotov	Ukraine
240959	Steven Prieto	Spain
207936	R. Ragni	Italy
212800	Jwa Joon Hyeop	Korea Republic
225088	A. Shavaev	Russia
180800	L. Kubáň	Czech Republic
232513	Y. Chajima	Japan
234049	B. Niasse	Senegal
238657	M. Heider	Germany
240449	M. Cavallotti	Argentina
177473	D. Loft	England
205378	B. Valette	France
235842	A. Pinamonti	Italy
237890	A. Arellano	Mexico
208963	J. Sinnott	England
211779	Bae Cheon Seok	Korea Republic
228675	D. Barinov	Russia
232515	F. Cobos	Argentina
236868	Arribas	Spain
238660	N. Sangaré	Germany
240452	M. Nzola	France
224837	V. Belon	France
231749	Miguelón	Spain
173893	J. Berrett	Republic of Ireland
210502	M. Kuttin	Austria
231750	De la Calzada	Spain
227911	R. Leal	Costa Rica
228935	M. Engelhardt	Germany
236871	E. Şehit	Turkey
239687	C. Mauersberger	Germany
215112	R. Contreras	Argentina
232776	Y. Kobayashi	Japan
237640	N. Bajrami	Switzerland
202825	B. Knott	England
228681	F. Sierralta	Chile
224842	G. Docherty	Scotland
228426	L. Escorcia	Colombia
229450	R. Diarra	France
234826	Toni Martínez	Spain
239690	F. Wagner	Germany
213835	J. Gammelby	Denmark
238924	D. Keita-Ruel	Germany
238925	D. Ernst	Germany
221518	T. Väyrynen	Finland
237134	J. Aguirre	Uruguay
229711	C. Djim	Belgium
234831	N. Rieble	Germany
236367	K. Mohammed	Ghana
190031	D. Massey	Republic of Ireland
212816	Park Joon Kang	Korea Republic
223568	G. Zajkov	FYR Macedonia
162128	David de Paula	Spain
227920	I. Azzaoui	Belgium
233552	Kim Jung Hwan	Korea Republic
222545	J. Sartiaguin	Mexico
226129	J. Gorenc Stanković	Slovenia
237137	J. Ramírez	Colombia
240465	Roger Figueras	Spain
219730	Cristian	Spain
232018	H. Barry	Guinea
236370	L. Doumbouya	Guinea
239186	Aylton Boa Morte	Portugal
48722	J. Inamoto	Japan
232019	A. Guillen	Mexico
232787	Mateus	Brazil
234067	N. Andreev	Russia
237651	E. Rito	Venezuela
139348	A. Kay	England
210772	P. Drewes	Germany
212564	D. Delaunay	France
227412	D. Gómez	Colombia
189013	M. Buchalik	Poland
198998	J. Rose	Australia
238166	C. Udoji	Nigeria
239702	M. Kleihs	Germany
203095	S. Gannon	Republic of Ireland
210263	M. Duffy	Northern Ireland
232023	A. Pelvas	Finland
239703	M. Biankadi	Congo
222040	E. Agüero	Argentina
200793	C. Robertson	Scotland
232793	T. Kanai	Japan
240217	M. Proietti	Italy
175961	H. Norbye	Norway
221018	T. Rehfeldt	Germany
236378	A. Plizzari	Italy
239706	D. Erdoğan	Turkey
239707	Bruno	Brazil
240475	L. Candellone	Italy
183643	L. Königshofer	Austria
204892	D. Schütz	Austria
214876	J. Marriott	England
221788	Yun Sang Ho	Korea Republic
163420	P. Vignaud	France
238684	J. Lorch	Germany
208477	J. Vidović	Slovenia
208989	F. Ladapo	Nigeria
228701	S. Al Masrahi	Saudi Arabia
239453	S. Furtado	France
227678	E. Konsa	England
221535	Ronaldo	Brazil
214368	J. Arrieta	Colombia
215649	T. Hawkridge	England
224097	T. Denton	England
232801	J. Ibáñez	Argentina
239457	A. Zamudio	Mexico
239458	B. Kraev	Bulgaria
138083	N. Hunt	England
211299	K. Roos	Netherlands
238947	J. Gerlach	Germany
236644	André Sousa	Portugal
240484	I. Ndiaye	Senegal
225381	J. Petriccione	Italy
227685	A. Vilhjálmsson	Iceland
229477	M. Bähre	Germany
138086	L. Kryger	Denmark
204902	M. Brahimi	Kosovo
231014	Asumah	Portugal
236902	Esteve	Spain
226663	R. Spinaci	Argentina
238695	M. Barnofsky	Germany
235368	E. Torres	Mexico
215145	L. Jeréz Silva	Argentina
228713	M. Gómez	Colombia
236649	Y. van Osch	Netherlands
238697	H. El Helwe	Lebanon
223082	W. Norris	England
235626	M. Ambrose	United States
207723	S. van der Lei	Netherlands
223083	M. Austin	Australia
223595	J. Strauß	Germany
160107	E. Goldero	Chile
235627	O. Fane	France
237419	A. Abedzadeh	Iran
237931	J. Cook	England
239979	A. Mhawi	Iraq
179051	R. Grzelak	Poland
189291	M. Bakaev	Russia
216172	M. Piątkowski	Poland
207981	O. Shevelyukhin	Ukraine
231533	R. Jensen	Finland
224110	D. Holman	England
237934	Erik Ruiz	Spain
207727	M. Ballini	Argentina
221807	P. Grazziani	Colombia
222319	J. Ángulo	Colombia
227951	J. McCart	Scotland
232559	S. Ibrahim	Nigeria
240751	G. Poussin	France
219504	C. Nava	Mexico
240752	O. Mandanda	France
216689	B. Agounon	DR Congo
235121	B. Lozano	Mexico
212338	E. Ba	France
214130	J. Leyton	Colombia
225650	T. King	England
227698	P. Sarr	Senegal
237170	Aitor Lorea	Spain
239986	Javi Alonso	Spain
202099	B. Clifford	England
228211	E. Ramírez	Argentina
236403	O. NDicka	France
241011	S. Jovanović	Serbia
180595	T. Chencinski	Canada
193139	T. Nørgaard	Denmark
193651	G. Gillespie	Scotland
227700	R. Gelmi	Switzerland
232820	K. Yamamoto	Japan
200821	L. D'Ath	England
233077	R. Vincent	England
236661	F. Baak	Germany
191093	R. Pillot	France
199030	Z. Pliev	Russia
214646	Víctor Ruiz	Spain
217718	S. Nattestad	Faroe Islands
222838	B. Renneke	Germany
183926	D. Plessis	France
198519	C. Aasbak	Norway
204151	D. Byrtek	Poland
212087	Álex Guanche	Spain
238456	F. Obilor	Nigeria
210041	C. Röcker	Germany
211833	T. Lindenhahn	Germany
213369	K. Yeboah	Australia
237177	F. Flórez	Colombia
221562	M. Mbaye	Senegal
226170	E. Amor	Argentina
228730	S. Salcedo	Paraguay
198011	T. Eaves	England
212347	Kim Young Chan	Korea Republic
229755	M. Rodríguez	United States
209532	D. Bachmann	Austria
210812	D. Olsson	Sweden
215420	R. Muirhead	Scotland
225660	L. Martínez	Mexico
229756	S. Nkansah	Germany
234620	Emanuel Novo	Portugal
239740	A. Jallow	Gambia
236669	E. Purita	Argentina
237437	A. Hyodo	Japan
238973	A. Laukart	Germany
239741	J. Villalba	Paraguay
205438	M. Mlynikowski	Germany
216190	J. McCourt	England
231038	J. Keller	Switzerland
237438	Erik Expósito	Spain
186494	M. Oxley	England
211839	S. Eismann	Germany
213887	T. Aasheim	Norway
180351	C. Byrne	Republic of Ireland
233088	G. Rehak	Argentina
235904	E. Agyiri	Ghana
237184	K. Bare	Albania
238208	E. Kane	Senegal
238464	J. Mlakar	Slovenia
240000	E. Abouchabaka	Germany
201857	T. Haitz	Germany
152961	M. Pawelec	Poland
140418	R. Duffy	Wales
219522	J. Ledesma	Argentina
231554	J. Justin	England
233602	G. Hirst	England
239746	L. Watkowiak	Germany
241026	T. Chancalay	Argentina
229507	T. Mahrer	Austria
236675	K. Jakob	Germany
10884	M. Flynn	Wales
215940	O. Lund	Denmark
231044	J. Aribo	England
239492	S. Bösel	Germany
191108	S. McConville	England
228997	C. Goode	England
237957	N. Smith	United States
241029	F. Quiroz	Argentina
199046	K. Dawson	Republic of Ireland
206470	A. Tambakis	Greece
220038	H. McGahey	England
230534	S. Mvibudulu	DR Congo
187014	C. Cercado	Mexico
215431	O. Kurt	Turkey
177799	S. Glarner	Switzerland
224648	Li Lei	China PR
227976	Moha	Spain
235656	W. Al Anazi	Saudi Arabia
237192	M. Camargo	Panama
241032	S. Diarra	Mali
199049	R. Magyar	Sweden
223369	M. Ballmert	Germany
101769	T. Gorschlüter	Germany
234377	D. Choinière	Canada
238473	E. Mašović	Serbia
211594	G. Leigh	England
214410	S. Velázquez	Argentina
231050	J. Báez	Uruguay
238986	F. Luckeneder	Austria
185226	K. Watson	Scotland
216459	A. Bray	England
219531	S. Olivares	Argentina
224395	B. Bahn	Germany
225419	E. Ruiz	Colombia
166539	D. Etienne Jr.	Haiti
239499	K. Eisele	Germany
193931	T. Brown	Wales
207500	M. Haukås	Norway
163212	S. Boyd	Scotland
229516	Mayoral	Spain
240012	F. Mussa	Tanzania
2702	K. Ellison	England
208014	M. Pearson	England
212366	J. Sheehan	Wales
215950	J. Thomas	England
237198	A. Leautey	France
209040	M. Hazazi	Saudi Arabia
209041	Y. Al Musallam	Saudi Arabia
227985	C. Porter	United States
163985	I. La Rocca	Italy
191377	T. Shimohira	Japan
219538	Romay	Spain
178578	Ione Cabrera	Spain
10899	C. Porter	England
163731	R. Harley	England
191379	Y. Fujigaya	Japan
232340	A. Nura	Nigeria
221589	J. Ingham	New Zealand
227477	F. Altamirano	Argentina
240789	H. Kılıç	Netherlands
216470	G. Zabret	Slovenia
224662	M. Multhaup	Germany
225174	D. Louiserre	France
184726	J. Partington	Wales
188823	G. Pinaud	France
193943	J. Cook	England
220057	H. Lennon	England
182681	C. Daniel	England
184473	D. Winnard	England
211610	J. Anderson	England
231834	N. Rinderknecht	Germany
241050	A. Meyer	Germany
189850	K. Knops	Netherlands
240283	V. Vorel	Czech Republic
235932	A. Dadakdeniz	Turkey
201885	E. Birkelund	Norway
219549	R. Samnick	France
226205	C. Suljic	France
230557	A. Da Cruz	Netherlands
183965	J. Goda	Cameroon
149662	A. Bennett	Republic of Ireland
222878	T. Walker	England
225950	M. Gakpa	France
237726	N. Venema	Netherlands
180894	G. McCabe	Republic of Ireland
235167	V. Janelt	Germany
239263	Lucas Sotero	Brazil
240031	E. Ćivić	Bosnia Herzegovina
241055	Diego Pampín	Spain
219552	Miguel Lázaro	Portugal
222880	M. Dembélé	Mali
238240	K. Sigurðsson	Iceland
182944	N. Bishop	England
220065	E. Gliozzi	Italy
237730	M. Peijnenburg	Netherlands
191906	Back Jong Hwan	Korea Republic
223395	L. Longridge	Scotland
228771	J. Mosquera	Colombia
237219	E. Klenofsky	United States
239523	M. Rossmann	Germany
192931	Fran	Spain
200356	Marcus Vinícius	Brazil
224164	Riera	Spain
228772	N. Blissett	England
229284	D. Widemann	Germany
235172	Rúben Vinagre	Portugal
183460	D. Philliskirk	England
193188	A. Dykstra	United States
219813	M. Havekotte	Netherlands
229285	D. Gnaase	Germany
193957	C. Montano	Colombia
194725	J. Lindner	Poland
232614	Y. Minagawa	Japan
234918	M. Nalepa	Poland
236710	T. Nydam	England
227751	Bae Jae Woo	Korea Republic
241063	R. Palermo	Argentina
230568	N. Julan	France
239016	D. Schmid	Switzerland
213673	A. Kiwomya	England
216746	M. Koj	Poland
225450	K. Toner	Republic of Ireland
233386	P. Yrizar	Mexico
234666	G. Agbaljan	Armenia
183466	K. Sheppard	Republic of Ireland
211883	K. Müller	Germany
240811	M. Torres	Argentina
193707	S. Habergham	England
208300	G. Somi	Sweden
224940	T. Mikkelsen	Denmark
226220	M. Rodriguez	United States
231340	G. Montiel	Argentina
233132	Pedro Marques	Portugal
237996	J. Delgadillo	Mexico
241068	A. Dávila	Uruguay
136365	Lee Jong Min	Korea Republic
231597	C. Cermeño	Venezuela
236461	J. Mateta	France
225710	S. Sy	Senegal
227758	S. Murray	Scotland
232110	T. Glover	Australia
232366	N. Iwadate	Japan
234414	F. Uzelac	Croatia
227503	J. Larsen	Denmark
224433	K. Burger	Germany
232369	D. Nasu	Japan
185265	C. Kennedy	England
240050	S. Karamoko	France
222387	V. Slivka	Lithuania
233139	C. Itten	Switzerland
238771	F. Núñez	Argentina
240308	E. Maidana	Argentina
216501	C. Stanko	United States
229557	S. Macías	Colombia
230325	Leandro Pestanha	Brazil
234677	R. Thellufsen	Denmark
237493	A. Bala	Nigeria
188597	E. Zelazny	France
241078	R. Shekari	Iran
206263	T. Hopper	England
230583	F. Kohls	Germany
236727	Mena	Spain
207544	Park Sun Yong	Korea Republic
208056	Jeon Hyeon Chul	Korea Republic
163768	M. Rose	England
152505	J. White	England
235450	Domingos Quina	Portugal
236474	M. Bundu	Sierra Leone
239034	W. Sery	France
240314	J. Ferretti	Italy
188346	O. Kittner	Germany
209851	K. Chergui	France
232379	N. Ishihara	Japan
222396	D. Ball	England
232892	Y. Tanaka	Japan
237244	J. Betancur	Colombia
238780	D. Volkmer	Germany
217277	Galván	Spain
237245	E. Segura	Colombia
204222	M. Dolan	England
224446	Marco	Portugal
213695	S. Goss	England
210368	J. Duncan	Australia
232640	S. Ogura	Japan
237248	G. Berterame	Argentina
203969	E. Seidou	France
214721	F. Falcone	Argentina
231105	A. Olliero	France
102593	C. Woodman	England
234945	M. Besuschkow	Germany
238785	M. Aidara	Senegal
193473	L. Öhman	Sweden
226754	I. Bennacer	Algeria
238786	O. Käuper	Germany
208067	Lee Jin Hyung	Korea Republic
199620	S. Payne	England
220356	A. Al Dohaim	Saudi Arabia
236996	A. Akkaynak	Germany
237508	Rafael Broetto	Brazil
239045	E. Kılınç	Turkey
195013	J. Dunleavy	Republic of Ireland
200134	R. Benson	Republic of Ireland
210630	V. Gudiev	Russia
231878	T. Miller	United States
236998	J. Lea Siliki	France
226759	B. Karamoko	Ivory Coast
235207	S. Reddemann	Germany
170183	N. Arnold	England
237255	M. Robinson	United States
239303	Y. Njie	Gambia
239815	Z. Randriambololona	Madagascar
194759	O. Beckles	England
214473	K. Piedrahita	United States
222153	C. Buonaiuto	Italy
231113	Z. Bakaev	Russia
237769	K. Kitagawa	Japan
203210	Y. Songo'o	Cameroon
229066	M. Hober	Germany
237002	M. Van Oekel	United States
239050	S. Çiftpınar	Turkey
212683	J. Matt	Jamaica
222923	F. Fumu Tamuzo	France
226507	J. Yates	England
236747	L. González	Venezuela
239563	M. Kaffenberger	Germany
155340	Hwang Jae Won	Korea Republic
220876	F. Honorat	France
236492	Pedro Díaz	Spain
179660	C. Humphrey	Jamaica
207565	Lee Hyo Gyun	Korea Republic
230349	Rodrigo Vuarte	Brazil
239565	M. Grösch	Germany
240589	Miguel	Spain
206542	R. Brunt	England
214478	S. Ayala	Colombia
225998	A. McEneff	Republic of Ireland
239822	E. Tercero	Mexico
240846	E. Apeh	Nigeria
228815	T. Roberts	Wales
235215	G. Crociata	Italy
236751	A. Hopmark	Norway
237007	N. Glushkov	Russia
198608	E. Mæland	Norway
231376	M. Berrío	Colombia
234704	M. Marcjanik	Poland
236496	M. Guendouzi	France
210641	L. Petry	Denmark
221393	A. Hadenius	Sweden
240337	Sergi González	Spain
199890	N. Lavanchy	Switzerland
200658	E. İşcan	Turkey
200914	A. Salvi	Italy
204242	M. Barreto	France
239826	O. Gaines	United States
199891	C. Routis	France
229843	E. Valencia	Colombia
238291	M. Boulahia	Algeria
231124	Marlinho	Brazil
175316	L. Stevenson	Scotland
221653	Fran Serrano	Spain
232405	Y. Hurtado	Colombia
237781	K. Fujimoto	Japan
210902	A. Al Dawsari	Saudi Arabia
210903	A. Al Sdairy	Saudi Arabia
229079	J. McNerney	England
232919	N. Fujita	Japan
223448	W. Louisy-Daniel	France
238040	M. Knoester	Netherlands
240600	A. Al Asmari	Saudi Arabia
239577	Y. Coulibaly	Burkina Faso
239833	M. Al Dhaw	Sudan
240345	I. Kanu	England
204762	T. Schilk	Germany
206554	J. Bolton	England
216794	C. Duffus	England
223962	R. Kongolo	Netherlands
239066	Mena	Spain
186842	D. Imrie	Scotland
187354	S. Blancas	Mexico
223963	C. Humphreys-Grant	England
226267	E. Baldini	Italy
148700	A. Karadas	Norway
230876	M. Butcher	England
235740	A. Paleari	Italy
236508	Adrián	Spain
239836	T. Verheydt	Netherlands
179677	B. Dudzic	Poland
181725	G. Deegan	Republic of Ireland
239582	P. Puchegger	Austria
216287	J. Putze	Germany
220383	Aarón	Spain
236767	E. Soleri	Italy
241119	Dani Martín	Spain
238560	L. Stoll	Germany
211937	U. Hesse	Germany
230881	J. Quigley	Republic of Ireland
231137	D. Crnigoj	Slovenia
215522	A. Schlager	Austria
227810	S. Aasmundsen	Norway
235234	B. Córdoba	Colombia
237538	F. Rogic	Sweden
238050	C. Ejuke	Nigeria
173538	M. Randall	England
228835	B. Kurz	Germany
229091	B. Peacock-Farrell	England
229348	A. Robinson	England
238820	Q. Maceiras	Switzerland
180708	K. Reynish	United States
208613	S. Ohawuchi	Nigeria
211173	S. Al Shehri	Saudi Arabia
215269	M. Rivadero	Argentina
218853	W. Boyacá	Colombia
229605	C. Connolly	England
233445	J. Arctander Moe	Norway
238821	F. Vietto	Argentina
232678	K. Shimura	Japan
239078	S. Schimmer	Germany
218343	R. Hedges	Wales
222951	M. Rodák	Slovakia
230631	M. Festa	Italy
240360	A. Polidori	Italy
229353	M. Ristl	Germany
233961	S. Al Najai	Saudi Arabia
233962	Josín	Spain
229355	A. Hasegawa	Japan
233195	X. Schlager	Austria
210924	A. Al Barakah	Saudi Arabia
215788	W. Mudhaya	Saudi Arabia
233708	L. Germoni	Italy
239340	J. Chabot	Germany
193260	M. Pink	Austria
231917	M. Seck	Senegal
210158	A. Kellett	England
232686	N. Sakurauchi	Japan
237807	D. Vente	Netherlands
238832	T. Efouba Ayissi	France
201457	V. Oliver	England
216817	O. Karlsson	Iceland
226033	E. Käck	Sweden
228593	V. Sierro	Switzerland
232945	Y. Tamura	Japan
233969	F. Arkenberg	Germany
234225	Sergi Álamo	Spain
238065	K. Lankford	Germany
183025	M. Simon	Australia
215026	P. Magnín	Argentina
226546	F. Barboza	Argentina
238578	Lee Jin Hyun	Korea Republic
211955	U. Taffertshofer	Germany
229107	N. De Medina	Belgium
229619	F. Carvalho	Uruguay
236019	C. Ramírez	Argentina
241140	Fran Manzanera	Spain
179956	F. Olsson	Sweden
200693	D. Jarl	Sweden
239605	M. Diallo	Senegal
186869	G. Cummins	Republic of Ireland
233207	S. Muroya	Japan
235255	Alberto López	Spain
238071	D. Sterling	England
186103	L. Collins	England
206584	J. Tveita	Norway
165880	Yang Sang Min	Korea Republic
54008	S. Bywater	England
220665	G. Wüthrich	Switzerland
226553	S. Polat	Turkey
229881	A. Lassiter	Costa Rica
234489	F. Gytkjær	Denmark
236537	G. Arteaga	Mexico
224763	K. Bielik	Poland
228091	M. Nakkim	Norway
234747	P. Szymiński	Poland
237307	H. Wingo	United States
238587	A. Ildız	Austria
240891	N. Sessa	Germany
229116	C. van Berkel	Netherlands
238588	D. Buchholz	Germany
136445	Hyun Young Min	Korea Republic
213501	M. Johansson	Sweden
239357	C. Gebauer	Austria
188925	G. Kasprzik	Poland
221182	S. Al Sharif	Saudi Arabia
228094	Nahuel	Spain
231678	R. Tongyik	Australia
234750	J. Pierre-Charles	France
237822	T. Umebachi	Japan
179710	A. Mójta	Poland
219903	A. Díaz	Colombia
189951	M. Muscat	Malta
233216	P. Tietz	Germany
234752	E. Letlotlo	South Africa
240128	J. Estrada	Mexico
225793	B. Godfrey	England
216322	J. Hiwula	England
228098	K. Garcia	United States
200195	Ramón	Brazil
202244	B. Meredith	United States
230916	L. Zanon	Italy
233732	D. Okereke	Nigeria
212742	G. Rasulo	England
220422	M. Hamzi	Saudi Arabia
223750	D. Steininger	Germany
231686	M. Ramsland	Norway
233222	K. Jóźwiak	Poland
235526	D. Geiger	Germany
238342	K. Abrahams	South Africa
239878	A. Madibo	Qatar
229127	J. Teunckens	Belgium
239623	R. Torres	Mexico
221704	S. Román	Colombia
236296	W. Bracamonte	Argentina
239880	D. Lloyd	England
184584	M. Briggs	Guyana
215561	B. Barry	England
231945	Kim Jong Min	Korea Republic
236553	E. Huth	Germany
229642	Roni	Spain
169483	X. Tomas	France
201996	Colinas	Spain
225548	A. Dagriri	Saudi Arabia
226572	W. Sietsma	Netherlands
170252	A. Nicholls	England
240140	M. Prezioso	Italy
240397	E. Rodríguez	Argentina
241165	E. Cicerelli	Italy
204814	N. Erlbeck	Germany
209166	M. Malaeka	Saudi Arabia
198927	T. Miller	England
213519	B. Walker	England
228111	R. Curtis	Republic of Ireland
228367	L. Smith	England
229647	C. Køhler	Denmark
210192	I. Al Zubaidi	Saudi Arabia
228624	M. Khubrani	Saudi Arabia
209169	H. Al Shuwaysh	Saudi Arabia
212241	P. Itter	Germany
240401	E. Dacaj	Germany
189457	A. Morris	Wales
228882	S. Pontisso	Italy
237842	D. Jarvis	England
240658	S. Kiyine	Morocco
240914	E. Eze	Nigeria
223763	S. Jhingan	India
230163	A. Frizzell	Scotland
237331	T. De Smet	Belgium
240661	E. Vignato	Italy
212502	R. Singh	India
186646	N. Kikuchi	Japan
181015	B. Kennedy	Australia
224792	P. Steiring	Norway
235288	S. Schreck	Germany
236824	R. ten Hove	Netherlands
240408	F. Boló	Argentina
204825	B. Wilson	England
228889	J. McGing	Australia
239897	Y. Kazaev	Russia
241178	Raúl Vallejo	Spain
232475	S. Motegi	Japan
203292	O. Turton	England
163356	M. Roberts	England
208925	F. Al Reshedi	Saudi Arabia
228637	C. Harries	Wales
236573	Pablo Vázquez	Spain
241181	Julio Gracia	Spain
210462	M. Heerkes	Netherlands
225054	A. Kalik	Australia
191006	A. Golec	Australia
202528	J. Ruffels	England
224032	J. Porsan-Clemente	France
229152	J. Helmer	Netherlands
212513	H. Adelakun	England
213281	P. Retre	Australia
241185	K. Huisman	Netherlands
138786	B. Williams	England
239394	F. Flecker	Austria
229923	S. Stolze	Germany
226084	R. Hardie	Scotland
232741	T. Matsuura	Japan
232997	Lee Han Do	Korea Republic
237605	H. Adıgüzel	Turkey
239397	B. Manu	Germany
239909	D. Pelivan	Germany
208934	M. Al Otaibi	Saudi Arabia
220710	H. Wilson	Wales
229415	Álex García	Spain
232743	T. Enomoto	Japan
238375	J. Sagredo	Bolivia
238887	Juanpe Sánchez	Spain
239655	F. Al Hajeri	Kuwait
208424	M. Ricci	Italy
227880	C. Stokes	England
237097	Moon Jeong In	Korea Republic
237353	A. Björkebaum	Sweden
210474	P. Erhardt	Austria
233514	J. Abu Hanna	Germany
234795	A. Bernede	France
194859	P. Komolov	Russia
227628	T. Vestenický	Slovakia
233772	Lee Dong Su	Korea Republic
212013	K. Baccus	Australia
224301	K. Świderski	Poland
239149	B. Kyere	Ghana
196910	G. Álvarez	Bolivia
236590	L. Goudiaby	Senegal
236846	Kenny Rocha Santos	Cape Verde
233519	R. Gavtadze	Georgia
204080	A. Montalto	Italy
225072	Z. Vyner	England
231472	E. Ntim	Ghana
232752	S. Hyodo	Japan
190512	S. Økland	Norway
202801	Elton Monteiro	Portugal
228401	K. Howkins	England
233777	P. Silva Torrejón	Argentina
236849	D. Ceter	Colombia
238385	Lim Chan Wool	Korea Republic
239153	A. Holm Jensen	Denmark
240177	B. Galindo	Mexico
240434	J. Tell	France
210739	C. Nielsen	Denmark
240691	E. Rueda	Argentina
215604	C. Brunner	Switzerland
217140	A. Gilliead	England
228148	R. Hepburn-Murphy	England
232756	F. Tomori	England
233524	U. Singh	India
233780	A. Maldonado	Argentina
238900	E. Demirović	Bosnia Herzegovina
140085	M. Nelson	England
225077	S. Brunstad Fet	Norway
233781	J. Valencia	Colombia
229174	D. Niepsuj	Poland
237622	N. Roa	Colombia
202551	P. Ulvestad	Norway
222007	C. O'Malley	Republic of Ireland
228919	S. Karakoç	Turkey
187959	M. Peškovič	Slovakia
221752	E. Coşkun	Turkey
229176	G. Sağlam	Germany
233016	Hong Seung Hyeon	Korea Republic
236856	C. Lasso	Colombia
239417	M. Gebers	Germany
202810	S. McDermott	Republic of Ireland
231227	N. Dorsch	Germany
237371	L. Bengtsson	Sweden
228412	M. Herrmann	Sweden
231228	F. Benko	Germany
234044	D. Mouchamps	Belgium
194364	K. Yano	Japan
230717	T. Kadewere	Zimbabwe
238397	G. Leo	Germany
239678	M. Nocciolini	Italy
212543	V. Milke	Mexico
237631	L. Mothiba	South Africa
225600	A. Al Ammar	Saudi Arabia
235328	A. Beghetto	Italy
237888	C. Maloney	United States
169793	C. Smith	Republic of Ireland
183873	M. Hansson	Sweden
204866	Antonio López	Spain
213570	S. O'Donnell	Scotland
233794	S. Edera	Italy
169538	J. Brandrup	Denmark
225603	A. Samsonov	Russia
236355	Luiz Felipe	Brazil
195396	L. Tankulic	Germany
227653	E. Edwards Jr.	United States
235333	A. de Freitas	France
239173	M. Rüdiger	Germany
207430	R. Edwards	Australia
213318	J. Forster	Scotland
229190	K. Holt	Scotland
233031	F. Banega	Argentina
212040	U. Jenssen	Norway
222024	T. Casali	Austria
53832	M. Brown	England
236617	T. Vlietinck	Belgium
239945	F. Beltrán	Mexico
229707	J. Lewis	United States
234827	J. Rasmussen	Denmark
191563	T. Miyazaki	Japan
198220	M. Bourabia	France
226124	R. Migone	Argentina
236876	K. Venegas	United States
236621	P. Hamel	France
238669	S. Kopp	Germany
185165	P. Vincenti	England
229454	I. Chaïbi	France
239182	M. Fritz	Germany
223823	T. Königsmann	Germany
231247	B. Cufré	Argentina
233551	Rômulo	Brazil
211536	M. O'Hara	Scotland
216656	J. Sinclair	England
228176	Joo Hyeon Woo	Korea Republic
211282	D. Traoré	Ivory Coast
165458	C. Kenna	Republic of Ireland
240722	Campos	Spain
226387	A. Bengtsson	Sweden
225364	W. Miller	England
228692	H. Jafry	Saudi Arabia
232788	S. Yokotani	Japan
235604	K. Al Anazi	Saudi Arabia
237396	P. Da Silva	United States
19541	G. Morris	England
239957	S. Jakubiak	Germany
240469	E. Beltramone	Argentina
210006	T. Dähne	Germany
216406	Oh Kwang Jin	Korea Republic
229974	T. Robinet	France
237910	Yeremi Valerón	Spain
216407	A. Bruhn	Denmark
235351	M. De Almeida	Portugal
239191	S. Demhasaj	Switzerland
233304	J. García	Mexico
170072	T. Robinson	Jamaica
240728	D. Tchamba	Cameroon
226393	N. Pelaitay	Argentina
199258	Song Chang Ho	Korea Republic
216154	J. Elsey	Australia
234586	D. Al Qarni	Saudi Arabia
240730	K. Zohi	Ivory Coast
210523	B. Powell	Australia
225115	M. Pinato	Italy
203357	D. Potts	England
223581	J. Iglesias	Uruguay
225629	T. Valls	France
239198	M. Ramon	France
223072	C. Báez	Paraguay
228192	E. Lyngdoh	India
228960	I. Protti	Argentina
237152	D. Irandust	Sweden
239712	M. Okugawa	Japan
239968	F. Olivera	Uruguay
237409	Y. Segawa	Japan
221282	J. Stacey	England
240226	M. Suleymanov	Russia
157539	F. Lenci	Argentina
195427	J. Stockley	England
198244	T. Hovda	Norway
235365	Juan Moreno	Spain
238949	F. Sucsuz	Turkey
239973	J. Kiassumbua	DR Congo
209254	R. Willmott	England
233062	T. Siwe	Sweden
239206	V. De Marco	Argentina
239462	O. Camara	France
240742	Z. Erkilinc	Netherlands
183142	K. Etuhu	Nigeria
236391	Giovanni	Spain
213864	B. Utvik	Norway
228456	Juan Pérez	Spain
191336	S. Ando	Japan
212329	J. Cranston	Wales
154729	C. Stefańczyk	Poland
226409	L. De Bórtoli	Argentina
235369	S. Mladenovic	Norway
239977	N. Kühn	Germany
214634	J. Hessenthaler	England
228970	Fran Sánchez	Spain
236394	S. Amuzie	Nigeria
239210	F. Eboa Eboa	France
189546	F. Bombagi	Italy
207467	M. Pelosi	United States
238955	D. Tuma	Germany
239211	B. Moussiti-oko	Congo
223596	S. Prevljak	Bosnia Herzegovina
234860	A. Condé	Germany
237164	Roni	Brazil
239468	R. Çağıran	Turkey
239724	S. Puttkammer	Germany
199021	K. Ward	Republic of Ireland
235629	O. De Wolf	Belgium
197998	A. Andersson	Sweden
212846	R. Flanagan	England
229998	D. Schad	Germany
237678	I. Konaté	France
238958	R. Harper	England
199023	S. Houston	Republic of Ireland
226415	M. Mara	Guinea
216176	T. Zündel	Austria
201329	T. Bendiksen	Norway
237169	C. Bramall	England
238961	M. Dombrowka	Germany
239985	Torres	Spain
240497	I. Wadji	Senegal
214899	D. Wright	England
220787	A. Kojić	Sweden
223861	S. Crone	Denmark
232053	T. Buhagiar	Australia
239478	I. Marconi	Italy
196983	A. Falch	Norway
222583	T. James	Wales
228983	M. Caufriez	Belgium
229751	E. Ozuna	Argentina
232567	K. Ono	Japan
232823	H. Kawabe	Japan
190583	M. Smith	England
209784	J. Phojo	France
229752	D. Sow	Switzerland
232568	J. Kamata	Japan
232824	K. Saito	Japan
237688	S. Erimuya	Nigeria
238968	L. Heynke	Germany
239224	A. Benchaib	Morocco
232057	P. Karlsson Lagemyr	Sweden
238969	R. Laidlaw	Scotland
234874	M. Jansen	Germany
239226	J. Torres	United States
220795	D. Vitturini	Italy
225915	A. Fontana	Argentina
227963	R. Tumilty	Scotland
234107	E. Ojeda	Argentina
234619	Y. Mamilonne	France
220540	D. Bejarano	Bolivia
226173	Guti	Spain
170877	K. Letheren	Wales
238461	Luis Perea	Spain
238717	E. Pinnock	England
192125	T. Björkström	Sweden
219774	Sebas Moyano	Spain
224894	Álex Mozo	Spain
239742	J. Klinsmann	United States
239998	P. Hristov	Bulgaria
240254	A. Sikoev	Russia
238463	A. Haidara	Mali
239744	M. Cuisance	France
239233	Xemi	Spain
240001	S. Ahmed-Kadi	France
232578	M. Kato	Japan
234882	M. Warcholak	Poland
239491	J. Álvarez	Argentina
192899	S. Zenjov	Estonia
193411	K. Fickentscher	Switzerland
140164	Y. Gutiérrez	Mexico
211844	N. Gavory	France
240260	S. Sow	Netherlands
189828	M. Byrne	Republic of Ireland
226181	H. Al Jayzani	Saudi Arabia
240261	Santi Samanes	Spain
137862	L. Bonnefoi	France
231558	M. Sosa	Argentina
236934	Sergio Arribas	Spain
238214	M. Degerlund	Sweden
212103	D. Geurts	Germany
235655	M. Al Enazi	Saudi Arabia
236935	H. Wolf	Austria
241031	F. Garcés	Argentina
233608	D. Zeaiter	Lebanon
172680	S. Sinclair	England
181384	S. Larsson	Sweden
206217	H. Johansen	Norway
208009	W. Jobello	France
221577	W. Mena	Colombia
226697	M. Laínez	Mexico
229513	J. Ertlthaler	Austria
232841	J. Quintero	Ecuador
235401	V. Golemić	Serbia
237450	A. Obinwa	United States
240778	G. Gori	Italy
235147	T. David	Netherlands
239755	S. Lobjanidze	Georgia
240523	C. Ezeh	Nigeria
205453	F. Vecchione	Italy
212365	P. Garita	Cameroon
237453	A. Onaiwu	Japan
228238	J. Gundersen	Norway
240782	Víctor López	Spain
228751	M. Listkowski	Poland
234383	M. Schubert	Germany
210832	M. Branderhorst	Netherlands
224400	A. Berntsson	Sweden
236689	K. Al Samiri	Saudi Arabia
238225	Olabe	Spain
229010	S. Amallah	Morocco
237202	G. Terrani	Italy
240274	B. Pindroch	Slovakia
204692	R. Okunorobo	Mexico
221332	G. Guerrieri	Italy
241044	M. Osores	Argentina
184980	I. Bermingham	Republic of Ireland
186516	D. Subotić	Switzerland
187028	D. McAllister	Republic of Ireland
204437	A. Tozzo	Italy
229781	Y. Çoban	Germany
240277	M. Gabbia	Italy
234134	Flavio	Brazil
235926	M. Zaracho	Argentina
224663	A. Benítez	Mexico
238743	H. Wright	United States
216728	Dani Iglesias	Spain
224920	M. Gatto	Italy
234904	R. Seigers	Belgium
239512	M. Meulensteen	Netherlands
241048	J. Tuominen	Finland
216473	T. Smith	England
234649	D. Petrovic	Serbia
222618	Kim Sang Won	Korea Republic
229530	R. Wulle	Germany
235162	H. Al Habib	Saudi Arabia
238234	A. Al Khulaif	Saudi Arabia
239258	E. Banda	Zambia
239770	N. Casale	Italy
221339	M. Rocca	Italy
227995	L. Walsh	England
214172	F. Castillo	Colombia
151708	K. Christensen	Denmark
227740	D. Arboleda	Colombia
235420	E. Sakic	Austria
208797	L. Gambin	Malta
234910	V. Selimović	Luxembourg
192158	M. Albornoz	Sweden
212383	N. Brandenburger	Germany
235423	Woo Sang Ho	Korea Republic
236703	D. Raum	Germany
215968	M. Reule	Germany
223904	J. Gerezgiher	Germany
234912	J. Geissmann	Switzerland
213665	J. Houghton	England
235169	K. Miś	Poland
240801	L. Amarilla	Paraguay
191649	T. Masukawa	Japan
208290	L. Byrne	Republic of Ireland
209315	D. Butler	England
237987	Park Dae Han	Korea Republic
182691	M. Elito	England
203428	E. Hewitt	Wales
223396	D. MacKinnon	Scotland
233892	T. Sandoval	Argentina
170660	F. Sulmoni	Switzerland
213157	A. Jagiełło	Poland
232357	J. Caletti	Australia
213671	R. Mitchell	England
225191	B. Richards-Everton	England
220328	S. Nimely	Liberia
232872	Bueno	Brazil
198825	M. Cullen	England
232873	K. Machida	Japan
240041	A. Babacan	Turkey
182185	S. McAllister	England
220074	R. Espejord	Norway
233642	A. Laïdouni	France
13739	A. Smith	England
221611	Juan Delgado	Spain
220844	Tamayo	Spain
223404	A. Fisher	England
235948	G. Martin	England
240044	Luan	Brazil
213421	N. Vemmelund	Denmark
215725	Quinti	Spain
223917	S. Nabi	England
230573	C. Pelagatti	Italy
222382	L. Chávez	Mexico
229806	E. Verstappen	Netherlands
235950	F. Barceló	Uruguay
210863	D. Konate	Ivory Coast
231855	Roberto Núñez	Spain
234159	P. Fito	France
235951	S. Chacón	Argentina
215984	Y. Bonnin	Argentina
231344	M. Koné	Senegal
234416	D. Nothnagel	Germany
236464	J. Ngoy	Belgium
205745	K. Baran	Poland
231857	J. Calistri	United States
240049	T. Aupic	France
203442	M. Storey	England
210354	L. Dürholtz	Germany
231346	A. Alégué	Cameroon
188594	D. Mihajlovic	Switzerland
235699	Vinícius	Brazil
237747	T. Arano	Japan
224437	M. González	Argentina
232117	J. Dacosta	France
233397	A. Diawusie	Germany
193205	D. Kearns	Republic of Ireland
209334	S. Grether	Switzerland
198071	G. Williams	England
222647	C. Torres	Mexico
223159	R. Dickie	England
239031	G. Marigard	Guyana
212152	F. Berra	Italy
239544	K. Magaña	Mexico
219577	A. Ingegneri	Italy
231354	M. Pantović	Serbia
205755	Z. Tsiskaridze	United States
225467	T. Beadling	Australia
228795	M. Abu Shararah	Saudi Arabia
211900	A. Winkler	Germany
216764	J. Fierro	Bolivia
232636	R. Hatsuse	Japan
237500	D. Lippert	Germany
241084	L. Diaz	Colombia
221373	M. Al Saiari	Saudi Arabia
236989	S. Richey	United States
230590	D. Oldaker	England
205503	Carlos Daniel	Portugal
205759	D. Stojanović	FYR Macedonia
193727	K. Byrne	Republic of Ireland
213696	M. Willock	England
231872	S. Coulibaly	France
240576	M. Ortíz	Argentina
225473	G. Sbrissa	Italy
237249	D. Johnson	United States
213698	J. Barmby	England
229570	A. Peralta	Argentina
232898	T. Morishima	Japan
178626	J. Thompson	England
190146	U. Gündoğan	Turkey
167107	S. Batan	Sweden
233924	M. Lovera	Argentina
222405	L. Kinsella	Republic of Ireland
234437	Diogo Almeida	Portugal
228294	J. Correia	France
238022	J. Respen	Netherlands
193478	J. Grimes	England
211655	Cho Min Woo	Korea Republic
225479	A. Gordyushenko	Russia
240327	M. Al Bishi	Saudi Arabia
180679	A. Shuhail	Saudi Arabia
52679	J. Murphy	Republic of Ireland
187335	S. Rajalakso	Sweden
157128	K. Brennan	Republic of Ireland
232648	L. Gibson	England
237256	J. Ebobisse	United States
238792	L. Jensen	Germany
235465	Seo Young Jae	Korea Republic
238793	T. Jacobsen	Germany
221386	J. Allen	United States
152523	S. Flinders	England
155339	Hwang Ji Soo	Korea Republic
229067	N. Rehnen	Germany
229835	V. Zúñiga	Mexico
237771	Lee Sang Min	Korea Republic
239819	S. Seth	Nigeria
208332	Lee Yang Jong	Korea Republic
226508	G. Taylor	Scotland
228044	F. Krogstad	Norway
184013	M. Bartley	England
233934	A. Ramsdale	England
238798	E. Bytyqi	Germany
222159	Q. N'Gakoutou	Central African Rep.
224463	S. Martínez	Uruguay
237008	Y. Çelik	Turkey
222417	E. Ham	Argentina
223953	C. Kpekawa	England
238289	Pomareta	Spain
240593	M. van de Meulenhof	Netherlands
223186	J. Thomasen	Denmark
229330	J. Dibirgadzhiev	Russia
239570	A. Bordin	Italy
210131	J. Balk	Netherlands
211667	P. Stępiński	Poland
150995	B. Rotenberg	Finland
207828	C. Stockton	England
208852	K. Morris	England
210388	C. Roddan	England
238036	J. Cejas	Argentina
210901	F. Al Johani	Saudi Arabia
214485	J. Rodríguez	Colombia
224981	Grego Sierra	Spain
235222	S. Horemans	Belgium
211415	M. Rhead	England
237527	I. Bah	Belgium
239319	A. Bradley	England
240855	R. Kadima	France
211928	D. Gape	England
227288	J. Flores	England
239576	T. Nobile	Italy
237273	J. Schmidt	United States
238041	T. Malacia	Netherlands
232922	S. Kobayashi	Japan
227803	E. Martínez	Argentina
169947	L. Summerfield	England
236507	T. Conechny	Argentina
199388	J. Musa	New Zealand
207836	Hwang Soon Min	Korea Republic
235228	N. Gómez	Mexico
236764	A. Tanaka	Japan
240092	F. Cernuto	Italy
197597	F. Musaev	Uzbekistan
207581	K. Steindórsson	Iceland
228573	P. Wilson	Sweden
233181	S. Otsuki	Japan
236509	Diego Parras	Spain
239837	A. Mac Allister	Argentina
206558	J. Roberts	England
210142	A. Jezawi	Saudi Arabia
198623	N. Low	Scotland
157407	B. Clarke	Republic of Ireland
229343	Wanderson	Brazil
166879	L. Grorud	Norway
240095	L. Stulac	Slovenia
199904	J. Joronen	Finland
226272	Navas	Spain
215267	T. Figueroa	Argentina
224483	M. Greve	Denmark
239843	E. Cedillo	Mexico
152036	T. Christensen	Denmark
204517	J. Stephens	England
224741	A. Troshechkin	Russia
170213	J. Anyon	England
237797	K. Sekiguchi	Japan
239077	T. Hagn	Germany
211430	H. Middleton	England
235494	R. Caballuci	Argentina
204007	T. Nichols	England
226791	T. Moore	England
231911	Luong Xuan Truong	Vietnam
233959	S. Villa	Colombia
234727	T. Hübers	Germany
234983	Q. Laçi	Albania
189159	L. Waterfall	England
235496	O. Rathbone	England
213737	L. Walters	England
234473	D. Tshiembe	DR Congo
239849	C. Boukholda	France
240873	Genaro	Spain
52201	J. Johansen	Norway
213994	N. Belloni	Italy
214250	M. Palacios	Colombia
230890	B. Wilson	Australia
232170	S. Starke Hedlund	Sweden
241130	I. Ganago	Cameroon
213739	P. Paton	Northern Ireland
227052	M. Vallecilla	Colombia
204269	Z. Clark	Scotland
223981	M. Clark	England
200942	A. McCarey	Republic of Ireland
231406	K. Edwards	England
232174	O. Hawkins	England
223727	C. MacGillivray	England
225519	L. Contin	Argentina
238319	T. Edwards	England
219120	C. Horton	United States
220912	F. Jagiełło	Poland
228592	A. Confais	France
231664	J. Aguirre	Colombia
240625	G. Malcore	Italy
208370	E. Zenga	Germany
239090	P. Wiesinger	Austria
212723	J. Stertzer	United States
239347	D. Snepvangers	Netherlands
240372	P. Fernández	Argentina
193268	A. Gerbo	Italy
229109	S. Benamar	Germany
232949	Danilson	Colombia
238069	G. Carrasco	Argentina
239093	J. Clauss	France
148470	L. Madej	Poland
239094	L. von Piechowski	Germany
239350	S. Dembele	Scotland
236279	I. Conté	Guinea
183544	G. Burke	Republic of Ireland
234233	A. Georgiev	Bulgaria
239097	D. Srbeny	Germany
211962	A. Plumain	France
189434	L. Bender	Germany
232955	K. Tezuka	Japan
237819	N. Domínguez	Argentina
237309	D. Redmond	England
222462	C. Dimaio	Republic of Ireland
163582	T. Clancy	Republic of Ireland
237054	F. Ali	Sweden
240638	T. Reijnders	Netherlands
200703	R. Siemaszko	Poland
225279	C. McGrandles	Scotland
228863	T. Heintz	Norway
235775	M. Kostyukov	Russia
193023	A. Blackman	England
223744	S. Dooley	Northern Ireland
225792	M. Aquino	Argentina
230912	P. Ghiglione	Italy
235008	L. Robertone	Argentina
219905	M. Duckworth	Germany
233729	T. Taufflieb	France
236033	Dani Cárdenas	Spain
239617	A. Cervantes	Mexico
225026	E. Björkander	Sweden
226051	Carlos Alves	Portugal
231939	Park Jung Ho	Korea Republic
239363	K. Dabila	Ivory Coast
232708	M. Valenzuela	Argentina
213509	Lucas	Brazil
232709	D. Batallini	Argentina
237573	A. Kotnik	Slovenia
230918	T. Chalobah	England
239622	J. Ibarra	Mexico
210183	A. Al Fahmi	Saudi Arabia
238599	N. Granatowski	Germany
240903	Javi Pérez	Spain
225544	M. Bustos	Canada
226056	D. Kelly-Evans	England
231944	Woo Chan Yang	Korea Republic
224265	J. Williams	England
169481	E. Nolan	Republic of Ireland
211978	S. Hoare	Republic of Ireland
228362	G. Dahl	Denmark
231946	Seo Jae Min	Korea Republic
225803	B. Swanson	United States
140300	P. Cherrie	Scotland
153100	S. Nelson	England
228364	Marc Rovirola	Spain
233228	T. Kok	Netherlands
237580	D. Schmidt	Japan
239628	A. García	Mexico
204301	M. Rochester Sørensen	Denmark
226061	B. Nlaté	Cameroon
223502	C. Villagra	Argentina
233230	K. Mac Allister	Argentina
235278	P. Sabak	Belgium
240398	R. Lucena	Venezuela
203023	D. Cole	Scotland
229135	M. Hauptmeijer	Netherlands
225808	H. Hallberg	Sweden
226832	J. Calero	Colombia
232464	J. Kanakubo	Japan
234769	Juampe	Spain
238097	Na Sang Ho	Korea Republic
210962	T. Dingwall	Scotland
220690	H. Watson	New Zealand
231442	M. Browne	England
234770	Quintana	Spain
221203	D. Johnstone	Scotland
239891	A. Karnuçu	Turkey
226580	S. Saucedo	United States
235796	J. Durán	Mexico
238612	B. Turan	Turkey
241172	Diego Barri	Spain
236821	R. Asaad	Sweden
238613	O. Ural	Turkey
189206	B. Bingham	England
237079	P. Staikos	Greece
240151	J. Mendy	Senegal
222488	N. Fazzi	Italy
214041	S. Londoño	Colombia
225561	M. Litka	Germany
232473	H. Shiota	Japan
237337	T. Verlinden	Belgium
228378	A. La Gumina	Italy
236570	M. Sanhaji	Morocco
240410	N. Menéndez	Argentina
236315	A. Jones	England
231452	D. Herrera	Colombia
233500	L. Sinisterra	Colombia
239132	C. Sánchez	Argentina
240412	G. Groba	Argentina
198685	L. O'Brien	England
215581	J. Łukowski	Poland
227869	W. Kurtovic	Sweden
236829	A. Jung	France
240413	L. Ten Teije	Netherlands
227870	A. Sødlund	Norway
229918	A. Faustin	Haiti
232990	M. Kurogi	Japan
179742	S. Ito	Japan
228895	M. Scannella	France
235039	M. Nys	Belgium
240415	André Sousa	Portugal
240671	Y. Çetin	Turkey
241183	Tienza	Spain
219936	M. Al Wakid	Saudi Arabia
241184	J. Firpo	Dominican Republic
228385	H. Burgoyne	England
234785	S. Omeonga	Belgium
238881	D. Valdez	Argentina
203554	N. Welbeck	Ghana
228898	F. Perradin	France
205091	N. Gotfredsen	Denmark
223779	D. Szymański	Poland
239651	Valera	Spain
208164	J. Manière	Switzerland
240932	M. Işık	Turkey
237093	Lee Eun Beom	Korea Republic
239653	D. Zamora	Colombia
240677	M. Ellingsen	Norway
240934	S. Mutlu	Turkey
238631	L. Schnellbacher	Germany
200488	M. Mitrović	Sweden
237352	K. Skoglund	Sweden
239656	B. Urbański	Poland
231209	R. Tavera	Colombia
234537	T. Bouriaud	France
240169	R. Sprangers	Haiti
220970	V. Sköld	Sweden
232746	Park Jeong Su	Korea Republic
236586	Kim Jin Ya	Korea Republic
240938	Junior Messias	Brazil
191786	Y. Ogawa	Japan
213291	Lim Seong Taek	Korea Republic
235563	M. Chouiar	France
239403	Loureiro	Spain
235564	G. Adzhoev	Russia
238892	M. Peralta	Argentina
228397	N. Obolskiy	Russia
240429	R. Souici	France
239150	M. Bruhn	Denmark
239918	Allef	Brazil
139311	M. Böcskör	Austria
226863	D. Mboumbouni	France
231983	Z. Mathers	United States
232239	A. Makarov	Russia
233263	S. Gomez	Trinidad & Tobago
240175	Bruno Jordão	Portugal
203056	J. Meade	England
203824	R. Matthews	England
228912	B. Allain	France
237104	Jang Cheol Yong	Korea Republic
240176	M. Perg	Uruguay
205361	L. O'Neil	England
216114	I. Näsberg	Norway
225586	B. Kennedy	Northern Ireland
228658	K. O'Connor	Republic of Ireland
241202	P. Daka	Zambia
224307	T. Watson	England
225075	J. Günther-Schmidt	Germany
232755	J. Dasilva	England
229172	K. Gipson	Germany
237108	M. Soisalo	Finland
239156	M. Fossum Basse	Denmark
239412	G. Loiacono	Italy
219957	J. Barrett Laursen	Denmark
224821	S. Rouiller	Switzerland
232757	K. Scott	United States
239669	J. Levi	Sweden
203830	S. Kelly	England
219702	K. Dankowski	Poland
231222	F. Henríquez	Argentina
233014	Park Se Jin	Korea Republic
181558	R. Armand	France
197687	L. Noble	England
211511	L. McCullough	Northern Ireland
212535	A. Calver	Australia
228407	E. Lecygne	France
231479	L. Mosevich	Argentina
232759	J. Tymon	England
237623	S. Roa	Colombia
197945	R. Bowman	England
156473	S. Vernon	England
227897	M. Maria	Curacao
205370	H. Cakin	France
226874	J. Greenspan	United States
229178	S. Deslandes	France
232250	L. Amos	England
235834	F. De Paoli	Italy
53818	M. Bloomfield	England
222779	L. Choutesiotis	Greece
227899	A. Peláez	Mexico
235835	A. Confente	Italy
182331	C. Clough	England
228156	A. Angulo	Colombia
229436	S. Gartenmann	Denmark
240444	E. Alderete	Argentina
225853	R. Raveloson	France
231997	F. Hollinger-Janzen	Benin
206142	T. Dieng	France
219966	T. Dzhamalutdinov	Russia
229438	M. Piccinocchi	Italy
231743	K. Davis	England
223040	F. Çakır	Turkey
238912	S. Abdullah	Saudi Arabia
193344	P. Schürpf	Switzerland
213569	A. Taylor-Sinclair	Scotland
234817	S. Knežević	Switzerland
211266	L. Vila	Argentina
240962	M. López	Argentina
238915	K. Touré	Mali
210244	L. Angol	England
233284	Hong Joon Ho	Korea Republic
240964	N. Linares	Argentina
196933	J. Nanizayamo	France
232005	E. Palomeque	Colombia
233285	Kim Si Woo	Korea Republic
239686	A. Barylla	Germany
203079	A. Michel	Sweden
239431	I. Maela	South Africa
239944	R. Taylor	Finland
208457	A. Sarr	Senegal
227913	Pedro López	Spain
233289	O. Olomola	England
235849	M. Fofana	Mali
227146	D. Contreras	Colombia
229706	V. Wojtkowiak	France
230986	D. Bilonog	Ukraine
233034	J. Andrada	Argentina
237642	R. Petretta	Italy
238922	M. Kaye	Canada
238155	O. Alseth	Norway
225868	David Gil	Spain
229196	Julen Etxabeguren	Spain
204365	A. Forrester	England
212045	C. Højer	Denmark
233037	O. Camilo	Colombia
239693	F. Hinds	England
219726	F. Lora	Italy
235598	N. Al Dhafeeri	Saudi Arabia
239438	T. Hadebe	Zimbabwe
232015	C. Seiler	United States
233808	S. Palombi	Italy
235600	B. Al Mutairi	Saudi Arabia
239696	F. Muslija	Germany
236626	J. Koutroumbis	Australia
238162	E. Mour Samb	Senegal
239442	Casitas	Spain
233811	P. De Smet	Belgium
236627	J. Kade	Germany
238675	L. Hoffmann	Germany
197972	A. Aschauer	Austria
226132	N. Cowburn	Australia
229460	A. Nalini	Italy
237140	L. Fritzson	Sweden
189780	E. Pezzi	Italy
210773	K. Skaanes	Norway
236629	C. Opéri	Ivory Coast
224854	L. Passerini	Argentina
240470	A. El Hriti	France
206423	V. Haroyan	Armenia
232535	G. Benítez	Argentina
239959	S. Gregov	Croatia
210776	A. Hirzel	Switzerland
224088	N. Atangana	France
238936	M. Kleinsorge	Germany
239704	K. Wagner	Germany
225625	K. Vincent-Young	England
228185	D. Mordini	Italy
219482	R. Fulton	Scotland
233562	Ricky Alonso	Spain
239962	I. Jukić	Croatia
208987	I. Zaid	Saudi Arabia
234843	M. Leitsch	Germany
205660	J. Goddard	England
228188	P. Kotal	India
234076	M. Patterson	New Zealand
205149	E. Schulze	Norway
224349	M. Seidel	Germany
225117	N. Haas	Switzerland
162911	R. Henry	England
235871	Tiago André	Portugal
240479	F. Pekşen	Turkey
229472	F. Porath	Germany
210785	B. Al Baqi	Saudi Arabia
221281	D. Hyam	Scotland
224865	C. Wighton	Scotland
227681	G. Luer	England
233057	F. Troyansky	Argentina
221538	W. Nightingale	England
231266	N. Janvier	France
208995	S. Al Dosari	Saudi Arabia
240483	O. Ökke	Turkey
239972	L. Polvani	Italy
183140	A. Krysiak	Poland
233829	N. Diallo	France
223078	J. Coulson	England
208999	D. Wright	England
220008	C. Jahraldo-Martin	Antigua & Barbuda
239208	D. Newton	England
53352	D. Bulman	England
223850	L. Zarandia	Georgia
234858	M. Funk	Germany
233067	Sergio García	Spain
236907	A. Galadzhan	Russia
219244	D. von Ballmoos	Switzerland
198253	S. Arnold	England
211053	L. Hägg-Johansson	Sweden
228461	Ryu Jae Moon	Korea Republic
229742	H. Alpsoy	Switzerland
237422	Y. Gómez	Colombia
238446	Tachi	Spain
220271	M. Evouna	Gabon
234352	M. Puerta	Colombia
214641	S. Tanser	England
232561	K. Inada	Japan
189041	M. Gardawski	Germany
228210	L. Jackson	Australia
235378	F. Eguelfi	Italy
238962	M. Bauer	Germany
231539	N. Andereggen	Argentina
235379	E. Ndoj	Albania
237683	N. Holland	England
239731	M. Ambrosiewicz	Poland
210804	M. Salem	Saudi Arabia
214644	Álex Portillo	Spain
218740	K. Alphonse	Ivory Coast
227701	M. Pugliese	Italy
181109	T. Hirakawa	Japan
222070	J. Berner	United States
222582	Kim Yeong Bin	Korea Republic
231030	A. Natcho	Russia
219255	M. Palienko	Russia
237943	D. Scarr	England
239991	N. Kalugin	Russia
222329	M. Wdowiak	Poland
226681	A. Reyes	Colombia
229753	T. Ndenge	Germany
235386	R. Peña	Mexico
235642	R. Yates	England
225147	C. Roberts	Wales
235387	B. Gaye	Germany
237179	C. Ndiaye	Senegal
237691	F. Castellano	Italy
238203	J. Pirinen	Finland
189307	L. Young	England
226172	L. Mandeville	England
228732	H. Moukoudi	France
189308	D. Bennett	England
233085	F. Costa	Argentina
240509	M. Santos	Uruguay
240766	A. Tartaglia	Italy
212352	E. Nyarko	Ghana
214656	B. Nordström	Sweden
222080	H. Zapata	Colombia
224128	D. Ferfelis	Germany
237440	H. Delcroix	Belgium
186752	P. Friis Jensen	Denmark
213889	R. Haynes	England
215425	F. Sachpekidis	Sweden
240258	O. Sanganté	Senegal
205187	Sillero	Spain
233603	S. Moussa	Tunisia
237443	T. Okubo	Japan
240259	M. Merghem	France
205956	C. Dunne	Republic of Ireland
226180	J. Bingham	Australia
228740	C. Jacob	France
216453	L. Shephard	Wales
239237	K. Słaby	Poland
240005	A. Soyak	Germany
221574	W. de la Rosa	Colombia
227974	K. Benyu	Zimbabwe
236678	S. Lo Faso	Italy
238982	U. Sen	Germany
199047	D. Corcoran	Republic of Ireland
222599	Silvério Júnio	Portugal
208776	F. Stritzel	Germany
240776	S. Laiton	France
217225	J. Lalpekhlua	India
189833	R. Tait	Scotland
217994	M. Crowe	Wales
232586	K. Koizumi	Japan
137356	S. Farelli	Italy
212620	D. De Girolamo	Italy
235148	M. Haddachi	Morocco
235916	V. Mantovani	Italy
236940	Darío Poveda	Spain
237708	M. Sylla	France
223373	L. Maguire	England
231310	S. Nigro	Australia
233102	B. Janssen	Netherlands
198543	A. Greene	Republic of Ireland
227215	S. Magallán	Argentina
235151	T. Ogihara	Japan
240015	I. Hongn	Argentina
220816	R. Selasi	Ghana
229776	M. Hedegaard	Denmark
236944	F. Diabaté	Mali
240528	M. Ahlinvi	France
205713	P. Boumal	Cameroon
172177	D. Talbot	England
239505	P. Kun	Poland
211090	D. Evtimov	Bulgaria
228498	Choi Bong Jin	Korea Republic
240530	K. Yamga	France
184466	A. McGurk	Northern Ireland
219795	J. Coleman	England
239763	E. Zhegrova	Kosovo
241043	G. Freitas	Uruguay
152724	D. Pugh	England
231828	F. Tingager	Denmark
232596	T. Imai	Japan
239764	S. Franchini	Italy
220565	A. Romano	Italy
223381	M. Demetriou	England
225173	B. Landini	France
226709	A. Melo	Argentina
228757	M. Mathisen	Denmark
232085	M. Bringaker	Norway
235925	G. Gómez	Argentina
238485	M. Kessel	Germany
211094	D. Podleśny	Poland
215190	G. Yordan	Argentina
236950	G. Quezada	Ecuador
240022	G. Zecca	Italy
228503	Jeong YeongChong	Korea Republic
229783	D. Gyollai	Hungary
231319	J. Álvarez	Mexico
236695	Luis Muñoz	Spain
203416	L. Norris	England
237720	R. Al Shammari	Saudi Arabia
240024	J. Serrano	France
240792	Calzado	Spain
199321	T. Holý	Czech Republic
207513	G. Holohan	Republic of Ireland
234905	D. Vanzeir	Belgium
235161	J. Maja	England
220058	D. Phillips	England
225946	O. Shenton	England
217243	M. Müller	Germany
234139	I. Ben Khemis	Tunisia
240027	A. Vrenezi	Kosovo
212380	M. Al Rashdi	Saudi Arabia
227228	José Fran	Spain
229276	P. Bartolomei	Italy
231580	A. Evans	England
231836	J. Karlsson	Sweden
230045	L. Toussaint	France
233885	E. Cümart	Switzerland
223902	T. Pett	England
230558	M. Frediani	Italy
233374	R. De Ciancio	Argentina
234142	F. Della Giovanna	Italy
169631	B. Dennehy	Republic of Ireland
241056	G. Guessan	Ivory Coast
222369	E. Smith	Sweden
226721	G. Alcalá	Mexico
216226	A. Kenyon	England
228514	S. Massolo	Italy
232354	A. Kacou	Ivory Coast
231075	B. Makendzhiev	Bulgaria
235939	F. Zorba	Turkey
237475	H. Özkan	Turkey
213668	J. Starkey	England
225188	R. Baas	Netherlands
237220	C. Odoi-Atsem	United States
239268	N. Manzambi	Switzerland
218789	Z. Lewis	Bermuda
232613	T. Marutani	Japan
203430	G. Ray	Wales
237222	B. Aubrey	United States
212647	H. Bilgiç	Turkey
232871	Gao Zhunyi	China PR
140456	R. Patterson	Northern Ireland
229800	R. Sharahili	Saudi Arabia
233128	M. Kouhyar	Afghanistan
185256	J. Hoffman	Australia
198057	E. Frear	England
209834	K. Appiah	Australia
237994	N. Barrios	Argentina
238506	O. Vojic	Austria
191146	D. Szufryn	Poland
221867	J. Stobbs	England
239020	A. Köse	Turkey
212398	K. Angielski	Poland
223918	B. Comley	Montserrat
225198	A. Al Hbeab	Saudi Arabia
228526	Hwang ByeongGeun	Korea Republic
231342	D. Fox	Australia
236462	L. Faye	Netherlands
222639	R. Ramírez	Argentina
235439	R. Moon	South Africa
237999	Yeo Bong Hun	Korea Republic
227760	A. Nesbitt	Scotland
231089	I. Sissoko	France
234161	G. Makhatadze	Russia
237745	H. Miyazawa	Japan
221874	E. Besea	Ghana
236210	D. Vorobyev	Russia
229043	D. Konaté	Ivory Coast
232627	H. Goya	Japan
240051	M. Dauter	Germany
224180	A. Dartsch	Germany
237237	J. Calor	Netherlands
238005	J. Żubrowski	Poland
213686	D. Love	Scotland
229815	N. Antonitsch	Austria
234167	S. Van der Heyden	Belgium
238519	H. Al Shamrani	Saudi Arabia
213688	J. Weir	England
226232	J. Pohl	Denmark
236216	E. Mensah	Ghana
239032	J. Gobron	France
236217	P. Neumann	Germany
237498	T. Figueroa	Mexico
206523	S. McCartan	Northern Ireland
240315	R. Gielen	Netherlands
210108	E. Lee	England
233404	I. Rojas	Colombia
213693	J. Rothwell	England
225213	G. Singh Sandhu	India
231613	S. McCoulsky	England
205502	A. Phillips	Wales
29118	S. Ono	Japan
234942	M. Heinrich	Germany
235966	G. Goñi	Argentina
238782	P. Eggersglüß	Germany
239806	A. Khammas	Belgium
223679	T. Rieder	Germany
225727	A. Koçaklı	Turkey
233152	K. Itakura	Japan
230593	S. van Looy	Netherlands
235969	K. Yaşar	Turkey
200386	D. Alfei	Wales
240834	L. Carević	Montenegro
181698	A. Bouchard	France
230851	L. Mesa	Argentina
189891	F. Franks	England
222916	J. Ginnelly	England
224964	B. Hendriksson	Faroe Islands
183236	L. Skowron	Poland
221893	P. Golubović	Serbia
223429	D. Luxbacher	Austria
224965	C. Doidge	Wales
231877	B. Allen	United States
235205	B. Gyamfi	Ghana
239301	L. Martínez	Argentina
226246	L. Compagnucci	Argentina
194248	Ryang Yong Gi	Korea DPR
239817	B. Soumaré	France
212682	B. Morris	England
151498	G. Thompson	England
235978	Kaiser	Spain
237259	R. Dunk	United States
237515	Sillero	Spain
231116	N. Temperini	Argentina
240588	Tanis	Spain
183244	A. Redmayne	Australia
211917	S. Braun	Germany
216270	G. Honeyman	England
229582	G. Mancini	Italy
230862	V. Voisin	France
237774	M. Tsintsadze	Georgia
185038	M. Gliwa	Poland
210639	J. Morias	Jamaica
212175	P. Farman	England
231119	Erin Pinheiro	Cape Verde
232655	S. Juklerød	Norway
240847	Leonardo Rocha	Portugal
218576	W. Aimson	Wales
227792	G. Al Shelali	Saudi Arabia
235472	Diego Ferraresso	Brazil
237520	M. Camara	Guinea
239312	D. Avounou	Congo
239824	G. Clemens	Mexico
235474	G. Rolando	Italy
237010	Deng Hanwen	China PR
237266	M. Epps	United States
228819	M. Vargas	Argentina
239571	T. Handwerker	Germany
199892	J. Adão	Switzerland
226772	J. Laso	Argentina
228053	S. Harrison	England
238037	N. Bazzana	Argentina
202198	J. Slew	England
220886	B. Tuiloma	New Zealand
186838	G. Doherty	Northern Ireland
194006	N. Gétaz	Switzerland
232920	C. McDermott	Republic of Ireland
240088	I. Melnikov	Russia
201433	M. Cramer	Denmark
173785	L. Joyce	England
240857	A. Majrashi	Saudi Arabia
241113	Nil Coch	Spain
139482	M. Bean	Jamaica
232410	F. Escales	France
233178	M. Köhlert	Germany
240090	O. Saraçoğlu	Turkey
240858	Viedma	Spain
184794	A. Yates	England
218587	N. Keown	Republic of Ireland
215517	F. Sittsam	Austria
221149	H. Kyprianou	Cyprus
221405	M. Rodríguez	Mexico
225758	T. Uzan	Turkey
237022	Víctor Narro	Spain
199647	P. Wlazło	Poland
227807	M. Folivi	England
234975	P. Szarek	Poland
200416	J. Tyson	Australia
214241	J. Palacios	Colombia
233953	J. Deom	Belgium
236769	E. De Santis	Italy
239073	C. Antwi-Adjej	Germany
230882	J. Simpson	England
232674	F. Ghazi	Saudi Arabia
222947	T. Davies	England
237540	P. Förster	Germany
209893	J. Pepper	Australia
239333	M. Demir	Turkey
228070	J. Silva	Argentina
229350	D. Brewster	England
236006	J. O'Doherty	Australia
222695	R. Husić	Germany
227815	V. Arboleda	Colombia
238567	C. Theisen	Germany
239591	A. López	Mexico
241127	Gonzalo Pereira	Spain
194791	R. Murray	Republic of Ireland
202984	Yoon Dong Min	Korea Republic
229352	J. Mosquera	Colombia
231400	M. Bruintjes	Netherlands
237544	L. Vido	Italy
239848	O. Dytyatev	Ukraine
216297	A. Razeek	Sri Lanka
223977	A. Nemane	France
227817	C. Rosel	Mexico
239337	R. Herrmann	Germany
232682	A. Al Suwat	Saudi Arabia
183530	J. Smith	England
211179	N. Lancini	Italy
212459	M. Cavion	Italy
225516	S. Martelli	Argentina
240108	C. Zamora	Mexico
233965	A. Castro-Montes	Belgium
234989	A. Benedetti	Italy
239341	L. Hemmerich	Germany
240109	E. García	Mexico
240877	Felipe	Spain
219886	H. Heath	England
224238	W. Boyle	Scotland
226542	D. Martínez	Colombia
240878	Barbero	Spain
232687	H. Mitsumaru	Japan
241135	J. Collins	Nigeria
203504	A. Amadi-Holloway	Wales
217584	S. Bourard	Belgium
232688	E. Franco	Argentina
240368	G. Lazarte	Argentina
183792	T. Piermayr	Austria
204785	M. Mandron	Scotland
229873	A. Munksgaard	Denmark
234993	D. Alampasu	Nigeria
226290	U. Tavares	Mexico
220915	G. Moncini	Italy
224499	M. Lund	England
237043	R. Alvarado	Mexico
240627	A. Anastasio	Italy
241139	B. Hansen	Denmark
238068	M. Richter	Germany
240628	D. Šarić	Bosnia Herzegovina
227573	D. Nazon	Haiti
240629	L. van Dijk	Netherlands
182261	D. Mejía	Mexico
221686	C. Mosca	Argentina
237046	G. Villar	Argentina
220919	A. Al Fahad	Saudi Arabia
225015	G. Scalera	Italy
222456	C. Ward	England
225784	K. Hinds	England
172024	Sito Riera	Spain
231929	G. Miller	England
240889	J. van der Sar	Netherlands
232954	R. Kurisawa	Japan
237050	O. Kudryk	Ukraine
232187	A. Berry	Australia
237563	A. Badji	Senegal
241147	M. Ferreyra	Argentina
206332	G. Morrissey	Republic of Ireland
236028	Javi Díaz	Spain
237308	S. Adekoya	United States
201981	A. Asante	Netherlands
212733	G. Green	England
214013	J. Murillo	Colombia
233213	V. Tranberg	Denmark
231166	Joel Arimany	Spain
238846	T. Archibald	Scotland
239870	M. Karpov	Russia
240126	W. Meyiwa	South Africa
228607	D. Reimann	Germany
231423	C. De Norre	Belgium
189695	J. Devitt	Republic of Ireland
231936	B. White	England
228097	E. Goshev	Russia
237570	T. Plavotic	Croatia
228356	J. Maguire-Drew	England
239620	J. Cruz	Mexico
186884	B. Kantarovski	Australia
220677	J. Morrell	Wales
220933	A. Bellemo	Italy
222469	C. Rubio Sivodedov	Sweden
239621	J. Celaya	Mexico
240901	Idrisa Sambú	Portugal
238854	O. Rommens	Belgium
240902	Sergio Benito	Spain
221447	J. Robinson	United States
222471	J. Rasheed	Norway
225543	B. Collins	England
241160	G. McEachran	England
224009	E. Ekpolo	Nigeria
234249	S. Surridge	England
236297	M. Cortés	Colombia
238345	K. Tagawa	Japan
200714	H. Hope	England
227082	D. Markey	Republic of Ireland
228875	João Oliveira	Switzerland
229643	C. James	England
240139	D. Ladan	Netherlands
219660	E. Stokes	Republic of Ireland
229900	S. Lauper	Switzerland
234252	C. Jordan	England
210701	M. Al Khodary	Saudi Arabia
228365	T. Heardman	England
229901	H. Souttar	Scotland
224270	B. Gschweidl	Austria
224526	J. Lyden	Australia
235534	D. Parra	Mexico
239630	I. Zamora	Mexico
227855	B. Sabovic	Sweden
232975	H. Yamamoto	Japan
240656	F. Pavoni	Italy
221457	L. Fasan	Italy
224017	J. Williams	Wales
227601	A. Andersson	Sweden
235537	E. Sánchez	Mexico
192273	E. Hedvall	Sweden
227602	F. Álvarez	Argentina
230162	I. Wilson	Scotland
235026	O. Richards	England
232979	T. Tsuda	Japan
237332	A. May	England
240148	J. Rijkers	Netherlands
237077	F. Boya	Cameroon
240405	J. González	Argentina
236310	S. Hart	England
159255	P. Haginge	Sweden
232727	K. Ikeda	Japan
213272	L. Cháves	Argentina
231448	R. Nelson	England
235800	M. Šverko	Croatia
239640	J. Cortés	Colombia
237849	R. Marín	Mexico
240921	R. Hernández	Venezuela
229914	E. Osadebe	Republic of Ireland
237082	S. Pispas	Greece
173338	T. Tanaka	Japan
212763	S. McGuinness	Republic of Ireland
240411	A. Módula	Argentina
236316	Y. Valery	France
237085	Yoo Seung Min	Korea Republic
232479	T. Nishimura	Japan
237089	Park Won Jae	Korea Republic
237602	M. Ngwisani	Germany
201251	M. Slavov	Ukraine
241187	L. Geertruida	Netherlands
225061	A. Al Harbi	Saudi Arabia
229669	Matheus Silva	Brazil
240933	O. Ayın	Turkey
212006	B. Waters	England
227878	C. Guy	England
231718	A. Terekhov	Russia
236840	L. Amador	Mexico
237608	L. Gerlspeck	Germany
237609	A. Zeka	Albania
241193	S. Woudstra	Netherlands
197930	J. Parker	Antigua & Barbuda
228906	P. Dimitriou	France
235051	D. Johnson	England
235307	D. Southwell	England
237355	N. Kabamba	England
240171	D. Ryan	Australia
215084	B. Héry	France
236588	Q. Bena	France
239660	L. Angulo	Colombia
220461	L. Barlocco	Italy
239661	I. Young	United States
204334	I. Gelios	Greece
221486	D. O'Shaughnessy	Finland
233518	A. Guliev	Azerbaijan
235054	I. Vujica	Australia
237359	L. Jonsson	Sweden
226864	M. Brunelli	Italy
234288	M. Uusitalo	Finland
235056	B. Simakala	Germany
229681	J. Burn	England
200498	D. O'Connor	Republic of Ireland
239154	M. Fisch	Denmark
236596	I. Hajtic	Bosnia Herzegovina
236852	J. Garay	Colombia
219701	J. Wrąbel	Poland
232245	Han Ji Won	Korea Republic
225590	I. Colman	Argentina
229942	A. Disasi	France
157240	S. Elliott	Republic of Ireland
228152	E. Onariase	England
239928	T. Müller	Germany
202809	R. Deacon	England
208697	D. Rogers	Republic of Ireland
224569	C. Craft	United States
229433	A. Zendejas	United States
228923	A. Scherbakov	Russia
232507	R. Hironaga	Japan
229948	J. Harper	Scotland
236348	S. Atakayi	Finland
237884	L. Ritzka	Germany
206653	B. Potts	England
236861	F. Mosquera	Colombia
225855	A. Bobichon	France
233791	A. Maksimenko	Russia
238655	R. Kristo	United States
240447	L. Destéfano	Argentina
220994	J. Bridge	England
213571	C. Elliott	England
222787	M. Abundiz	Mexico
229187	C. Kader	Germany
240451	J. Beste	Germany
239172	M. Engl	Germany
215365	L. Forte	Italy
236357	A. Al Bukhari	Saudi Arabia
189255	R. Olsen	Denmark
227656	M. Milinković	France
239432	A. Grbic	Austria
240456	G. Bianchini	Argentina
191560	T. Sugiyama	Japan
240969	J. Carranza	Argentina
229962	K. Storer	England
225355	W. Parra	Colombia
212812	K. Kinoshita	Japan
239948	S. Reyes	Mexico
228685	E. List	England
198990	R. Brennan	Republic of Ireland
207950	A. Azeez	England
237646	D. Muñoz	Colombia
238670	K. Hoffmann	Germany
224335	L. Cueto	Germany
226127	C. Deprès	France
237391	M. De Luca	Italy
240719	Mario Sánchez	Spain
233040	J. Augustinsson	Sweden
203090	R. Charles-Cook	England
237138	Y. Maziz	France
211283	K. Nowak	Poland
229459	N. Schiavi	Argentina
237395	V. van den Bogert	Netherlands
240211	G. Gentile	Argentina
233812	A. Lucoqui	Germany
229973	J. Piotrowski	Poland
233045	I. Ugbo	England
235605	T. Reid	England
240213	A. Gritsaenko	Russia
240725	I. Aaneba	France
229718	W. Patching	England
235606	J. Karlstrøm	Norway
237398	D. Metzger	United States
204887	Ruben Bover	Spain
231511	J. Svensson	Sweden
237143	H. Suárez	Colombia
237655	B. De Alba	Colombia
231512	L. Kelly	England
240472	Hu Ruibao	China PR
211033	L. García	Mexico
233305	P. Dzalto	Croatia
239193	B. Volpini	Argentina
239449	I. Bamba	France
240729	L. Rajot	France
183641	V. Faherty	Republic of Ireland
224091	D. Rosin	Germany
238683	A. Sicker	Germany
202332	H. Valgarðsson	Iceland
212573	V. Maksimenko	Latvia
213853	K. Mullin	Russia
223069	O. Sowunmi	England
228189	K. Pereira	India
200286	K. Mellor	England
226654	S. Ring	Sweden
233310	G. Kelly	Republic of Ireland
237918	D. Sugimoto	Japan
240991	F. Florio	Italy
120415	S. Shearer	Scotland
235872	Vitó Ferreira	Portugal
240480	F. Yiğit	Turkey
240736	G. Borello	Italy
202594	S. Beattie	Republic of Ireland
163170	A. Downes	Australia
240738	R. Muhammed	France
237155	S. Gnaka	Ivory Coast
239459	A. Arce	Mexico
232804	S. Shimizu	Japan
221285	J. Sotirio	Australia
225125	H. Anderson	England
203366	E. Skaasheim	Norway
223846	G. Smith	England
228198	J. Singh	India
210791	A. Al Saleh	Saudi Arabia
213351	S. Matic	Sweden
205160	J. Davis	England
215400	H. Lorentzen	Norway
137321	A. Faivre	France
227945	S. Findlay	Scotland
235881	M. Eid	Palestine
238185	J. Rowley	England
199018	M. Leahy	Republic of Ireland
209258	R. Hanley	England
239466	M. Skenderović	Germany
228715	B. Van Durmen	Belgium
238700	K. Tittel	Germany
234861	R. Ziegele	Germany
236397	D. Osei	England
220014	L. Kinsella	England
231278	E. Maury	France
168302	D. Giorgino	Italy
240750	S. Mukhammad	Afghanistan
231536	T. Johnson	England
232560	K. Kirihata	Japan
188528	Rodrigo	Brazil
233841	C. Cuesta	Colombia
235633	Y. Diouf	France
236657	F. Ugrinic	Switzerland
238449	A. Ikedi	Nigeria
189809	D. Meenan	Northern Ireland
237682	A. Najem	United States
240498	H. Traore	Mali
241010	M. Ortíz	Argentina
189810	S. Duggan	Republic of Ireland
220531	I. Łasicki	Poland
231540	S. Wharton	England
237173	C. Iwasa	United States
22391	R. Cretaro	Republic of Ireland
174199	S. Old	New Zealand
235896	S. Al Mutairi	Saudi Arabia
231033	J. Maguire	England
237433	H. Ide	Japan
214651	C. Storie	Scotland
239995	P. López	Mexico
241019	N. Gigli	Italy
238972	L. Cichos	Germany
239996	E. Ayala	Mexico
225661	N. Al Muwallad	Saudi Arabia
226429	A. Coote	Scotland
202881	K. Buckley	Republic of Ireland
234881	L. Scott	Australia
222082	R. Mendiola	Mexico
224130	J. Vickers	England
208771	G. Buckley	Republic of Ireland
233092	J. Pereyra	Argentina
173188	S. Hirayama	Japan
235141	P. Menzel	Germany
213127	A. McGowan	England
228999	S. Joss	Switzerland
239496	Y. Fekir	France
240777	L. Ranieri	Italy
201354	R. Marcone	Romania
231818	J. Wright	England
234378	D. Rice	Republic of Ireland
237194	S. Camargo	Canada
182154	Song Yoo Gul	Korea Republic
238731	V. Stenzel	Germany
240267	A. Batsuev	Russia
200844	J. Keohane	Republic of Ireland
237196	B. Diallo	France
240268	A. Kadyrov	Russia
240524	M. Ebiye	Nigeria
191372	R. Bando	Japan
235661	D. Haspolat	Netherlands
210319	I. Akinade	Nigeria
231567	B. Jairu	India
228752	T. Al Shamali	Saudi Arabia
238736	R. Dadashov	Azerbaijan
238737	R. Bidounga	France
235154	J. Oosterlen	Netherlands
237714	D. Ingham	New Zealand
220563	L. Cuesta	Colombia
234643	L. Bätge	Germany
235155	J. Bekkema	Netherlands
181907	J. Villalpando	Mexico
211604	L. Roberts	England
240276	A. Guarnone	Italy
237717	B. Etcheverria	France
213654	G. Kamara	Finland
222870	G. Cooper	England
231318	R. Perraud	France
233366	V. Henry	France
201111	M. Górski	Poland
225176	C. Quenum	France
234648	M. Huber	Austria
235416	M. Entrup	Austria
228505	P. Pentz	Austria
199834	M. Vilhete	Portugal
192154	J. Payne	England
238235	H. Vetlesen	Norway
241051	A. Canbaz	Germany
240028	R. Al Hafizi	Saudi Arabia
213149	C. King	Scotland
238749	M. Nade	France
228510	H. Hyseni	Germany
238238	J. Schneider	Germany
238494	D. Gojko	Poland
230047	F. Ronstadt	Germany
233887	J. Chicco	Argentina
237471	D. Pybus	England
238751	T. Cottes	France
239775	F. Senninger	Germany
214432	J. Valencia	Colombia
239776	J. Hoffmann	Germany
222625	N. Smith	England
230817	J. Machín	Equatorial Guinea
233633	C. Rodríguez	Colombia
222114	A. Lacey	England
239267	A. Pululu	France
212388	A. King	Scotland
235940	A. Parkhouse	Australia
240549	J. Urke	Norway
236454	S. Doumbia	Ivory Coast
203175	L. Burge	England
233895	Y. Ndiaye	France
234407	J. Bitter	Germany
236455	J. Morsay	Sweden
236712	D. Lavalée	Belgium
237224	B. Wright	Canada
226729	A. Swolfs	Belgium
227498	K. Woolery	England
210347	I. Lučić	Austria
220587	B. Smuczyński	Poland
216494	A. Falahen	Palestine
240559	Obama	Spain
208816	M. Rose	England
230834	A. Peña	Mexico
231858	D. Conner	United States
234674	K. Roberts	England
232371	W. Hashimoto	Japan
232116	S. Salles-Lamonge	France
235700	J. Green	England
235956	J. Behounek	Germany
238772	S. Zehnder	Germany
240052	K. Senkbeil	Germany
152501	S. Brown	England
153269	H. Guy	Ivory Coast
225974	S. McKenna	Scotland
235702	L. Del Pinto	Italy
230839	Z. Jules	Scotland
239545	J. Godínez	Mexico
237242	F. Román	Colombia
216507	N. Gutjahr	Germany
227515	D. Moreno	Colombia
236988	E. Nketiah	England
231869	I. Cissé	France
232893	K. Kitamoto	Japan
238269	J. Pendant	France
239037	N. Barthélémy	France
241085	L. Tempelmann	Germany
233918	M. Velazco	Argentina
222399	C. Ogilvie	England
195519	H. Beautyman	England
227520	T. Salquist	Denmark
228544	S. Daham	France
237760	K. Sugiyama	Japan
233665	J. Ayunga	Kenya
240065	S. Ribéry	France
231362	A. Gambetta	France
237762	Y. Kawai	Japan
223941	D. Tutonda	DR Congo
232645	F. Cambeses	Argentina
235975	A. Al Aryani	Saudi Arabia
232904	A. Al Dawsari	Saudi Arabia
182728	J. McQuoid	Northern Ireland
53960	S. Russell	England
208329	P. Skapetis	Australia
227785	C. Guanca	Argentina
235209	A. Siebeck	Germany
239305	Madger Gomes	Spain
241097	M. González	Argentina
216522	C. Calvert	United States
212939	D. Douline	France
237263	B. Nana-Sinkam	United States
201169	K. Forenc	Poland
213201	D. Rowe	England
232401	J. Kinjo	Japan
235729	D. Bates	Scotland
237265	L. Callahan	United States
208850	A. Williams	England
212178	J. Flatt	England
222162	M. Berg Gjerstrøm	Norway
236754	J. Rønningen	Norway
235987	I. Gómez	Argentina
238803	T. Baumgart	Germany
225493	N. Maher	England
237525	A. Bodart	Belgium
226006	C. Horgan	Republic of Ireland
238038	J. Wehrmann	Netherlands
189910	C. Main	England
234967	J. Giraldo	Colombia
235223	J. Shaibu	Denmark
178392	E. Kronberg	United States
149721	G. Rogers	Republic of Ireland
222937	B. Close	England
231897	M. Corboz	United States
207834	A. Gounet	France
184282	R. Lainton	England
211163	T. O'Sullivan	Wales
233435	M. Maranda	Austria
232412	E. Adams	England
239324	M. Talal	France
240860	Lara	Spain
176860	C. Månsson	Sweden
237789	Y. Kimoto	Japan
240861	Núñez	Spain
226270	G. Caffa	Argentina
235998	Vera	Spain
236510	B. Varga	Hungary
218591	S. Long	Republic of Ireland
239327	J. Bouet	France
239583	O. Filip	Austria
234464	V. Ramis	Argentina
223969	J. Jones	Scotland
233441	T. Bola	England
102881	K. Stamatopoulos	Canada
234465	A. Araujo	Argentina
184801	A. Fleming	England
231650	J. Bamert	Switzerland
234722	O. Mamoun	France
199139	S. Folan	Republic of Ireland
190179	D. Cornell	Wales
229860	F. Andersson	Sweden
237796	T. Onozawa	Japan
239076	A. Nurudeen	Ghana
233446	E. Næsbak Brenden	Norway
234982	M. Christensen	Denmark
237030	Lee Jeong Bin	Korea Republic
224487	E. Brophy	Scotland
169191	G. Peers	Republic of Ireland
238055	A. Al Najjar	Saudi Arabia
222952	A. Paroni	Italy
228584	A. May	England
237800	R. Sawakami	Japan
239592	J. Macías	Mexico
226281	E. Nesterenko	Russia
239338	A. Ibrahimaj	Germany
198891	C. Clifford	Republic of Ireland
202731	C. McCormack	Republic of Ireland
212971	N. Al Mousa	Saudi Arabia
231147	R. Wolsztyński	Poland
235755	A. Trusty	United States
228845	H. Sandvik	Norway
237805	V. Patrasco	Moldova
211438	M. Bürki	Switzerland
230126	J. Brophy	England
228591	C. Arcus	Haiti
231663	J. Barrett	Republic of Ireland
235503	A. Nkosi	South Africa
226288	Samu Casado	Spain
234480	A. Larsen	Denmark
238321	S. Buchta	Germany
239089	F. Dmitrovic	Serbia
240369	M. Mellado	Argentina
225266	M. Rasmussen	Norway
238322	T. Roex	Netherlands
240370	J. Álvarez	Argentina
240882	Miguel Magalhães	Portugal
212979	M. Netolitzky	Germany
236787	D. Franke	Germany
175603	R. Gilmartin	Republic of Ireland
182003	E. Dahlin	Sweden
225524	S. Bjørkkjær	Norway
236277	V. Mouangue	France
229367	S. Humphrys	England
239095	J. Schryvers	Belgium
239351	A. Fuchs	Germany
176631	B. Lekström	Sweden
231673	L. Dreher	England
229114	L. Bossin	Republic of Ireland
237818	N. Arena	Argentina
148475	L. Radliński	Poland
240379	M. Rodríguez	Argentina
207868	J. Mountney	Republic of Ireland
232188	K. Montaño	Mexico
239868	A. Vlachomitros	Greece
237821	I. Oda	Japan
239613	M. Pessina	Italy
183549	E. Parish	England
220926	A. Al Turki	Saudi Arabia
231679	A. Lamonge	France
240127	O. Bala	Turkey
240639	R. Benschop	Netherlands
222208	A. Marfaing	France
225536	R. Corlu	Denmark
240640	L. Morales	Argentina
221953	B. Whitfield	England
222209	G. Mutombo	France
240641	S. Al Shammari	Saudi Arabia
201474	S. Brennan	Republic of Ireland
206082	K. Callan-McFadden	Republic of Ireland
206338	D. Morrissey	Republic of Ireland
226818	C. Donovan	United States
239874	E. Keles	Austria
211203	S. Long	England
224515	J. Simonsen	Denmark
230660	C. Mbulu	England
241157	T. Sainte-Luce	France
224262	R. Griffiths	England
237318	G. Bokwé	Cameroon
237574	S. Tetteh	Ghana
240134	David Batanero	Spain
213767	L. Nolan	Northern Ireland
228103	T. Akmurzin	Russia
232711	J. Stage	Denmark
239367	R. Hack	Germany
240904	Javi Vázquez	Spain
225033	N. Senzemba	France
232969	H. Oka	Japan
224522	A. O'Hanlon	Republic of Ireland
238090	Kim Sung Ju	Korea Republic
187658	L. Saxton	England
240907	Toni Gomes	Portugal
212492	J. Gray	England
231436	G. Diangana	England
238092	M. da Fonte	United States
239884	F. Adorni	Italy
225806	G. Legg	England
227854	M. Foulds	England
237582	K. Nagato	Japan
224015	R. Bartczak	Poland
222992	L. Godoy	Argentina
240400	C. Manicone	Italy
232721	Y. Fujita	Japan
238865	N. Ortiz	Argentina
198162	F. Mveng	Switzerland
221202	M. Barnes	England
223762	A. Khongjee	India
238610	K. Majić	Croatia
239634	L. Bünning	Germany
205075	K. Bigler	Switzerland
238099	Lee Joong Seo	Korea Republic
205589	C. Thompson	England
211478	A. George	India
236822	G. Gudmundsson	Sweden
188950	V. Noring	Sweden
219159	D. Nizic	Australia
184599	R. Simpson	England
232216	Kim Gyeong Jae	Korea Republic
240920	F. Al Habib	Saudi Arabia
240665	Carlos Gracia	Spain
204314	W. Frantzen	Norway
234522	J. Okkels	Denmark
236827	A. Llovet	France
228381	E. Granat	Sweden
239901	S. Kalajdzic	Austria
207646	P. Sweeney	Republic of Ireland
239646	J. Osabutey	Ghana
240670	L. Álvarez	Argentina
224543	M. Stryjek	Poland
237087	Lee Jae Hyeong	Korea Republic
239648	M. Nardi	Italy
190240	S. Bennett	England
232481	K. Matsui	Japan
239393	D. Frieser	Austria
240417	P. Silfwer	Sweden
228642	J. Tilley	England
240163	N. Czornomaz	Argentina
225316	J. Hendry	Scotland
238372	S. Mauritz-Hansen	Norway
238628	J. Albrecht	Germany
231206	D. Cruz	Mexico
239398	J. Mangert	Netherlands
240423	Gabi	Spain
240680	A. Absalem	Netherlands
236841	J. Cortizo	Mexico
239145	E. Massouema	France
218922	G. Davies	Sierra Leone
235818	N. Basin	France
232747	D. Watabe	Japan
239659	L. Barros	Colombia
227884	B. Osayi-Samuel	Nigeria
229676	B. Haunstrup	England
232748	R. Okui	Japan
240940	R. de la Rosa	Mexico
217645	Y. Kurihara	Japan
237615	G. Poluzzi	Italy
238127	M. Tissera	Argentina
228657	Z. Herivaux	Haiti
236595	K. Luibrand	Germany
237363	J. Andersson	Sweden
238131	H. Weigelt	Germany
239667	P. Salata	Germany
229685	J. Fryer	England
235061	O. Al Sunain	Saudi Arabia
204854	L. Lynch	Republic of Ireland
236342	N. Mileusnic	Australia
239158	R. Minor	Denmark
230711	E. Dsane	England
234295	V. Onovo	Nigeria
211768	L. Italiano	Australia
236344	J. Molumby	Republic of Ireland
228665	R. Ariza	Colombia
239673	T. Cordner	England
238651	J. Hodek	Germany
234556	Park Yo Han	Korea Republic
239164	G. Beghin	France
235325	T. van de Berg	Netherlands
237117	R. Perez	Mexico
232511	S. Sasaki	Japan
224576	L. Croll	England
235841	A. Bakayoko	France
239681	O. Bertel	Colombia
237122	T. Guidara	Argentina
215363	L. Montipó	Italy
239683	O. Escalante	Colombia
222532	M. Kitching	England
235076	L. Ndukwu	England
239684	E. Montaño	Colombia
236613	L. Grill	Germany
238918	O. Hawsawi	Saudi Arabia
229447	G. Jobava	Georgia
230983	M. Firenze	Italy
232519	G. Middleton	Scotland
235335	J. Triest	Belgium
238407	F. Ibargüen	Colombia
237384	H. Asmelash	Netherlands
229449	M. Beneddine	France
231241	T. Svendsen	Norway
240970	M. Payero	Argentina
227148	F. Bonansea	Argentina
235596	J. Al Shammari	Saudi Arabia
237132	G. Weissbeck	France
210509	T. Castella	Switzerland
224589	G. Cros	France
194894	F. Rossi	Italy
238927	J. Gies	Germany
239439	P. Płacheta	Poland
212560	N. Townsend	England
225872	J. McGrath	Republic of Ireland
239952	A. Kecskés	Hungary
190033	D. Webster	Republic of Ireland
222035	R. Martinsen	Norway
223827	J. McDonnell	England
234836	T. Duman	Germany
238165	S. Antonijevic	United States
239189	D. Lovren	Croatia
139350	R. Williams	England
237654	L. Rodríguez	Colombia
238934	M. Kremer	Germany
237399	E. Louro	United States
238423	S. Alexandersson	Sweden
209240	C. Howe	England
219737	C. McAleer	Northern Ireland
238937	P. Posipal	Germany
187993	K. Goba	France
210778	Y. Al Sawasan	Saudi Arabia
235610	J. Al Dhafeeri	Saudi Arabia
235866	C. Kouamé	Ivory Coast
237914	Gabriel Rodrigues	Brazil
214875	J. Roberts	England
236379	J. Lunney	Republic of Ireland
223580	R. Miller	England
233052	J. Maddox	England
236636	A. Caci	France
240476	B. Kavlak	Turkey
214621	C. O'Connor	Republic of Ireland
239709	D. Reiter	Austria
219486	P. Brough	England
228190	A. Fernandes	India
239710	Gorka Giralt	Spain
151135	J. Smith	England
237151	D. Engström	Sweden
239711	M. Drga	Austria
232544	R. Blair	Scotland
237664	I. Sangaré	Ivory Coast
240225	M. Safonov	Russia
240228	C. Velásquez	Argentina
232549	M. Peano	Argentina
185189	D. Pietrzkiewicz	Poland
220774	J. Debayo	Nigeria
231526	Y. Andzouana	DR Congo
239718	H. Bandé	Burkina Faso
228199	H. Narzary	India
236903	T. Pasher	Canada
229480	G. Jozinović	Croatia
238952	M. Schlegel	Germany
237161	S. Longstaff	England
240233	J. Pupe	Belgium
239722	C. Crespo	Mexico
236651	B. Koglin	Germany
237165	S. Tomisawa	Japan
236398	Asier	Spain
238702	T. Scheffel	Germany
238703	A. Brorsson	Sweden
215408	A. Chapman	England
238960	A. Piller	Germany
239984	A. Penny	Wales
231027	A. Marchesano	Switzerland
234867	D. Arzani	Australia
216180	L. Schubert	Austria
231028	M. Šarkić	Montenegro
231284	R. Delaney	Republic of Ireland
240500	L. Woolfenden	England
240756	P. Sussek	Germany
224374	M. Medina	Colombia
170102	T. Stewart	Northern Ireland
224887	D. Telford	England
238967	V. Lux	Kyrgyzstan
240759	S. Aliev	Russia
206200	D. Clarke	Republic of Ireland
229241	A. Sharipov	Russia
241017	F. Forni	Italy
214906	A. Hughes	Wales
231546	L. Kjemhus	Norway
232826	F. Mac Allister	Argentina
234106	N. Giménez	Argentina
239738	J. Angulo	Mexico
215419	C. Kerr	Scotland
224123	D. Agazzi	Italy
229243	T. Wiesner	Germany
223868	T. Schützenauer	Austria
232829	K. Ogawa	Japan
239997	Raul Asencio	Spain
240253	S. Khadda	France
237439	T. Shimakawa	Japan
209024	A. Barry	Republic of Ireland
230784	A. Al Megbas	Saudi Arabia
241024	M. Ruiz Díaz	Argentina
211329	B. Irie-Bi	Ivory Coast
234369	M. Mølvadgaard	Denmark
233090	J. Torres	Argentina
240002	F. Herzenbruch	Germany
229252	A. Torres	Mexico
238980	L. Daschner	Germany
222853	J. Hou Sæter	Norway
226693	M. Zeroual	Belgium
239493	M. Baku	Germany
234886	M. Dimun	Slovakia
237958	J. Villarreal	United States
239750	J. Valoyes	Colombia
237703	A. Wheeler-Omiunu	United States
238215	A. Knezovic	Croatia
210312	S. Wimmer	Austria
219272	S. Bonecki	Poland
240264	I. Alsultanov	Russia
220041	N. Lüchinger	Switzerland
227977	Y. Mabella	France
228745	C. Riascos	Colombia
239497	N. Souren	Netherlands
235658	V. Nelsson	Denmark
237707	I. Lurati	Switzerland
240779	M. Meli	Italy
239244	A. Danek	Poland
239500	E. Gründemann	Germany
193164	L. Fernández	Mexico
202125	J. Bonham	Republic of Ireland
211597	G. Glendon	Wales
217997	J. de Alba	Mexico
225677	R. Greenidge	England
211086	K. Kadyrov	Russia
238734	T. Müller	Germany
239502	W. Bianda	France
217999	B. Spencer	United States
240527	K. Le Roy	France
224913	J. Barnum-Bobb	England
230801	A. Hazazi	Saudi Arabia
232081	R. Laryea	Canada
229266	J. Rodon	Wales
232850	T. Yanagi	Japan
208275	G. Sarris	Greece
208531	P. McLain	United States
220819	R. Kitto	Australia
229267	P. Hercher	Germany
221588	A. Mondal	India
235924	H. Emiroğlu	Turkey
204693	F. Hall	Bermuda
213653	T. Dallison	England
237973	K. Kuchaev	Russia
232854	T. Hiraoka	Japan
234646	C. Riegler	Austria
237718	S. Ambri	France
241046	J. Romero	Argentina
220055	D. Garufo	Italy
231063	C. Lewis	New Zealand
237719	S. Jones	Wales
234650	M. Holzmann	Austria
237722	H. Algeed	Saudi Arabia
231323	Dani Hernández	Spain
240796	M. Roffo	Argentina
219550	O. Palmer	England
232095	O. Holness	Jamaica
235935	L. Zanimacchia	Italy
240800	F. Malagueño	Argentina
238497	M. Spielmann	Switzerland
239265	Vinicius	Brazil
182689	A. Power	Republic of Ireland
241058	R. Callachan	Scotland
187554	A. Denisov	Russia
220584	V. Myhra	Norway
225960	C. Rabitsch	Austria
226728	L. Desmond	Republic of Ireland
238504	A. Bassi	France
241064	M. Carabajal	Argentina
228777	G. Banguera	Colombia
237737	M. Sevimler	Turkey
235690	A. Bifulco	Italy
233643	S. Camara	France
212140	G. Karlen	Switzerland
230829	A. Mozo	Mexico
240046	João Victor	Brazil
226223	I. Leschuk	Russia
230064	Y. Schmid	Switzerland
225203	L. Kelly	Scotland
233396	I. Touré	Germany
211893	M. Schwabl	Germany
238773	B. van Wijnen	Netherlands
213687	L. Grimshaw	England
223671	S. Posch	Austria
240055	M. Yilmaz	Germany
203192	D. Jarvis	Northern Ireland
225976	S. Mandash	Saudi Arabia
237496	D. Mihailovic	United States
230073	I. Güven	Turkey
223163	M. Zacho	Denmark
237755	Kanu	Brazil
233916	L. Chiappero	Argentina
240573	M. Procopio	Italy
238270	A. Erlingmark	Sweden
221887	R. Turner	England
232895	C. Wakefield	England
232641	A. Egan	England
234177	N. Ennis	England
240577	K. Khosonov	Russia
237250	S. Cleveland	United States
239298	A. Montiel	Argentina
238787	L. Wasmus	Germany
240579	P. Webber	England
225734	C. Hamilton	England
232646	C. Bravo	Argentina
235719	J. Soñora	United States
236487	D. Keillor-Dunn	England
239047	H. Barış	Turkey
237000	R. Cannon	United States
240584	B. Verbong	Netherlands
218057	J. Jesgarzewski	Germany
173514	I. Morris	Republic of Ireland
239051	J. Albert	Guyana
240587	F. Bin Jamayah	Saudi Arabia
237260	C. Storm	United States
237517	C. Stark	Germany
236750	S. Sørli	Norway
237518	M. Drawz	Poland
237519	N. Marfelt	Denmark
239823	E. Escobar	Mexico
234960	D. Rojano	Colombia
233937	C. Furlong	England
225490	F. Bay	Denmark
229586	Pablo Cacharrón	Spain
233426	A. Georgiou	Cyprus
205267	I. Rodríguez	Mexico
239317	M. Melbourne	England
240085	M. Gashchenkov	Russia
241109	D. Tarpey	England
183765	P. Kavanagh	Republic of Ireland
240854	M. Araai	France
224215	V. Baume	Belgium
240856	B. Bayazit	Netherlands
238297	D. Hernández	Mexico
220890	M. Sissako	France
240602	B. Derksen	Netherlands
223707	M. Kula	Turkey
230875	Javito	Spain
240859	Berrocal	Spain
227548	F. Melivilo	Argentina
232413	A. Dijksteel	Netherlands
238301	T. Demirtaş	Turkey
204766	G. Brennan	Republic of Ireland
219870	A. Wixted	Republic of Ireland
241118	L. Coccolo	Italy
11488	M. Edwards	England
213728	O. Øby	Norway
216800	J. Cisotti	Italy
232928	Y. Matsushita	Japan
234976	T. Bolarinwa	England
235744	B. Thomas-Asante	England
236768	L. Grossi	Italy
232417	N. Kocik	France
228578	W. Wood	England
239330	Y. Emghames	Germany
239586	D. Kovačić	Croatia
4323	P. Gallacher	Scotland
229347	M. Donohue	England
231139	J. Fitzwater	England
239587	S. Schäppi	Switzerland
228836	E. Dabo	Senegal
233188	P. Krachunov	Bulgaria
239332	T. Baller	Germany
210149	M. Majrashi	Saudi Arabia
209895	M. Acton	Australia
231144	C. Maghoma	DR Congo
212713	W. Trochim	Poland
226025	J. Serafin	Poland
240874	R. Ferreira	Paraguay
181738	D. Foran	Republic of Ireland
238059	D. Kemp	England
240107	J. Padilla	Mexico
240875	M. Villasanti	Paraguay
200428	G. Kelly	Republic of Ireland
235500	A. Al Shammary	Saudi Arabia
239596	J. Celestine	France
240876	M. Nani	Argentina
210925	S. Otayf	Saudi Arabia
239085	E. Håland	Norway
237550	H. Ndam	Cameroon
206575	J. Hooper	England
220144	D. Lodesani	Italy
230640	B. Biabi	Scotland
233201	C. Mepham	Wales
239346	T. Marijnissen	Netherlands
233459	Yoo Han Sol	Korea Republic
240630	E. Bostancı	Netherlands
234743	A. Muskwe	England
236023	B. Levis	Canada
240631	A. Settembrini	Italy
239096	A. Karazor	Germany
240888	T. Doornbusch	Netherlands
210425	E. Plummer	England
225273	M. Døhr Thychosen	Denmark
237305	L. Ketterer	United States
238073	K. Jameson	England
240377	W. Sarr	Germany
215546	M. Brouwer	Netherlands
163578	C. Weston	England
231674	C. Coll	Republic of Ireland
238843	T. Lebeau	France
239611	M. Eisa	Sudan
239867	G. Giannoutsos	Greece
187899	A. Jawo	Sweden
219644	P. Posch	Austria
155901	J. O'Flynn	Republic of Ireland
231933	R. Borges	India
193789	E. Calderini	Italy
201214	A. Akhyadov	Russia
213502	R. Cornwall	Republic of Ireland
221951	J. O'Hanlon	Republic of Ireland
237055	O. Zubkov	Ukraine
240895	D. Luydens	Netherlands
183807	P. Amond	Republic of Ireland
219392	A. Rufer	New Zealand
229377	M. Kaït	Estonia
232449	K. Ishikawa	Japan
237825	N. Kirby	England
239873	A. Sobczyk	Austria
228099	A. Shubin	Russia
241155	H. Yılmaz	Turkey
236292	G. Cuomo	Italy
238596	D. Brock	Germany
230149	J. Senior	England
237829	M. Smolarczyk	Poland
238086	Y. Maart	South Africa
207623	G. Shanahan	Republic of Ireland
224263	J. Kenny	England
240647	V. Bezecourt	France
204298	F. Due	Denmark
228874	R. Arnold	Switzerland
184843	B. Tozer	England
201485	S. Sharkey	Republic of Ireland
236557	O. Patrick	England
239629	A. Medina	Mexico
233742	J. León	Mexico
234511	G. Banaziak	France
186384	K. Moore	Republic of Ireland
11793	S. Collis	England
239633	F. Schikowski	Poland
205074	N. Ritter	Denmark
191506	A. Al Suhail	Saudi Arabia
203539	K. Devaney	Republic of Ireland
219667	D. Byrne	Republic of Ireland
233491	J. Kristoffersen	Norway
223764	N. Das	India
239636	A. Okosun	Germany
222997	M. Maier	Austria
232981	S. Kumagai	Japan
228374	M. Nicoletti	Italy
231190	C. Johansson	Sweden
239126	M. Al Baqawi	Saudi Arabia
228631	K. Akca	Turkey
228888	G. Edmundson	England
232472	K. Fujimura	Japan
236568	B. Austin	England
240152	A. Gómez	Argentina
241176	L. Vera	Argentina
237338	T. Hashiguchi	Japan
238362	C. Wakefield	England
228379	S. Al Ghamdi	Saudi Arabia
240155	M. Rosenzweig	Germany
237341	S. Stubbs	England
239647	M. Krol	Germany
218401	M. Ochieng	Australia
237601	U. Bapoh	Germany
239649	D. Marino	Italy
240673	C. Lang	England
229922	O. Al Khalaf	Saudi Arabia
223011	F. Sollacaro	France
232995	K. Mori	Japan
238629	M. Akoto	Ghana
231207	J. Lucumi	Colombia
240679	T. Koopmeiners	Netherlands
210216	M. Oxborrow	Australia
239400	M. Afaker	Netherlands
229930	K. Knoyle	England
216620	S. Tanabe	Japan
165932	D. Pender	Republic of Ireland
228142	S. García	Colombia
239662	D. Tomić	Germany
225583	D. Gorman	Northern Ireland
240687	L. Lescano	Argentina
202800	J. Sullivan	Republic of Ireland
239664	V. Mustafa	Albania
234290	A. Halme	Finland
231219	B. Rivero	Argentina
239668	J. Vollert	Germany
220981	J. Vall	Sweden
225333	S. Hraiech	Italy
239157	A. Holst	Denmark
234807	M. Kryczka	Poland
235575	F. El Bakhtaoui	France
239927	O. Ottesen	Denmark
240440	J. Ibáñez	Argentina
226105	J. McKay	Scotland
234297	S. Dahlström	Finland
239161	N. Mortensen	Denmark
206138	A. Berezin	Russia
226106	P. McKay	Scotland
230714	T. Elšnik	Slovenia
239930	D. Rasak	Poland
239677	F. Corapi	Italy
214334	S. Rodas	Colombia
224318	O. Sterling-James	St Kitts Nevis
228926	J. Doyle	England
239679	P. Mazzocchi	Italy
228416	G. Ferreyra	Argentina
238913	M. Harzan	Saudi Arabia
223810	G. Maris	England
228419	M. Juel Andersen	Denmark
231491	B. Sollander	Sweden
237379	M. Worthington	England
228677	M. Warren	England
231237	P. Jensen	Denmark
239685	K. Genaro	Argentina
240709	B. Baku	Germany
233030	F. Pizzicanella	Argentina
237894	S. Custers	Netherlands
200263	D. Cawley	Republic of Ireland
230727	G. Larsonneur	France
233543	L. Hurtado	Colombia
214088	C. Dawson	England
229192	R. Pyke	England
233288	E. Boyle	Republic of Ireland
239177	J. Williams	England
239689	M. Sprang	Germany
239946	J. Valadez	Mexico
237131	J. Rodríguez	Mexico
219724	F. Bertoli	Italy
239694	H. Föll	Germany
591	C. Day	England
214353	W. Cuesta	Colombia
228178	T. Adebayo-Rowling	England
237394	A. Hlynsson	Iceland
239698	N. Amamoo	Germany
198995	A. Flood	Republic of Ireland
234324	L. Bilboe	England
237652	C. Velásquez	Colombia
237908	Y. Horigome	Japan
238164	H. Garba	Nigeria
239444	J. Löwe	Germany
226645	A. Bonilla	Colombia
239701	R. Schmid	Austria
239958	N. Leemhuis	Netherlands
234072	A. Ralston	Scotland
235096	L. Al Rashdi	Saudi Arabia
199001	M. Warren	Australia
228953	R. Rosenqvist	Sweden
237657	E. Orona	Mexico
209242	G. Murray	Republic of Ireland
240986	M. Cheukoua	Cameroon
221531	M. Maroši	Slovakia
226139	J. Tamimi	Sweden
239708	M. Raguž	Austria
239965	J. Valencia	Colombia
240477	F. Canlı	Turkey
237407	C. Durkin	United States
239455	A. Elvira	Mexico
237921	M. Dekovic	Croatia
239201	A. Ceylan	Germany
240993	M. Al Shahrani	Saudi Arabia
219747	Manu Cedrón	Spain
229731	M. Stevens	England
237667	A. Al Joui	Saudi Arabia
185187	B. Sielewski	Poland
233060	Y. Khormi	Saudi Arabia
238181	A. García	Colombia
240229	B. Diakité	France
225382	A. Campion	France
240230	T. Allemand	France
240231	I. Madi	France
239720	A. Al Yahya	Saudi Arabia
238953	M. Wolfram	Germany
241001	F. Brener	Argentina
220779	M. Ridenton	New Zealand
215660	J. Thorsen	Denmark
235884	O. Krusnell	Sweden
240748	Wanderson	Brazil
237677	R. McCourt	Republic of Ireland
225134	A. Bass	England
239726	B. Martínez	Mexico
239982	K. Scherbakov	Russia
236655	A. Santopadre	Italy
241007	E. Ebosse	France
239729	A. Wolniewicz	Poland
223091	R. Donelon	Republic of Ireland
228212	A. Helmersen	Norway
237941	H. Limb	England
238965	O. Kiomourtzoglou	Germany
229238	T. Figueroa	Argentina
237430	R. Suzuki	Japan
239734	B. Olszewski	Poland
220023	A. Al Shammari	Saudi Arabia
226679	A. Hunter	England
240247	H. Flowers	England
235128	N. Maná	Argentina
239737	D. Ledecký	Poland
226426	D. Hawkshaw	Scotland
232314	K. Petratos	Australia
174202	T. Williams	New Zealand
187259	L. Ovalle	Panama
219260	F. Dornebusch	Germany
234877	F. Buntić	Croatia
224895	F. Serraiocco	Italy
232575	F. Hayakawa	Japan
235135	H. Balic	Bosnia Herzegovina
238210	B. Bye	Norway
232579	Y. Ito	Japan
225668	K. Ahearne-Grant	England
235397	N. Freeman	England
220807	M. O'Leary	England
231303	L. Grace	Republic of Ireland
217992	M. Timlin	Republic of Ireland
232585	N. Sakai	Japan
237961	T. Gran	Norway
220554	A. Timofeev	Russia
231562	J. Meneses	Colombia
236938	M. Wilks	England
238474	M. Chajia	Belgium
240010	J. Ochoa	Colombia
234891	N. Seufert	Germany
203149	S. Aziz	Sweden
230029	E. Zharikov	Russia
234893	G. Mastinu	Italy
234382	N. Landgraf	Germany
237710	A. Fletcher	England
222095	C. Burton	England
228239	C. Cooper	England
232335	M. Najjar	Saudi Arabia
235919	O. Kolak	Turkey
225169	T. Mauricio	France
237457	Kim Moo Gun	Korea Republic
236434	H. Muñoz	Mexico
235923	R. Öktem	Turkey
240787	H. Traorè	Ivory Coast
190099	G. Sava	Romania
234644	V. Vujinovic	Germany
239508	Y. Martelat	France
229269	Z. Westbrooke	England
234645	N. McGinley	England
239765	D. Srnić	Serbia
239510	M. Köbbing	Germany
240279	R. Cardozo	Paraguay
240536	M. Delley	Switzerland
232857	Yu In Soo	Korea Republic
239513	J. Earl	England
233115	R. Cole	England
239259	R. Bushiri	Belgium
239515	A. Cavagnera	Belgium
202141	Y. Mersin	Turkey
237981	J. Torres	Colombia
231582	N. D'Agostino	Australia
237470	D. Casey	Republic of Ireland
237215	N. Depuy	United States
237983	M. Nazarit	Colombia
203424	E. Whitehouse	England
227744	M. Quiñones	Colombia
231840	V. Müller	Austria
237729	G. Chará	Colombia
237218	J. Hayes	United States
240550	O. Güçtekin	Turkey
226473	M. Kelly	Scotland
237225	H. Arellano	United States
224426	N. Bürgy	Switzerland
235946	S. Lomónaco	Argentina
213419	B. Kasprzak	Poland
220843	A. Peñaranda	Colombia
230571	A. Azbague	Morocco
218284	Jong Il Gwan	Korea DPR
238508	U. Fredriksen	Norway
184492	L. Fitzgerald	Republic of Ireland
232621	S. Takahashi	Japan
227759	C. Miller	Scotland
235952	A. Pucheta	Argentina
240048	L. Nash	England
189872	M. Salmon	Republic of Ireland
231603	J. Adelson	Australia
231859	C. Brown	United States
239028	A. Koita	Belgium
236725	F. Britos	Argentina
237749	D. Suga	Japan
239797	M. Lansing	United States
238518	F. Pardo	Argentina
233655	R. Holden	Northern Ireland
235703	A. Beestin	England
208312	P. Millien	Haiti
224952	Z. Faour	Sweden
240056	D. Minz	Germany
240312	I. Paro	Burkina Faso
237753	T. Iida	Japan
238265	Ahn Joong Geun	Korea Republic
213434	J. Brown	Jamaica
223676	R. Renner	Austria
225981	A. Pearce	Australia
240829	E. Amenyido	Germany
223167	D. Wilson	England
226239	A. Madiani	France
198337	V. Grodås	Norway
208065	Kim Dong Gi	Korea Republic
228289	T. Vialla	France
222146	J. Balanta	Colombia
237507	Park Yi-Young	Korea Republic
225477	V. Zigrossi	Italy
233669	A. Samizadeh	Iran
240837	M. Yandaş	Turkey
238023	L. Bezzat	Netherlands
233416	L. Burke	England
240328	A. Ba Masoud	Saudi Arabia
238025	V. Bogaerts	Netherlands
240073	T. Demol	Belgium
240329	B. Taz	Germany
240074	B. Dione	Belgium
201419	G. Shaw	Republic of Ireland
240075	R. Nzeza	France
224460	N. Castrillón	Colombia
239308	T. Ivanof	Belgium
240844	A. Maksimenko	Russia
236749	J. Skomsøy Bjerkås	Norway
237773	C. González	Mexico
238285	J. Pirttijoki	Finland
216526	A. Gogić	Cyprus
240078	L. Matarrese	Belgium
213967	C. Mafoumbi	France
235216	B. Fox	England
239568	A. Kovačević	Bosnia Herzegovina
240336	T. Chakwana	England
240848	Y. Ivakin	Russia
240849	P. Borisov	Russia
231122	S. Pedersen	Norway
231890	I. Al Shehri	Saudi Arabia
233939	O. Jackson	England
238035	A. Hoven	Norway
240852	D. Buranov	Russia
225750	J. Crowe	Republic of Ireland
237014	S. Akinola	Nigeria
240599	C. Hendry	Scotland
226521	E. Andersson	Sweden
202970	Jung Seung Yong	Korea Republic
220635	T. Conlon	England
232667	N. Mingiedi	Belgium
235995	A. Borkovic	Austria
236252	V. Karakuş	Turkey
238300	M. Pais	United States
238812	N. Al Shenashini	Saudi Arabia
227806	D. Barlaser	Turkey
237279	S. Shome	Canada
221920	A. Andreasson	Sweden
239840	K. Al Muwallad	Saudi Arabia
219873	R. Etheridge	England
226785	N. Besler	United States
232673	M. Al Haidari	Saudi Arabia
237793	T. Fukumitsu	Japan
233954	C. Calderón	Mexico
237794	T. Kishimoto	Japan
240099	K. Rüegg	Switzerland
236004	E. Öztürk	Germany
207589	M. Nilsson	Sweden
229349	J. Thorniley	England
235237	R. Jendrusch	Germany
233702	Dudu	Brazil
192230	M. Jackson	England
239847	D. Cogill	England
234216	N. Herranz	Argentina
225001	K. Wootton	England
240105	D. López	Mexico
231914	D. Margush	Australia
233707	S. Haugen	Norway
224748	C. Yıldız	Germany
226028	A. Yarmolitskiy	Russia
232684	T. Akahoshi	Japan
238060	N. Trott	England
236525	R. Lowry	Australia
232942	T. Muramatsu	Japan
235247	S. Smith	England
226800	B. Ashley-Seal	England
217332	E. Monthe	Cameroon
239349	B. Vliet	Netherlands
231926	T. Clarke	Republic of Ireland
240886	R. Menayese	Wales
225271	T. Sufyani	Saudi Arabia
225783	S. Mavididi	England
237560	M. Djenepo	Mali
236025	H. Smith	England
240123	L. Plogmann	Germany
235516	R. Kaib	Sweden
236540	S. Adrian	Sweden
236796	N. Awassi	Germany
237052	C. Omeje	Nigeria
237820	G. Mancuso	Argentina
235519	I. Dresevic	Sweden
225280	D. Mitov	Bulgaria
224257	M. Pałaszewski	Poland
226049	J. Maddison	England
229378	A. Edun	England
210691	L. Nilsen	Norway
229123	R. Broom	Wales
229379	L. de la Torre	United States
230148	W. Tomlinson	England
241156	W. Percevaux	France
236038	K. Duncan	United States
226055	D. Kelly-Evans	England
237575	J. Pourtau	Argentina
238855	B. Brusselers	Netherlands
193543	F. Scarsella	Italy
217096	J. Lumley	England
237321	M. Berisha	Kosovo
240137	M. Schillings	Belgium
232970	K. Okanishi	Japan
235018	M. Nicolas	Germany
230667	A. Diakhate	Senegal
226574	C. Fernandez	United States
238606	Jo Yong Jae	Korea Republic
239887	Y. Frick	Liechtenstein
240399	J. Montaño	Colombia
198928	C. McGuigan	Republic of Ireland
223761	D. Sauerland	Germany
216082	A. Al Amoudi	Saudi Arabia
237586	A. Dossena	Italy
238356	D. Jończy	Poland
225558	T. Owen-Evans	Wales
229910	S. Ingelsson	Sweden
237590	M. Pejić	Croatia
241177	J. Soladio	Belgium
237596	C. Carletti	Italy
238620	M. Layer	Germany
240156	L. Marseiler	Germany
240669	L. Maloney	Germany
237854	R. Åstedt	Sweden
232480	Y. Kato	Japan
237856	A. Kalabane	Guinea
218657	W. De Havilland	England
241186	V. Kusej	Czech Republic
239396	J. Neumann	Germany
181796	G. O'Brien	Republic of Ireland
233509	R. Mierez	Argentina
235301	P. Schmidt	Austria
193317	E. Wearen	Republic of Ireland
223270	D. Olsson	Sweden
228390	M. Østvold	Norway
230950	D. Devine	England
235046	Y. Ben El-Mhanni	England
236838	Y. Maleh	Italy
222503	H. Isted	England
200744	R. Watson	England
228392	J. Hatlehol	Norway
230697	E. Robson	England
226602	M. McInally	Scotland
240683	L. Reis	Netherlands
225068	J. McDonagh	Northern Ireland
240685	T. van de Looi	Netherlands
233262	A. Rawls	United States
237103	Lee Myeong Geon	Korea Republic
240431	J. Dolný	Slovakia
240688	M. Volpe	Italy
241200	D. Stynes	Australia
239665	M. Daube	Germany
235826	S. Gutiérrez	Colombia
239666	T. Müsel	Germany
198453	R. McEvoy	Republic of Ireland
233269	K. Colvey	New Zealand
234294	L. Lingman	Finland
199480	P. O'Conor	Republic of Ireland
228921	M. Urynowicz	Poland
191545	T. Nozawa	Japan
239418	L. Lauberbach	Germany
240956	M. Melluso	Argentina
226109	T. Hornby-Forbes	England
240445	G. Rizzo	Germany
224062	P. Dziczek	Poland
237886	C. Goslin	United States
240191	J. Salih	Sweden
226112	K. Cantwell	Republic of Ireland
229184	T. Baack	Germany
240192	M. Ranmark	Norway
232002	J. Nicholson	England
239170	V. Hammershøj-Mistrati	Denmark
221764	D. Thomas	Scotland
229188	E. Pavlidis	Greece
229956	L. Zigi	Ghana
220230	P. Bochniewicz	Poland
224582	D. Lyon	Scotland
232006	C. Rúa	Colombia
191559	S. Kawamata	Japan
207688	P. Mailey	Republic of Ireland
239688	H. Smolders	Belgium
234825	N. Feely	Australia
201291	J. Henriksen	Denmark
231755	N. Chesmain	England
236875	A. Poulsen	Denmark
240206	T. Gjertsen	Norway
230735	A. De Oliveira Maia	France
227152	N. Batalla	Colombia
238928	D. Geiger	Germany
224593	Y. Zummack	Germany
225873	R. Feely	Republic of Ireland
215635	R. Scully	Scotland
239700	M. Wegmann	Germany
237653	C. Rojas	Colombia
229719	H. Taylor	England
240983	M. Díaz	Argentina
231256	C. Kenny	Republic of Ireland
216153	T. Al Khudair	Saudi Arabia
239705	Alan	Brazil
240474	S. Toufiqui	France
216155	H. Cornick	England
240731	M. Capitani	Italy
212061	J. Hall	Australia
231005	C. Ogbene	Republic of Ireland
207710	L. Lobjoit	England
224094	J. Bachmann	Germany
239456	R. Jurado	Mexico
237665	K. Chinen	Japan
240737	N. Pejović	Serbia
240994	Y. Achter	Belgium
240227	Y. Bourhane	France
239204	B. Igiehon	Switzerland
220517	F. Di Mariano	Italy
237158	B. Chapman	England
237415	J. Williams	England
228714	G. Bizzotto	Italy
240491	G. Gerkondani	Norway
240492	Spinola	Cape Verde
221549	D. Alessi	Australia
222829	S. Brodersen	Germany
227437	H. Valencia	Colombia
230765	H. Al Watyan	Saudi Arabia
232557	I. Samba	France
238957	F. Dietz	Germany
214896	P. Mullin	England
224880	M. Beye	Senegal
225904	J. Jiménez	Colombia
230001	H. Campbell	England
232817	I. Chicco	Argentina
222322	G. Poynton	Republic of Ireland
237426	H. Nakabayashi	Japan
240244	Pedro Pacheco	Portugal
214902	J. Hunt	England
236663	E. Balcombe	England
239735	D. Pawłowski	Poland
232312	C. Chettle	England
236664	L. Rivas	Argentina
228985	M. Janssens	Belgium
240505	D. Rugašević	Croatia
240761	J. Hallahan	England
240762	J. Cotterill	England
207995	G. Pender	Republic of Ireland
230779	A. Fox	England
233851	J. Taylor	England
236411	R. Velazco	United States
237436	R. Takano	Japan
241022	J. Díaz	Argentina
222848	A. Samuel	Wales
235907	T. Elsebutangen	Norway
232836	K. Rozo	United States
209285	B. Mugabi	England
232325	M. Al Mutlaq	Saudi Arabia
226438	S. McMann	Scotland
241030	J. Stingl	Germany
234631	S. Grønning	Denmark
238983	N. Awuku	Germany
239495	R. Watanabe	Japan
235913	E. Embleton	England
237449	A. Basuljevic	United States
222858	D. Stückler	Denmark
226698	N. Giménez	Argentina
237962	D. Deakin	England
240011	F. Karatas	Belgium
225420	D. Petravičius	Lithuania
237709	C. Rose	England
238733	M. Ludwig	Germany
237200	R. Clarke	Jamaica
224915	S. Wright	Scotland
236437	J. Sbarra	England
221591	C. Gallagher	Republic of Ireland
232855	W. Sasaki	Japan
232600	Eun Seong Soo	Korea Republic
231065	L. Rogerson	New Zealand
240025	S. Parlati	Italy
226459	J. Ramos	Uruguay
236701	J. Rikemberg	Argentina
239005	L. Grabovac	Austria
239774	M. Currarino	Italy
228255	N. Lemaître	France
208544	L. Conlan	Northern Ireland
234400	D. Grange	France
228769	S. Ruiz	Colombia
236961	T. Attis	Argentina
213667	D. Conroy	England
216227	K. Jackson	England
238499	M. Al Huthaifi	Saudi Arabia
232100	A. Ranieri	France
237733	J. Kanayama	Japan
226726	S. Patton	Northern Ireland
151208	W. Brown	England
235432	M. Munetsi	Zimbabwe
239785	O. Albayrak	Denmark
229802	B. Lerch	Germany
232106	J. Gabriel	England
226731	G. Cundle	England
220588	K. Martin	Switzerland
237742	K. Fukai	Japan
237231	H. Benkaïd	France
239536	L. Kosakiewicz	Poland
215986	N. Benavidez	Argentina
238514	A. Verdugo	Argentina
216243	Z. Messoudi	Canada
240310	A. Eichhorn	Germany
224951	M. Wood	England
229303	B. Colula	Mexico
229816	F. Schubert	Austria
189625	J. Turley	England
222906	N. Boyle	Republic of Ireland
238778	D. Zieliński	Poland
239546	C. Libertiaux	Belgium
138427	D. Pipe	Wales
232635	K. Ichimi	Japan
239291	C. Egbuchulam	Nigeria
239549	M. Schevenels	Belgium
223166	J. Baraye	Senegal
234686	J. Lotomba	Switzerland
238271	P. Dárdai	Germany
240064	O. Ba	Senegal
186305	O. Tejeda	Mexico
240324	H. Gunnlaugsson	Iceland
181702	Y. Uekusa	Japan
231879	H. Monaghan	Scotland
234184	T. Koga	Japan
232906	K. Oshima	Japan
237258	J. Holland	England
239306	J. Bataille	Belgium
229579	A. Accardi	Italy
240845	M. Agaronyan	Armenia
241101	P. Petlach	Austria
232654	L. Malagón	Mexico
232910	S. Takahashi	Japan
233678	M. Yamada	Japan
240079	T. Tarcan	Turkey
240335	B. Jacobsen	Denmark
240591	M. Veenhoven	Netherlands
211152	M. Al Olayan	Saudi Arabia
240080	Y. Vandersmissen	Belgium
225234	J. Edwards	England
240850	R. Normatov	Russia
240083	V. Aleynikov	Russia
240851	A. Osipov	Russia
236244	T. Sibbick	England
226261	C. Ainley	England
232150	J. Bonner	Republic of Ireland
238806	D. Breitfelder	Germany
231639	A. Birch	England
237015	M. Qvist	Denmark
218585	S. Griffin	Republic of Ireland
231385	D. Zanatta	Canada
236761	O. Iyoha	Japan
240601	T. Te Duits	Netherlands
229082	O. Abildgaard	Denmark
238298	M. Miño	Argentina
225756	G. Blackwood	Australia
235741	C. Lokolingoy	Australia
237278	A. Reid	Canada
231647	M. Asiri	Saudi Arabia
232672	J. Kaye	France
237536	M. İnan	Turkey
235745	M. Iliadis	Greece
239585	E. Ngassaki Ndongo	Congo
217826	J. Laurent	England
239074	S. Aw	Senegal
225251	J. Soltvedt	Norway
228067	Kim Tae Ho	Korea Republic
241123	F. Antúnez	Argentina
232421	J. Orobio	Colombia
235493	T. Abdullah	Saudi Arabia
237798	M. Okino	Japan
224231	E. Sánchez	Mexico
232168	M. Hollingsworth	United States
235240	A. Fagerström	Sweden
238056	J. Masson	France
220137	T. Christensen	Denmark
172521	M. Pedersen	Denmark
231146	W. Al Enazi	Saudi Arabia
240362	A. Bolivar	Argentina
216299	C. Randall	England
239339	V. Jovic	Bosnia Herzegovina
239595	N. Rodes	Belgium
235244	R. Nicolaisen	Denmark
239853	M. Kryeziu	Switzerland
225775	M. Bola	England
226031	A. Lazutkin	Russia
232943	M. Place	Republic of Ireland
236015	M. Gibbs-White	England
231152	A. Maikkula	Sweden
233202	A. Al Salman	Saudi Arabia
216563	C. Martin	United States
236531	R. Currie	Scotland
228596	E. Kaja	Albania
238326	M. Candlin	England
240119	K. Michalak	Poland
223224	M. Jakoliš	Croatia
232696	D. Ogawa	Japan
236536	J. Sievers	Germany
218873	T. Paterok	Germany
236027	J. Brown	England
238076	M. Bersano	United States
236798	D. Lemus	Colombia
232704	T. Ominami	Japan
53506	D. Coyne	Wales
201475	S. Grimes	Republic of Ireland
235011	E. Eikeng	Norway
231172	J. Holmes	Australia
230661	N. Hunziker	Switzerland
238853	F. Glim	Netherlands
238343	D. Mushitu	Sweden
226057	D. Wynne	New Zealand
238602	J. Barjonas	Scotland
239370	M. Krüger	Germany
239882	J. Tibbetts	England
234507	M. Rafique	India
236811	R. Balanta	Colombia
238091	C. Borchgrevink	Norway
229132	B. Clayton	England
239885	Choe Song Hyok	Korea DPR
235535	R. Lovett	England
217616	I. Camara	Guinea Bissau
233232	P. Fritsch	Germany
230673	M. Żebrakowski	Poland
240657	F. Ravaglia	Italy
228114	Herson Alves	Portugal
229142	J. Ferry	England
219671	T. Whitehead	Republic of Ireland
210200	S. Hawsawi	Saudi Arabia
232986	K. Ishihara	Japan
239643	L. Rowe	England
235549	A. Ramalingom	France
237345	T. Byrne	Republic of Ireland
240418	F. Serena	Italy
239395	P. Pannier	Germany
238116	Hwang In Hyeok	Korea Republic
237349	J. Bergman	Sweden
235558	T. Campanini	France
170280	J. McKeown	Republic of Ireland
228393	R. Kling	Norway
240681	J. Hoekstra	Netherlands
240426	B. Al Nakhli	Saudi Arabia
219947	A. Al Meshaweh	Saudi Arabia
234286	N. Barona	Colombia
237358	O. Kindlund	Sweden
222003	J. Hyland	Republic of Ireland
233523	A. Agouda	Norway
228660	G. Fanucchi	France
240694	A. Ba	France
227895	K. Twardek	Canada
238135	Jeong Ho Min	Korea Republic
229180	A. George	Antigua & Barbuda
236860	C. Mosquera	Colombia
237885	C. Tovar	Colombia
238909	M. Asiri	Saudi Arabia
238910	A. Al Assiri	Saudi Arabia
234559	M. Phillips	England
149824	D. Mulcahy	Republic of Ireland
238656	S. Tigges	Germany
225602	V. Ocampo	Colombia
229698	F. Shomotun	Nigeria
238659	K. Krasniqi	Kosovo
208453	K. Farragher	Republic of Ireland
226117	R. MacLean	Scotland
239429	G. Taipi	Albania
240454	F. Wadja	Cameroon
240200	Y. De Nayer	Belgium
232009	D. Feka	Germany
239947	R. Meraz	Mexico
239695	M. Karaahmet	Turkey
240208	R. Bennett	England
235089	Y. Nogami	Japan
240209	G. Koyalipou	France
229202	J. Hanson	England
238930	T. Deters	Germany
230997	A. Dannah	Saudi Arabia
239445	L. White	England
234070	M. Kanabah	Saudi Arabia
232791	S. Kanazawa	Japan
235863	M. Varnier	Italy
237911	K. Wakasugi	Japan
211289	L. Taurino	Italy
209244	M. Barker	Republic of Ireland
237405	J. Osborne	England
237150	J. Lindström	Sweden
240478	F. Gürden	Turkey
182366	D. Dennehy	Republic of Ireland
237920	B. Bronico	United States
238177	A. Hartigan	England
236898	M. Aebischer	Switzerland
232803	N. Maeda	Japan
233315	S. Clare	England
240996	S. Tarolli	Italy
211301	A. Favalli	Italy
225127	K. Davies	Wales
229481	N. Milosavljevic	Switzerland
237929	A. Simpson	England
236650	J. Brown	England
241002	E. Sabbi	United States
240235	L. Ellington	England
238956	D. Bock	Germany
239725	L. Zaragoza	Mexico
223599	C. Cooke	England
227183	M. Leacock-McLeod	England
235119	F. Bolkiah	Brunei Darussalam
238447	H. Ishikawa	Japan
233328	E. Selen	Turkey
241008	Y. Gómez	Colombia
221809	G. Boylan	Republic of Ireland
237937	F. Myhre	Norway
238194	N. Bustos	Argentina
240242	A. Pinga	Switzerland
238963	C. Greger	Germany
227444	F. Bin Munyif	Saudi Arabia
232821	D. Araki	Japan
232566	H. Takimoto	Japan
232822	R. Uehara	Japan
236662	P. Vagic	Sweden
235383	R. Piscitelli	Italy
235897	A. Al Mutairi	Saudi Arabia
204410	A. Djaló	Guinea Bissau
231292	J. Lewis	Northern Ireland
238716	O. Bugiel	Lebanon
228989	S. Singh	India
238205	A. Edathodika	India
238718	S. Mullings	England
236927	D. Atoiyi	France
240256	M. Kavdanski	Bulgaria
235905	K. Hay	Norway
238209	K. Nissen	Denmark
235650	B. Doherty	Republic of Ireland
220550	A. Al Shehri	Saudi Arabia
231046	J. Eastwood	England
239494	M. Thalhammer	Germany
240262	J. Brimmer	Australia
231559	V. Yaroshenko	Russia
235911	N. Al Mutairi	Saudi Arabia
240263	A. Adamov	Russia
240519	A. Militari	Italy
240775	T. Smith	England
232584	S. Naruoka	Japan
238729	D. Wishart	England
53643	J. Walker	England
222092	A. Byrne	Republic of Ireland
222606	R. Purdy	Republic of Ireland
232846	K. Kakoi	Japan
229007	A. Henger	Poland
237201	K. McIntosh	United States
238993	W. Graham	Scotland
240018	A. Argýris	Greece
240019	N. Baden Frederiksen	Denmark
238228	L. Mulazzi	Argentina
240532	F. Rohner	Switzerland
215447	A. Alesevic	Switzerland
233367	P. Magnon	France
240791	Marcos Lavín	Spain
237208	P. Lewis	England
238488	J. Williams	England
222361	W. Randall	England
225177	P. Omombe	France
237721	A. Alkhaibari	Saudi Arabia
239769	M. Battistoni	Italy
235674	K. Lynge	Denmark
233116	C. Kahraman	Turkey
241052	K. Chorążka	Poland
225693	A. Edwards	England
207774	M. Ludden	Republic of Ireland
228767	F. Ross	Scotland
213408	R. Boot	England
239778	J. Moder	Poland
226724	C. Senior	England
231844	K. Muskwe	England
221349	J. Nuttall	England
223909	A. Palmer	England
232101	S. Hernández	Mexico
140199	N. Ishikawa	Japan
207528	R. Fitzsimons	Republic of Ireland
236456	K. Kearney	Northern Ireland
200873	C. Winn	England
224937	J. Ritter	Denmark
240553	A. Kapp	United States
239786	H. Kalala	DR Congo
240554	T. Haraldsson	Iceland
223403	Jordi Ortega	Spain
231595	D. McNulty	Northern Ireland
240555	J. Bennett	England
222380	J. Meza	Mexico
226732	F. Urraburo	Argentina
225709	M. Allan	Scotland
232878	T. Tanaka	Japan
232367	H. Fukushima	Japan
238000	S. Rengifo	Colombia
232625	S. Tuton	England
237233	O. Brennan	Republic of Ireland
238769	C. Huérfano	Colombia
237234	F. Sule	Republic of Ireland
212915	Yun Pyeong Gook	Korea Republic
235955	R. Guitane	France
228789	Robert Sanchez	Spain
235701	S. Kinsella	Republic of Ireland
181685	S. Tracy	Republic of Ireland
238264	Ahn Sang Min	Korea Republic
232634	H. Noda	Japan
238010	A. Qollaku	Switzerland
240570	S. Sissoko	France
233915	J. Ponticelli	England
238011	P. Pusic	Switzerland
238012	N. Berchtold	Switzerland
237757	Y. Tatsuta	Japan
239805	D. Oko	Poland
228286	J. Lundberg	Sweden
211135	M. Attiyah	Saudi Arabia
231615	K. Gordon	England
237503	C. Oduor	England
240063	M. Cassara	France
225984	L. Bruno	Italy
236736	C. Deasy	Republic of Ireland
239552	M. Biamou	France
231617	L. Davies	England
239554	K. Finn	England
228291	P. Rooney	Republic of Ireland
240323	J. Earing	England
220100	R. Buchanan	Scotland
231620	B. Banda	South Africa
236485	M. Nanizayamo	France
233670	A. Fukumori	Japan
234950	A. Ajdarević	Albania
236230	V. Venditti	Italy
212167	C. Vernam	England
233162	Kim Jong Seok	Korea Republic
237514	B. Sowe	Sweden
236748	E. Sivertsen	Norway
239564	J. Bruhns	Germany
239820	P. Kapp	Germany
240076	S. Spahiu	Belgium
239309	A. Galens	Belgium
238031	A. Bonilla	Colombia
239311	M. Hoxha	Belgium
237776	K. Tanno	Japan
221394	R. Al Mousa	Saudi Arabia
228562	R. Sallinger	Austria
237778	Ahn Joon Soo	Korea Republic
236755	T. Torske	Norway
237267	L. Mfeka	South Africa
232404	C. Paez	Colombia
235476	I. Varone	Italy
240084	D. Vambolt	Russia
235477	A. Al Amri	Saudi Arabia
240853	D. Doronin	Russia
213975	G. Jarl	Sweden
219095	L. Gallagher	Republic of Ireland
230873	E. Race	Norway
239321	E. Pierce	Republic of Ireland
233691	M. Adamonis	Lithuania
219869	C. Olesen	Denmark
235742	S. Nombe	England
229087	H. Rodgers	England
203232	S. Russell	Republic of Ireland
226016	P. Cunningham	Republic of Ireland
238817	W. Shorrock	England
241121	F. Asmar	Argentina
208354	S. Kenny	Republic of Ireland
238818	S. Tonks	England
240611	D. Yearwood	England
232677	A. Al Sharid	Saudi Arabia
237286	A. Connolly	Republic of Ireland
228328	S. Rowley	England
237802	C. Haas	Austria
240363	I. Shinozuka	Russia
240364	I. Boye	Nigeria
240620	A. Ba	France
230893	O. Evans	Wales
239597	D. Jubitana	Belgium
239087	T. Mauer	Germany
230897	B. Hanlan	England
207602	J. Gordon	England
241138	A. Ammitzbøl	Denmark
223987	H. Cardwell	Scotland
223476	M. Brændsrød	Norway
225780	H. Donovan	England
220917	J. Ashby	England
234997	R. Kanach	Poland
225526	A. Sidenko	Russia
227830	B. Crowley	Australia
206327	I. Turner	Republic of Ireland
229880	A. Wan-Bissaka	DR Congo
220668	A. Avdijaj	Albania
206077	H. Douglas	Republic of Ireland
227837	H. Castegren	Sweden
236029	C. Cockerill-Mollett	Republic of Ireland
236541	D. Hadzikadunić	Sweden
236800	I. Angulo	Colombia
238336	J. Rankin-Costello	England
240384	E. Durmaz	Sweden
240129	M. Haarup	Denmark
215812	E. Sousa	Portugal
240388	N. Perry	Sweden
235525	L. Sahlin	Sweden
239877	Kim Dong Su	Korea Republic
240390	A. Linnér	Sweden
220168	I. Keita	France
237832	I. Meite	England
231179	J. Al Dossary	Saudi Arabia
233484	A. Campbell	Scotland
233740	D. Nussbaumer	Austria
235532	M. Roseth	Norway
228109	T. Holland	Republic of Ireland
231438	T. Akinola	England
238607	K. Peda	Poland
214032	B. Lucumí	Colombia
235283	M. Bower	England
239125	E. Botheim	Norway
225051	B. Warland	Australia
235548	M. Cabit	France
235807	A. Morley	England
227616	A. Wichne	Norway
238368	J. McAtee	England
192544	R. Coulter	Republic of Ireland
213793	E. Grimes	Republic of Ireland
236577	E. Benedettini	San Marino
230691	M. Kempter	Switzerland
231459	J. Reiners	Australia
240419	R. Strechie	Romania
240676	R. Nabi	England
225317	K. Nisbet	Scotland
193318	D. Jørgensen	Denmark
239911	M. Thiele	Germany
232232	Kim Jeong Hyeon	Korea Republic
239658	J. Capacho	Colombia
224299	S. Dunne	Republic of Ireland
239404	D. Sato	Philippines
232749	T. Oya	Japan
236845	C. Kane	Republic of Ireland
240941	L. Pintor	France
236337	J. Turner	England
237107	S. Koné	Ivory Coast
239155	M. Johannsen	Denmark
239411	S. Jonovic	Austria
212277	C. Thomson	Scotland
237365	K. Ahmadi	Sweden
240437	A. Semprini	Italy
240439	R. Porteous	Scotland
233528	K. Metz	Republic of Ireland
237624	N. Kawaguchi	Japan
238904	A. Łyszczarz	Poland
219705	D. Węglarz	Poland
240441	G. Moorhouse	Republic of Ireland
225851	S. Al Saleh	Saudi Arabia
240700	P. Berki	Hungary
191805	R. Isomura	Japan
233534	H. Girling	England
219967	D. Hładun	Poland
234815	R. Senhadji	France
239423	N. da Silva	Switzerland
228928	S. Lavelle	Scotland
235072	K. Lynch	Republic of Ireland
237632	G. Sikošek	Slovenia
239680	L. Saporetti	Italy
239425	C. Kablan	Switzerland
239937	N. Dyachenko	Russia
230722	S. Boyd	Republic of Ireland
239171	E. Martinez	Argentina
239427	A. Ajeti	Switzerland
237125	V. Barbero	Argentina
238662	T. Puchacz	Poland
240710	G. Cleur	Australia
212295	A. Santos	Brazil
238408	C. De las Salas	Colombia
224588	P. Gluhakovic	Austria
238156	B. Gómez	Colombia
240973	M. Willock	England
232782	K. Oyama	Japan
240462	M. Howarth	England
240974	M. Mattsson	Denmark
240463	M. Al Majhad	Saudi Arabia
239440	A. Celli	Italy
239443	D. McNamara	England
213333	O. Ashoor	Saudi Arabia
192853	M. Carretta	Italy
226902	P. O'Flaherty	England
236375	D. Wright	England
221528	N. Konstandopoulos	Australia
237913	Y. Koide	Japan
234074	R. Tierney	Scotland
234842	F. Kraft	Germany
236890	D. Genreau	France
227676	M. Kennedy	Northern Ireland
240732	O. Bayode	England
227935	L. Buckley	Republic of Ireland
234847	J. McGregor	Scotland
239199	N. Lyngø	Denmark
208481	K. Singh	India
231267	J. Lokilo	DR Congo
240739	S. Donnelly	Republic of Ireland
239205	A. Didic	Canada
240485	A. Al Enazi	Saudi Arabia
237414	W. Popp	Japan
240486	M. Naji	Saudi Arabia
221544	H. Cameron	New Zealand
235880	L. Marson	Italy
238696	M. Fernandes	Germany
221545	M. Waddington	England
240745	S. Quigley	England
227948	F. Kelleher	Republic of Ireland
210285	J. Margetts	England
214895	J. Wróbel	Poland
235375	A. Quintana	Colombia
238448	A. Fantini	Japan
241009	M. Arias	Colombia
232818	M. Hernández	Argentina
237171	H. Acevedo	Colombia
240499	E. Markovic	Norway
227445	A. Awaji	Saudi Arabia
235125	J. Esquivel	Mexico
237174	R. Frank	Peru
238454	J. Koivistoinen	Finland
240503	L. Teddy	France
207482	G. Coughlan	Republic of Ireland
240506	F. Arhin	Ghana
239739	A. Ocejo	Mexico
240763	J. Sneddon	Scotland
235900	A. Al Zahrani	Saudi Arabia
235901	F. Al Harbi	Saudi Arabia
235903	H. Dhaifallah	Saudi Arabia
229504	F. Lauenborg	Denmark
53632	B. Molloy	Republic of Ireland
229761	D. Ermakov	Russia
236933	T. Bilic	Australia
228998	D. Marzino	Switzerland
187783	P. Sinnott	Republic of Ireland
240009	N. Feil	Germany
241033	C. Gregory	England
240522	M. Al Johani	Saudi Arabia
186763	A. Maccoppi	Italy
239245	F. Piszczek	Poland
239762	M. Sipľak	Slovakia
229268	F. Tägtström	Sweden
234901	N. Shipnoski	Germany
232088	K. Rutlin	Norway
233882	J. Law	England
238746	K. Laskoś	Poland
240538	A. Vucenovic	Austria
227997	O. Zanzala	Congo
235421	B. Ozegovic	Austria
240797	M. Tramoni	France
237982	Y. Guzmán	Colombia
233375	D. Leahy	Republic of Ireland
236960	L. Maniero	Italy
233121	C. Timite	Ivory Coast
239777	L. Klante	Germany
220578	E. Rovini	Italy
234147	Dany Mota	Portugal
239779	D. Kurminowski	Poland
213156	R. Browne	Antigua & Barbuda
236452	D. Lalhlimpuia	India
237988	T. Hara	Japan
236453	G. Singh	India
240805	Dai Wai-Tsun	Hong Kong
11430	J. McCombe	England
233127	J. Sangha	England
240807	O. Shaw	Scotland
231593	G. Harkin	Republic of Ireland
240297	R. Källman	Finland
231850	Dani Renda	Spain
240299	A. Rødsand	Norway
208556	J. Lelan	Kenya
232108	B. Zalo	Norway
238764	B. Malcolm	Scotland
239788	C. Triana	Colombia
213677	B. Killip	England
238765	J. Brandon	Scotland
234158	A. Gory	France
201903	O. Øvretveit	Norway
226479	C. Colquhoun	Scotland
226480	D. Davidson	Scotland
238258	N. Leighton	England
239538	J. McIntyre	Northern Ireland
237235	A. Majok	Australia
231860	C. Lucatero	United States
236213	D. Diaw	Senegal
239030	R. Hanquinquant	France
239798	A. Chernov	Russia
229559	J. Veale	Wales
238775	S. Kowalczyk	Poland
220602	T. Fekete	Switzerland
226490	S. Boyd	Scotland
159163	J. Robben	Germany
235195	T. Krapikas	Lithuania
236733	A. Al Najai	Saudi Arabia
240061	L. Lázaro	Colombia
232638	A. Takagi	Japan
234688	S. Campo	Switzerland
235458	C. Kipré	France
240578	P. Ovchinnikov	Russia
220611	J. Hamon	England
241091	B. Scott	United States
234692	Z. Mills	England
240068	S. Al Nabit	Saudi Arabia
237509	B. Lasme	France
241093	S. Oum Gouet	Cameroon
240070	I. Messaoud	Algeria
237511	A. Sampsted	Iceland
236488	A. Traorè	Ivory Coast
225993	O. Sail	New Zealand
240842	A. Golovatyuk	Russia
223180	N. Anderton	England
237262	K. Awuah	Canada
226514	D. Harvie	Scotland
240338	F. Rodríguez Calleriza	Uruguay
226259	L. Andrenacci	Italy
240340	C. Zuvela	Australia
239573	M. Bleve	Italy
236758	O. Christensen	Denmark
239318	L. Reynolds	England
237271	M. Amick	United States
237272	A. Jones	England
227545	T. Ryan	Republic of Ireland
225498	L. Sutton	England
236762	E. Osborne	England
240346	S. George	England
231131	J. McGarry	New Zealand
216540	W. Eskelinen	Sweden
202205	A. El-Amrani	Norway
232669	S. Singh	New Zealand
237790	M. Sakamoto	Japan
219872	D. Hayes	Republic of Ireland
227040	S. Cosgrove	England
232675	M. Al Mufarrij	Saudi Arabia
237795	M. Nishimoto	Japan
216548	F. Burdenski	Germany
169190	J. Bittner	England
225768	I. Chatzitheodoridis	Greece
240616	E. Bwomono	England
225770	K. da Graca	Sweden
236526	E. Martinez	Australia
211184	D. Budzyński	Poland
232944	S. Fujitani	Japan
241137	F. Vivas	Argentina
238580	I. Voca	Switzerland
229365	S. Elworthy	Republic of Ireland
238581	R. Vargas	Switzerland
237047	A. Zahui Bazoukou	Sweden
233466	M. Olsen Pettersen	Norway
233212	A. Skovgaard	Denmark
214525	D. Richards	Wales
233215	C. Addai	Ghana
226560	L. Watt	Scotland
231170	A. Al Shahrani	Saudi Arabia
231683	M. Shabow	Australia
235267	A. Famewo	England
240387	J. Caicedo	Colombia
231684	J. Knowles	England
239876	Y. Maouche	France
240389	G. Aphrem	Sweden
233734	M. Di Paola	Italy
235785	C. Hall	England
237833	M. Harris	Wales
232458	M. Kojima	Japan
235274	M. Mleczko	Poland
229388	O. Haughton	England
232204	G. Morrison	Scotland
234509	F. Cardozo	India
238349	J. Smith	England
238350	J. Brownell	England
239374	P. Kubina	Poland
201487	T. McBride	Northern Ireland
239632	C. Ross	England
230161	L. Clark	Scotland
235794	E. Eze	England
238354	Ha Chang Rae	Korea Republic
240402	B. Skórski	Poland
238357	A. Majrashi	Saudi Arabia
237591	A. Mehremić	Bosnia Herzegovina
220956	R. Johnson	Northern Ireland
239900	D. Verwüster	Austria
235550	M. Al Najrani	Saudi Arabia
238367	G. Hughes	Wales
240159	P. Schoch	Germany
197921	R. Iuliano	Italy
240161	Ci Tian	China PR
206370	J. Marks	Republic of Ireland
230690	M. Dominguez	Switzerland
240162	H. Nilsen	Norway
238115	Lim Dae Joon	Korea Republic
226596	T. Seferi	FYR Macedonia
235556	A. Al Shehry	Saudi Arabia
240422	V. Lukichev	Russia
235303	K. Pestka	Poland
239143	A. Kyeremeh	Ghana
240425	M. Al Khaibari	Saudi Arabia
231722	A. Long	France
235821	P. Poński	Poland
226094	S. Brady	Australia
239151	A. Vaporakis	Denmark
239407	O. Breistøl	Norway
240432	P. Burke	Republic of Ireland
240433	E. Banza	Congo
235058	O. Al Saleem	Saudi Arabia
227379	F. Sosa	Argentina
234039	R. Edmonds-Green	England
241207	K. Yoshimaru	Japan
228664	H. Duman	Norway
240952	S. Niang	Senegal
235066	P. Nowak	Poland
230971	N. Tzanev	New Zealand
240701	L. Spence	Scotland
238911	I. Al Subaie	Saudi Arabia
239424	M. Rodrigues	Switzerland
241216	Y. Suzuki	Japan
220993	E. Gajko	Poland
234818	S. Enzler	Switzerland
228163	H. Al Nakhli	Saudi Arabia
241219	W. Jakkit	Thailand
232772	K. Takayama	Japan
237381	B. Petersen	South Africa
238405	A. Waagan	Norway
233802	E. Alessandrini	Switzerland
233293	D. Rodríguez	Colombia
225615	R. Webb-Foster	England
236623	M. Smallcombe	Wales
238161	P. Aas	Norway
235602	J. Barstad	Norway
240210	M. Nilsson	Sweden
229206	D. Kane	Republic of Ireland
235094	M. Al Maqadi	Saudi Arabia
229208	R. Booty	England
235864	G. Caccin	Italy
225369	K. Karpieszuk	Poland
239961	J. Moreno	Colombia
234331	Lee Jung Jin	Korea Republic
238171	J. Hope	Australia
233820	S. Sinyan	Norway
240989	J. Lucero	Argentina
237919	K. Yoshio	Japan
240481	V. Demaku	Austria
233058	A. Bahtijar	Sweden
239203	G. Coudert	France
239460	A. Talal	Morocco
227941	B. Moore	United States
237669	A. Zerbin	Italy
231270	C. Waters	Scotland
227688	K. Al Muqaytib	Saudi Arabia
241000	N. Uche	Switzerland
233324	V. Cabezas	Colombia
235630	N. Al Anazi	Saudi Arabia
237167	R. Miura	Japan
239727	R. Díaz	Mexico
235632	R. Goteni	Congo
237168	M. Matsumoto	Japan
238705	V. Piechocki	France
239730	M. Karwot	Germany
238196	A. Sigurðsson	Iceland
205685	L. Pompilio	Italy
241015	D. Borsellini	Italy
231032	Erik Sarmiento	Spain
237176	R. Schofield	England
239480	S. Härtel	Germany
240760	M. Alluci	Italy
239481	V. Michl	Germany
228476	L. Higham	England
234365	K. Krygård	Norway
230014	E. Iandolo	England
240768	H. Gilmour	England
231553	F. Musonda	England
234114	K. Yao	England
240770	F. Nardi	Italy
228483	Kim Yong Jin	Korea Republic
240006	T. Mannek	Germany
227975	H. Fossdal	Norway
240520	T. Lijour	France
229770	C. Ellis	Republic of Ireland
232587	G. Hayama	Japan
239243	K. Smoleń	Poland
236941	J. Hastie	Scotland
239501	J. Tartarotti	Austria
240525	M. Bildøy	Norway
239246	W. Nowak	Poland
240270	Lee Hyun Woo	Korea Republic
237969	S. Blaney	Republic of Ireland
240017	A. Skov Olsen	Denmark
211602	C. Burns	England
230807	H. Coulson	England
222872	C. Saunders	Wales
234393	M. Ramkilde	Denmark
238745	S. Shamohammad	Norway
231069	V. Nirennold	France
240285	T. Børkeeiet	Norway
239006	J. Isaksen	Norway
234143	M. Mangraviti	Italy
240799	D. Zappella	Italy
238496	H. Logan	England
240544	G. Morandi	Switzerland
240545	J. Ngongo	Angola
224418	S. Friðjónsson	Iceland
231330	R. Kakeeto	Uganda
239266	Wanderson	Brazil
238761	G. Foulon	France
239529	F. Onyeka	Nigeria
239279	L. Krakowczyk	Poland
237236	I. Ünal	Turkey
239540	E. Toal	Northern Ireland
231605	A. Al Qasir	Saudi Arabia
231606	A. Jakupović	Austria
238262	J. Antwi-Nyame	England
238774	Y. Horigome	Japan
236471	M. Kaasa	Norway
232632	S. Hirao	Japan
237752	T. Takagiwa	Japan
226235	D. Matsuzaka	Japan
234683	A. Zeqiri	Switzerland
240572	E. Simonsen	Denmark
235709	H. Al Jasim	Saudi Arabia
231358	S. Sødergren	Norway
241087	P. Bahanack	Cameroon
225986	D. Mottley-Henry	England
240322	H. Brockbank	England
239811	Lee Yun Oh	Korea Republic
240069	J. Anziani	France
216262	M. Urwin	England
236742	M. Doyle	Republic of Ireland
239046	H. Furuncu	France
240839	K. Arshanskiy	Russia
230602	M. Francois	France
229324	A. Baker	Wales
233932	C. O'Toole	Australia
238286	A. Jallow	Sweden
222931	J. Doherty	Northern Ireland
240596	K. McClean	Northern Ireland
241108	P. Teixeira	Switzerland
207829	L. Coddington	England
237269	J. McGuire	United States
235736	K. Sterling	England
239320	B. House	England
238043	A. Al Obud	Saudi Arabia
238299	A. McCarthy	Scotland
239579	M. Baidoo	Ghana
240091	G. Vicario	Italy
232668	L. Gordon	Scotland
240349	C. Shelis	Cyprus
223967	B. Babic	Switzerland
230111	P. Gannon	Republic of Ireland
240607	L. Williams	England
234208	L. Danquah	England
238816	C. Peters	England
234209	T. Blake	England
240355	K. Poprawa	Poland
232676	N. Hatta	Japan
240100	T. Augello	Italy
233189	D. Vásquez	Colombia
223974	J. Bayly	Republic of Ireland
234472	M. Bech Sorensen	Denmark
216298	M. Cancela	Mexico
221930	N. Sutter	Switzerland
236522	E. Brignola	Italy
239851	A. Sadrijaj	Switzerland
237036	R. Barnett	England
236527	S. Cáseres	Argentina
240111	Y. Nuxoll	Germany
225521	V. De Lucia	Italy
237553	A. Yiğiter	Turkey
227570	L. Steacy	Republic of Ireland
230900	J. Umerah	Nigeria
237300	N. Vidal	Colombia
233205	N. Kyei	England
238325	T. Hayles-Docherty	England
240117	M. Haile-Selassie	Switzerland
239606	L. Scherff	Germany
240121	R. Deakin	Wales
236794	J. Dakir	Denmark
240124	J. Jaimes	Colombia
239101	T. Brinkmann	Germany
238334	D. Higgins	Scotland
240383	O. Edlund	Sweden
240386	G. Nyberg	Sweden
239883	M. Penfold	England
234508	C. Singh	India
240396	K. Ramè	France
240141	W. Hajda	Poland
223760	A. Singh	India
232212	J. Penrice	Scotland
230678	J. Boyle	England
234264	Jeong Seung Won	Korea Republic
226585	R. Dingwall	Scotland
238874	S. Schmidt	Germany
220187	M. Jay	England
190236	A. Tajbakhsh	England
235551	I. Al Shuayl	Saudi Arabia
231457	D. Baur	Scotland
225315	D. Docherty	Scotland
237347	A. Abdallah	France
238374	F. Barragán	Colombia
237864	S. Grogan	Republic of Ireland
225321	A. Byrne	England
239147	O. Snorre	Denmark
230700	G. Newell	England
227630	C. Kirk	England
226352	J. Sowerby	England
237360	K. Kambusi	Sweden
241201	P. Waring	Australia
233267	M. Turner	United States
233526	S. Passi	India
240438	L. Cattaneo	Italy
219959	K. Al Hamdhi	Saudi Arabia
236599	S. Shashoua	England
240695	L. Barr	Australia
239162	A. Fioretos	Greece
238907	H. Abdulmajeed	Saudi Arabia
239175	J. Eskesen	Denmark
229960	C. Melody	Republic of Ireland
232520	D. Jaiyesimi	England
234057	H. Al Khulaif	Saudi Arabia
240202	K. Ekman	Sweden
231499	H. Kristiansen	Norway
223308	M. Yıldız	Turkey
233804	T. Bakinson	England
238157	M. Roerslev	Denmark
236369	C. Zesiger	Switzerland
239697	S. Gessl	Austria
229720	W. Fonguck	England
238681	B. Schipmann	Germany
238170	C. Theoharous	Australia
240218	A. Weidinger	Germany
238939	J. Püschel	Germany
240987	M. Cooper	England
239196	T. Möller	Germany
237917	A. Suzuki	Japan
237406	A. Gilardi	Italy
232031	C. Sparrow	United States
235618	K. Wilson	England
236645	C. Ubaezuonu	Republic of Ireland
233832	T. Garratt	England
237930	S. Hausner	Denmark
240238	S. Blake	England
187759	C. Mulhall	Republic of Ireland
232816	A. Rivero	Argentina
237936	A. Dønnum	Norway
220019	M. Harness	England
239476	S. Ingolitsch	Austria
219509	A. Smith	Republic of Ireland
232565	G. Kawanami	Japan
239733	S. Arčon	Slovenia
233078	P. Sabbag	Colombia
240502	O. Ozdemir	France
235127	J. Freitag	Poland
237431	I. Homma	Japan
238455	V. Vesiaho	Finland
237434	G. Harada	Japan
237952	C. Farren	Northern Ireland
238465	C. Camwell	England
238723	J. Moran	England
240003	D. Karimani	Kosovo
235140	J. Buus	Denmark
235908	A. Al Shammari	Saudi Arabia
238725	K. Tshiembe	Denmark
235910	M. Al Mutairi	Saudi Arabia
236936	M. Augustin	Austria
240521	A. Al Haidari	Saudi Arabia
239242	M. Gałecki	Poland
234894	E. Bohinen	Norway
229008	A. Wilk	Poland
229264	R. Hale	Northern Ireland
231057	S. Brotherton	New Zealand
234130	N. Bellikli	Turkey
224659	R. Robitsch	Austria
236436	A. Bukva	Sweden
235669	A. Comrie	Scotland
237205	A. Maynard-Brewer	Australia
238229	A. Howes	England
237975	B. Cotter	Republic of Ireland
239767	A. Kappenberger	Denmark
231832	D. Thürkauf	Switzerland
239004	D. Mehmedovic	Austria
240288	J. Muñoz	Mexico
233377	C. Maycock	England
234658	O. Hedvall	Denmark
236707	M. Baze	Sweden
240291	K. Humeler	Argentina
235428	F. Fischerauer	Austria
239781	T. Arndal	Denmark
240806	E. Henderson	Scotland
233383	P. Kalambayi	England
234156	N. Jørgensen	Denmark
236717	E. Sandberg	Norway
193965	T. Omenås	Norway
232880	K. Kubota	Japan
237744	R. Kawai	Japan
236468	A. Aktas	France
237748	K. Ishii	Japan
239796	M. Andersen	Denmark
232629	N. Senoo	Japan
240565	G. Meli	Italy
236214	J. Havlena	Czech Republic
240566	J. Bedford	England
240822	S. Martin	Scotland
237751	Y. Nishibe	Japan
227770	M. Boney	England
239803	M. Tokich	Australia
235710	A. Al Yousif	Saudi Arabia
228543	Y. Al Sayyah	Saudi Arabia
231616	E. Jakobsen	Denmark
241088	B. Chevreuil	Haiti
236994	J. Hernandez	Mexico
240066	D. Dumont	France
212165	S. Ohlsson	Sweden
233925	H. Phillips	England
240326	C. Lonsdale	England
227529	M. Hudson	England
240330	H. Hawsawi	Saudi Arabia
233931	K. Rowles	Australia
233421	J. Barrigan	England
239821	L. Matarese	Italy
229583	F. Hornung	Switzerland
236239	A. Whiteman	England
219344	A. Al Basisi	Saudi Arabia
235728	W. O'Hora	Republic of Ireland
231121	V. Støvland	Norway
235986	A. Al Eid	Saudi Arabia
239829	P. Schmieder	Germany
240086	M. Lema	Austria
227287	J. Lindsay	Scotland
236504	D. Agamez	Colombia
230106	N. Cotton	England
237019	L. Haren	Denmark
237020	M. Al Zubaidi	Saudi Arabia
238044	S. Al Khayri	Saudi Arabia
149727	P. Jennings	England
234207	J. Kitolano	Norway
238303	K. Velde	Norway
240353	Y. Bedoya	Colombia
240354	D. Petermann	Italy
238051	R. Vinderslev	Denmark
240103	S. Gönitzer	Switzerland
240104	T. Staubli	Switzerland
223982	R. Watson	England
239086	D. Thøgersen	Denmark
236783	K. Lunding	Denmark
215538	P. Born	Denmark
238834	A. Livingstone	Scotland
235508	N. Gribenco	Denmark
236788	M. Gillam	England
240884	A. André Jr	France
241141	D. Carpenter	Republic of Ireland
240632	A. Burke-Gilroy	Australia
240633	J. Champness	Australia
240634	P. Maronilli	Italy
231163	Hugo	Spain
233727	C. McLennan	Scotland
234242	C. O'Keeffe	Republic of Ireland
228104	M. O'Connor	Republic of Ireland
238088	Kim Hyun Tae	Korea Republic
232715	S. Tsuji	Japan
228108	K. Brouder	Republic of Ireland
237840	M. Andersen	Denmark
239129	J. Gesien	Germany
239898	N. Schmid	Austria
232476	K. Shiihashi	Japan
239133	J. Dorangeon	France
239903	T. Kraulich	Germany
237344	J. Hollywood	Republic of Ireland
231460	R. Oliveira Alves	Switzerland
235815	S. Sidler	Switzerland
235816	H. Pickering	England
235572	R. Sykes	England
240693	M. Agboola	England
237110	D. Dykes	Scotland
238390	A. Georgiou	Cyprus
236343	B. Hedley	England
221498	H. Al Mansour	Saudi Arabia
239163	M. Hegaard	Denmark
240189	E. Di Santantonio	France
240446	C. Tilt	England
235584	K. Weber	Denmark
237889	J. Keaney	Republic of Ireland
236867	L. Dias	France
228676	J. Dyche	England
234066	J. Hove	Norway
239699	J. Knoll	Germany
239955	J. Husebø	Norway
233815	D. Noone	Republic of Ireland
239960	T. Sørås	Norway
227929	R. Wintle	England
234073	R. Cunningham	Scotland
235611	K. Gunnarshaug	Norway
220515	D. Evangelista	Italy
240995	T. Saloni	Italy
211812	K. Schulz	Germany
236653	J. Bird	England
230000	W. Jääskeläinen	Finland
239217	E. McCormack	Republic of Ireland
237427	R. Yamada	Japan
238197	S. Bone	England
239989	T. Vancooten	England
240757	A. Viscovo	Italy
238457	H. Ölander	Finland
239993	A. Romero	Mexico
238458	E. Vertainen	Finland
237435	R. Meshino	Japan
234111	D. Turnbull	Scotland
239487	T. Schels	Germany
235648	J. Thomas	England
239745	M. Ruschmeier	Germany
239748	F. Blažek	Slovakia
240004	S. Šarić	Bosnia Herzegovina
235909	H. Sharahili	Saudi Arabia
234375	P. Doyle	Republic of Ireland
235912	K. Al Mozaibri	Saudi Arabia
240008	A. Papadopoulos	Germany
229771	C. McCarthy	Republic of Ireland
238478	T. Harigaya	Japan
236431	E. Alarcón	Argentina
238991	S. Yawson	England
239503	J. Morris	England
230809	C. Johnson	England
222108	A. Gilchrist	Scotland
238236	O. Brynhildsen	Norway
233629	S. Want	Scotland
240541	M. Asllani	Switzerland
236446	J. Pryts Larsen	Denmark
240798	D. Buglio	Italy
224927	T. Smith	England
240287	H. González	Mexico
223905	P. Ng	England
228002	T. Hunter	United States
235426	G. Chande	Switzerland
236706	P. Almqvist	Sweden
234659	J. Gertsen	Denmark
238755	M. Warming	Denmark
240808	F. Murray	Scotland
240298	E. Hodge	England
239019	J. Delianov	Australia
234412	A. Nadesan	England
235180	B. Gęsior	Poland
240558	L. Clayton	England
236976	A. Muhamedbegovic	Austria
238517	A. Johansen	Norway
239029	S. O'Mahony	Republic of Ireland
240567	T. Widdrington	England
233912	E. Damgaard	Denmark
239293	F. Roepstorff	Denmark
232126	D. Craddock	Republic of Ireland
210367	J. Tillson	England
237759	S. Mitsuzaki	Japan
235712	H. Al Radhi	Saudi Arabia
237504	T. McDermott	Republic of Ireland
236737	J. Iaciofano	England
238532	D. Smith	England
222919	R. Diaz	United States
240331	P. Camará	Guinea Bissau
233420	J. Gregory	England
238800	J. Hamilton	Republic of Ireland
239569	M. Weiß	Germany
241105	D. Berci	Romania
239827	N. Kern	Germany
239828	L. Petri	Germany
239831	C. Sangster	England
240343	L. Fiordilino	Italy
235992	M. Carter	England
241114	O. Drost	Denmark
240348	D. Łuczak	Poland
240862	K. Nasurov	Russia
237791	D. Akiyama	Japan
237280	T. De Villardi	France
240098	N. Gómez	Colombia
232931	J. Higashi	Japan
237284	S. Gordon	Northern Ireland
238309	T. Damsgaard	Denmark
240101	E. Palacios	Colombia
232936	K. Tokushige	Japan
240879	F. Cuevas	Colombia
232176	A. Fägerhag	Sweden
238583	J. Sims	England
238584	D. Williams	England
232185	C. Brittain	England
235769	O. Dale	England
239098	L. Fesser	Germany
235771	T. Lowery	England
236539	E. Torres	Colombia
225790	M. Proietti	Italy
237056	M. Termanini	Sweden
236289	O. Byrne	England
237058	T. Jacobsen	Faroe Islands
240648	C. Metcalfe	Australia
233481	E. Ross	England
228369	J. Walton	England
229393	S. Hornby	England
240150	T. Totland	Norway
240668	J. Egan	England
240157	M. Zettl	Germany
237606	D. Dillon	Republic of Ireland
239142	Ángel	Spain
240424	Z. Al Haniti	Saudi Arabia
227881	S. McWilliams	England
239916	F. Wiedl	Austria
235822	M. Holm	Denmark
240686	M. Iversen	Denmark
238128	Park Hyeong Min	Korea Republic
241204	A. Kawazura	Japan
239925	S. Klaas	Germany
241206	D. Maekawa	Japan
237881	D. Sweeney	Republic of Ireland
238908	F. Al Johani	Saudi Arabia
241213	T. Uchida	Japan
235583	Y. Guerchadi	Switzerland
239168	A. Junge	Denmark
239426	N. Krucker	Switzerland
240194	K. Kurek	Poland
237891	G. Doherty	Republic of Ireland
240708	T. Knowles	England
239430	N. Blasucci	Switzerland
237643	A. Mora	Colombia
240203	B. Tannus	Sweden
240715	G. Lloyd	England
235601	E. Solnørdal	Norway
240723	L. Llewelyn	England
238932	G. Arndal-Lauritzen	Denmark
239188	J. Tierney	Republic of Ireland
240214	D. Adamov	Russia
235865	G. Fasolo	Italy
238169	C. McGilp	Australia
232798	A. Kurokawa	Japan
237926	J. Mahon	Republic of Ireland
237927	E. McGinty	Republic of Ireland
239983	V. Nambishi	Zambia
234096	B. Hvidt	Denmark
232050	S. Al Amrani	Saudi Arabia
235636	M. Madsen	Denmark
236406	M. Hamrol	Germany
237175	L. Freestone	England
241018	F. Nørgaard	Denmark
238211	S. Nolan	Republic of Ireland
238726	G. Marcussen	Denmark
229767	S. Kogut	Poland
234121	O. Al Suhaymi	Saudi Arabia
237705	D. Pierias	Australia
240266	M. Zamora	Mexico
235660	J. Johansson	Denmark
234896	B. Bytyqi	Albania
235664	M. McKee	Northern Ireland
236945	J. Holt	England
240537	L. Wackerle	Austria
239514	C. Roberts	England
233627	K. Waddell	Scotland
240540	D. Berchtold	Switzerland
236702	R. Ogle	Australia
240286	J. García	Mexico
236705	E. Dahlqvist	Sweden
238753	C. Enemark	Denmark
238502	L. Reilly	England
240040	C. Holse	Denmark
240556	J. McMenemy	England
239278	J. Svedberg	Sweden
234672	O. Kjærgaard	Denmark
241072	M. Stingl	Germany
239281	A. Berisha	Sweden
238002	K. McDermott	Northern Ireland
239282	A. Arvidsson	Sweden
232631	S. Yomesaka	Japan
239800	S. Sessegnon	England
240313	A. Rose	Jamaica
239292	I. Esen	Denmark
228799	M. Mejlstrup Pedersen	Denmark
234687	A. Kabacalman	Switzerland
236743	E. Dempsey	Republic of Ireland
235464	J. Storey	England
239816	N. Mantl	Germany
240840	A. Kuchin	Russia
232396	C. Tanor	Ghana
237005	K. Baccus	Australia
235726	J. Aherne	Republic of Ireland
236753	A. Bruseth	Norway
240339	J. Granlund	Norway
238548	R. Woodcock	Scotland
239832	F. Jazvić	Croatia
235993	R. Fielding	England
239835	V. Ekani	Cameroon
233951	K. Dalton	Republic of Ireland
236514	D. Jamieson	Scotland
238307	D. Sharkey	Republic of Ireland
232932	S. Yamaguchi	Japan
228581	B. Kelly	Republic of Ireland
234471	M. Bobjerg	Denmark
239850	T. Anderson	England
234988	M. Al Saeed	Saudi Arabia
229613	G. Olley	England
241134	J. Giraldo	Colombia
236784	E. Mason-Clark	England
240113	L. Demaj	Germany
223989	N. Husin	Afghanistan
237045	R. Pasquel	Mexico
235766	J. Gray	Republic of Ireland
240118	I. Aliu	Switzerland
236793	N. Dohn	Denmark
240635	M. Moric	Australia
228107	S. McSweeney	Republic of Ireland
236818	A. Read	England
238894	L. Slater	Republic of Ireland
239408	M. Walsh	Republic of Ireland
238389	B. Wilmot	England
240698	C. Peters	England
233275	G. Kinneen	Republic of Ireland
238652	L. Tigges	Germany
241218	Lipe Veloso	Brazil
240197	S. Więckowicz	Poland
231751	M. Bacon	England
240975	C. Veloz	Argentina
221781	G. Malki	United States
240219	D. King	Northern Ireland
236380	M. Hannon	Republic of Ireland
238954	T. Krahnert	Germany
234604	N. Maher	England
236909	L. Jordan	England
237166	G. Sakai	Japan
239736	T. Trueba	Mexico
241021	A. Ordóñez	Colombia
237188	N. Bishop	England
239240	H. Maślanka	Poland
240531	M. Al Baqawi	Saudi Arabia
240790	A. Giacomel	Italy
237976	C. O'Connell	Republic of Ireland
236953	A. Hofer	Austria
239260	K. Tomasik	Poland
233118	V. Paillon	France
231583	T. McCarron	Republic of Ireland
234911	O. Dzonlagic	Switzerland
231590	L. Butroid	England
237741	S. Uehara	Japan
237743	H. Mae	Japan
233398	W. Henry	England
235704	S. Todd	Republic of Ireland
239566	J. Schau	Germany
236495	A. Bolger	Republic of Ireland
232924	H. Tanaka	Japan
237535	T. Matsumoto	Japan
231651	V. Fazliu	Switzerland
233699	E. Murphy	Republic of Ireland
225510	D. Mackay	Scotland
240102	J. Cuero	Colombia
236776	C. Salkeld	England
240112	C. Gnerlich	Germany
230642	M. Nugent	Republic of Ireland
238836	D. Jardine	Scotland
235770	H. Pickering	England
229130	K. Horgan	Republic of Ireland
240144	C. Nugent	Republic of Ireland
237330	T. Donaldson	England
239933	V. Soromytko	Russia
240455	B. Sass-Davies	Wales
239178	L. Walsh	Republic of Ireland
235862	A. Corasaniti	Italy
232285	J. Doona	Republic of Ireland
232840	E. Hudson	England
240785	M. Cerofolini	Italy
227224	M. Foy	England
233646	A. Dillon	Republic of Ireland
237746	Y. Uchimura	Japan
238799	E. Hughes	Northern Ireland
238550	R. Roache	Republic of Ireland
233432	M. McElhinney	Republic of Ireland
235994	D. Amos	England
221669	M. Hurst	Scotland
239079	A. Osmanoski	FYR Macedonia
238833	K. Cotter	England
225778	T. Robinson	England
231928	R. Hughes	Scotland
240381	Z. Mohammed	England
236807	D. Peppard	Republic of Ireland
237859	C. Rogers	Republic of Ireland
225319	N. McLaughlin	Scotland
236597	L. Kiely	Republic of Ireland
233047	J. Latibeaudiere	England
236425	J. Payne	England
238217	G. Manley	Republic of Ireland
238985	P. Phillips	Republic of Ireland
238219	A. Byrne	Republic of Ireland
238477	K. Fujikawa	Japan
231824	K. Egan	England
237974	T. Brownsword	England
236954	F. Prohart	Austria
231107	A. Kilgour	England
240325	R. White	England
238306	A. Conway	Republic of Ireland
240403	T. Sawyer	England
240404	J. Keeble	England
235352	T. Käßemodel	Germany
237463	A. Kelsey	England
11728	B. Richardson	England
231381	J. Young	Scotland
238813	J. Lundstram	England
238308	L. Sackey	Ghana
